-- phpMyAdmin SQL Dump
-- version 5.0.4
-- https://www.phpmyadmin.net/
--
-- Host: 127.0.0.1
-- Generation Time: Dec 18, 2020 at 02:35 PM
-- Server version: 10.4.17-MariaDB
-- PHP Version: 8.0.0

SET SQL_MODE = "NO_AUTO_VALUE_ON_ZERO";
START TRANSACTION;
SET time_zone = "+00:00";


/*!40101 SET @OLD_CHARACTER_SET_CLIENT=@@CHARACTER_SET_CLIENT */;
/*!40101 SET @OLD_CHARACTER_SET_RESULTS=@@CHARACTER_SET_RESULTS */;
/*!40101 SET @OLD_COLLATION_CONNECTION=@@COLLATION_CONNECTION */;
/*!40101 SET NAMES utf8mb4 */;

--
-- Database: `steva`
--

-- --------------------------------------------------------

--
-- Table structure for table `household`
--

CREATE TABLE `household` (
  `household_id` int(11) NOT NULL,
  `mahalle_id` int(11) NOT NULL,
  `hane_nu` int(11) NOT NULL,
  `forename` varchar(50) NOT NULL,
  `father_name` varchar(50) NOT NULL
) ENGINE=InnoDB DEFAULT CHARSET=latin1;

--
-- Dumping data for table `household`
--

INSERT INTO `household` (`household_id`, `mahalle_id`, `hane_nu`, `forename`, `father_name`) VALUES
(1, 2, 1, 'Ahmed ve Huseyyin ve Ali', 'Abdurrahman Aga'),
(2, 2, 2, 'Ahmed', 'Osman'),
(3, 2, 3, 'Emin', 'Ibrahim'),
(4, 2, 4, 'Hafiz .... Efendi', 'Suleyman'),
(5, 2, 5, 'Ahmed', 'Hasan'),
(6, 2, 6, 'Haci Mustafa', 'Haci Ahmed'),
(7, 2, 7, 'Mustafa', 'Ahmed'),
(8, 2, 8, 'serif Mustafa', 'Ismail'),
(9, 2, 9, 'omer', 'Mustafa'),
(10, 2, 10, 'Memis', 'Ali'),
(11, 2, 11, 'Ali Bey', 'Abdulkerim Bey'),
(12, 2, 12, 'Huseyyin', 'Mehmed'),
(13, 2, 13, 'Haci Mehmed', 'Hafiz Ahmed'),
(14, 2, 14, 'Numan', 'Suleyman'),
(15, 2, 15, 'Ali, Abdurahman ve Hasan', 'Ibrahim'),
(16, 2, 16, 'Osman', 'Abdurahman'),
(17, 2, 17, 'Salih', 'Ahmed'),
(18, 2, 18, 'Hafiz Yusuf', 'Haci Mehmed Efendi'),
(19, 2, 19, 'Ali', 'Abdullah'),
(20, 2, 20, 'Abdulcelil', 'Huseyin'),
(21, 2, 21, 'Ali', 'Huseyin'),
(22, 2, 22, 'Ali', 'Mustafa'),
(23, 2, 23, 'Osman', 'Suleyman'),
(24, 2, 24, 'Rasid', 'Ahmed'),
(25, 2, 25, 'Haydar', 'Sadis'),
(26, 2, 26, 'Ali', 'Abdullah'),
(27, 2, 27, 'Emin', 'Abdullah'),
(28, 2, 28, 'Abdurahman', 'Emin'),
(29, 2, 29, 'Mustafa', 'Zeynel'),
(30, 2, 30, 'Ahmed', 'Ibrahim'),
(31, 2, 31, 'Mehmed', 'Haci Ahmed'),
(32, 2, 32, 'Ahmed', 'Abdullah'),
(33, 2, 33, 'Mehmed', 'Mustafa'),
(34, 2, 34, 'serif', 'Memis'),
(35, 2, 35, 'Salih', 'Sadik'),
(36, 2, 36, 'Hasan', 'Abdullah'),
(37, 2, 37, 'Abu Bekir', 'Islam'),
(38, 2, 38, 'Haci Osman', 'Abdulhalim'),
(39, 2, 39, 'Hasan', 'Ahmed'),
(40, 2, 40, 'Mahmud', 'Ahmed'),
(41, 2, 41, 'Haci Ahmed', 'Ahmed'),
(42, 2, 42, 'Ayse Hatun', '.'),
(43, 2, 43, 'Ali', 'Mustafa'),
(44, 2, 44, 'Abdulhalim', 'Ahmed'),
(45, 2, 45, 'Salim', 'Ali'),
(46, 2, 46, 'Mustafa', 'Abdullatif'),
(47, 2, 63, 'Mehmed Efendi', '...'),
(48, 2, 64, 'Osman', 'Murad'),
(49, 2, 65, 'Mehmed', 'Murad'),
(50, 2, 66, 'L...', 'Abdullah'),
(51, 2, 67, 'Mustafa', 'Salih'),
(52, 2, 68, 'L...', 'Yusuf'),
(53, 2, 69, 'Ahmed', 'Salih'),
(54, 2, 70, 'Mehmed', 'Mehmed'),
(55, 2, 71, 'Halil', 'Abdullah'),
(56, 2, 72, 'Hasan', 'Ali'),
(57, 2, 73, 'Hasan Pasa.', 'Suleyman'),
(58, 2, 74, 'Yasar', '...'),
(59, 2, 75, 'Yusuf', 'Ali'),
(60, 2, 76, 'Hacu Suleyman', 'Mehmed'),
(61, 2, 77, 'Osman', 'Abu Bekir'),
(62, 2, 78, 'Ali', 'Abdullah'),
(63, 2, 79, 'Salih', 'Ali'),
(64, 2, 80, 'omer', 'Ali'),
(65, 2, 81, 'Sadik', 'Abdullah'),
(66, 2, 82, 'omer', 'Ali'),
(67, 2, 83, 'Suleyman', 'Abu Bekir'),
(68, 2, 84, 'Abdurrahman', 'Ali'),
(69, 2, 85, 'Emin Suleyman Efendi', 'Osman'),
(70, 2, 86, 'Emrullah', 'Ali'),
(71, 2, 87, 'Hasan', 'Abdurrahman'),
(72, 2, 88, 'Ali', 'Hasan'),
(73, 2, 89, 'Mehmed', 'Ali'),
(74, 2, 90, 'Mehmed', 'Haydar'),
(75, 2, 91, 'Salim', 'omer'),
(76, 2, 92, 'Mehmed', 'Ibrahim'),
(77, 2, 93, 'Yasar', 'Huseyyin'),
(78, 2, 94, 'Osman', 'Emin'),
(79, 2, 95, 'Hasan', 'Huseyin'),
(80, 2, 96, 'Merhum Hazinedar oglu Ahmed Agazade Hasan', '.'),
(81, 2, 97, 'Mustafa', 'Huseyin'),
(82, 2, 98, 'Murtezi', 'Mehmed'),
(83, 2, 99, 'Huseyin', '...'),
(84, 2, 100, 'Halil', 'Osman'),
(85, 2, 101, 'Hasan', 'Tahir'),
(86, 2, 102, 'Abdurrahman', 'Murtezi'),
(87, 2, 103, 'Halil', '...'),
(88, 2, 104, 'Rasid', 'Ibrahim'),
(89, 2, 105, 'Mustafa', 'Abdullah'),
(90, 2, 106, 'Besir ', 'Ahmed *'),
(91, 2, 107, 'Halil ', 'Abdullah'),
(92, 2, 108, 'Haci Suleyman ', 'Haci Ahmed'),
(93, 2, 109, 'Ahmed ', '...'),
(94, 2, 110, 'Ahmed ', 'Abdullah'),
(95, 2, 111, 'L... ', 'Suleyman'),
(96, 2, 112, 'Basar ', 'Suleyman'),
(97, 2, 113, 'Yusuf ', 'Abu Bekir'),
(98, 2, 114, 'Huseyin Mulazim ', 'Mehmed'),
(99, 2, 115, 'Mehmed ', 'Ali'),
(100, 2, 116, 'L...', 'Suleyman'),
(101, 2, 117, 'Abdi ', 'Basar'),
(102, 3, 0, 'Mir-i Miran Mahmud Pasa', 'Hafiz Pasa'),
(103, 3, 1, 'Hafiz Ahmed Efendi', 'Mehmed'),
(104, 3, 2, 'Yusuf', 'Mehmed'),
(105, 3, 3, 'Molla Said', 'Hasan'),
(106, 3, 4, 'Haci Ahmed Bey', 'Haci Memis'),
(107, 3, 5, 'omer ve biraderi Mustafa', 'Mehmed '),
(108, 3, 6, 'Haci Mustafa', 'Osman'),
(109, 3, 7, 'Haci Ali', 'Haci Memis'),
(110, 3, 8, 'Hasan', 'Ali'),
(111, 3, 9, 'B...', 'Abdullah'),
(112, 3, 10, 'Haci Mustafa', 'Abdurrahman'),
(113, 3, 11, 'Hasan', 'Mehmed'),
(114, 3, 12, 'Mahmud Bey ve biraderi Huseyin Bey', 'Bekir Bey '),
(115, 3, 13, 'Haci Ali', 'Mehmed'),
(116, 3, 14, 'Mustafa', 'Osman'),
(117, 3, 15, 'Hasim', 'Bilal'),
(118, 3, 16, 'Merhum Zimma Bey Halilesi serife Hatun', '.'),
(119, 3, 17, 'Mustafa', '...'),
(120, 3, 18, 'Ismail', 'Hasan'),
(121, 3, 19, 'Mehmed Efendi', 'Numan'),
(122, 3, 20, 'Abdurrahman Efendi', 'Muftu Ali Efendi'),
(123, 3, 21, 'Mahmud', 'Abdullah'),
(124, 3, 22, 'sakir', 'Abdullah'),
(125, 3, 23, 'Bilal', 'Abdullah'),
(126, 3, 24, 'Osman', 'Ibrahim'),
(127, 3, 25, 'Haci Ismail Bey', 'Haci Munavvir Efendi'),
(128, 3, 26, 'Ahmed', 'Haci Ahmed'),
(129, 3, 27, 'serif ..... Hatun', '.'),
(130, 3, 28, 'Huseyin', 'Mustafa'),
(131, 3, 29, 'Abu Bekir', 'Abdullah'),
(132, 3, 30, 'Ali', 'Mehmed'),
(133, 3, 31, 'Ibrahim', 'Suleyman'),
(134, 3, 32, 'Emin', 'Mustafa'),
(135, 3, 33, 'Hafiz Hasan Efendi', 'Mustafa'),
(136, 3, 34, 'Ismail', '...'),
(137, 3, 35, 'Ismail', 'Yahya'),
(138, 3, 36, 'Merhum omer Zevcesi', '.'),
(139, 3, 37, 'Ali', 'Haci Salih'),
(140, 3, 38, 'sakir Efendi', 'Emin'),
(141, 3, 39, 'Mahmud', 'Abdullah'),
(142, 3, 40, 'Ali', 'Mehmed Porcu.'),
(143, 3, 41, 'Abdullah', 'Abdullah'),
(144, 3, 42, 'Mustafa', 'Hasan'),
(145, 3, 43, 'Haci Seydi', 'Mehmed'),
(146, 3, 44, 'Nezir', 'Islam'),
(147, 3, 45, 'Arslan Dobrina', 'Isa'),
(148, 3, 46, 'Ismail', 'Osman'),
(149, 3, 47, 'Suleyman', 'Ali'),
(150, 3, 48, 'Hafiz Mustafa', 'Mehmed'),
(151, 3, 49, 'Ali', 'Ali'),
(152, 3, 50, 'Ahmed', 'Abdullah'),
(153, 3, 51, 'xxx', 'Abdullatif'),
(154, 3, 52, 'Ismail', 'Haci Muhtar'),
(155, 3, 53, 'Sadik', 'Abdulhatah...'),
(156, 3, 54, 'Mustafa', 'Huseyin'),
(157, 3, 55, 'serif Ahmed', 'Salih'),
(158, 3, 56, 'Haci Osman', 'Salih'),
(159, 3, 57, 'Haci Salih', 'Muhtar'),
(160, 3, 58, 'Mehmed', 'Ismail'),
(161, 3, 59, 'Hasan', 'Haci omer'),
(162, 3, 60, 'Ali', 'Ibrahim Bey'),
(163, 3, 61, 'Mehmed', 'Ismail'),
(164, 3, 62, 'Mahmuda', 'Haci Hasan'),
(165, 3, 63, 'Mehmed Aga Kerimesi ... Hatun', '.'),
(166, 3, 64, 'Haci Osman', 'Haci Memis'),
(167, 3, 65, 'Hasan Husni Efendi', 'Mustafa'),
(168, 3, 66, 'Osman', 'Mehmed'),
(169, 3, 67, 'Sadik', 'Mehmed'),
(170, 3, 68, 'Jabota Osman', 'Zoko'),
(171, 3, 69, 'Hafiz Hasan', 'Abdi'),
(172, 3, 70, 'Haci Suleyman', 'Mustafa'),
(173, 3, 71, 'Abdurrahman', 'Mehmed'),
(174, 3, 72, 'omer', 'Receb'),
(175, 3, 73, 'XXX', 'Mehmed'),
(176, 3, 74, 'Dervis', 'Abdi'),
(177, 3, 75, 'Ferhad', 'Mustafa'),
(178, 3, 76, 'Mehmed', 'Ismail'),
(179, 3, 77, 'Hafiz Yahya Efendi', 'Ali'),
(180, 3, 78, 'Hasan', 'Ali'),
(181, 3, 79, 'omer', 'Ali'),
(182, 3, 80, 'Mustafa', 'Ali'),
(183, 1, 1, 'Hafiz Ahmed', 'Mehmed Emin'),
(184, 1, 2, 'XXX', 'Yakub'),
(185, 1, 3, 'Halil', 'Ahmed'),
(186, 1, 4, 'Haci Ferhad', 'Abdah'),
(187, 1, 5, 'Haci Hasan', 'Suleyman'),
(188, 1, 6, 'Huseyyin', 'Emin'),
(189, 1, 7, 'Vehhabi', 'Mustafa'),
(190, 1, 8, 'Huseyyin', 'Islam'),
(191, 1, 9, 'Osman', 'Abdah'),
(192, 1, 10, 'Mehmed', 'Salih'),
(193, 1, 11, 'Mahmud', 'Mehmed'),
(194, 1, 12, 'Mehmed', 'Abdah'),
(195, 1, 13, 'Bahram', 'Numan'),
(196, 1, 14, 'Hasan', 'Ismail'),
(197, 1, 15, 'Ahmed', 'Mustafa'),
(198, 1, 16, 'Salih', 'Ahmed'),
(199, 1, 17, 'Mehmed', 'Abdah'),
(200, 1, 18, 'Haci Huseyyin', 'Mustafa'),
(201, 1, 19, 'seyh Ibrahim', 'Nuruddin'),
(202, 1, 20, 'Ali', 'omer'),
(203, 1, 21, 'Huseyyin Efendi', 'Ibrahim'),
(204, 1, 22, 'Abdi', 'Mustafa'),
(205, 1, 23, 'Salih', 'Ibrahim'),
(206, 1, 24, 'Mehmed', 'Osman'),
(207, 1, 25, 'Yusuf', 'Ahmed'),
(208, 1, 26, 'Ibrahim', 'Mustafa'),
(209, 1, 28, 'Ahmed', 'Hasan '),
(210, 1, 29, 'Mehmed', 'Hasan'),
(211, 1, 30, 'Ali', 'Ibrahim'),
(212, 1, 31, 'Suleyman', 'Ahmed'),
(213, 1, 33, 'Ibrahim', 'Halil '),
(214, 1, 34, 'Emin', 'Abdah'),
(215, 1, 35, '... Huseyyin', 'omer'),
(216, 1, 36, 'Nuruddin', 'Arif'),
(217, 1, 37, 'Ali', 'Ahmed'),
(218, 1, 38, 'Huseyyin', 'Halil'),
(219, 1, 39, 'Mehmed', 'Huseyyin ..'),
(220, 1, 40, 'omer', 'Ali'),
(221, 1, 41, 'Memis', 'Ahmed'),
(222, 1, 42, 'Hasan', 'Ibrahim'),
(223, 1, 43, 'Salih', 'Osman'),
(224, 1, 44, 'Emin', 'Abdah'),
(225, 1, 45, 'Ali', 'Yakub'),
(226, 1, 46, 'Salih', 'Memis'),
(227, 1, 47, 'Mehmed', 'Abdah'),
(228, 1, 48, 'Mustafa', 'Hasan'),
(229, 1, 49, 'Suleyman', 'Osman'),
(230, 1, 50, 'Ahmed', 'Mehmed'),
(231, 1, 51, 'Selim', 'Abdah'),
(232, 1, 52, 'Mahmud', 'Ali'),
(233, 1, 53, 'Ibrahim', 'Numan'),
(234, 1, 54, 'Ahmed', 'Huseyyin '),
(235, 1, 55, 'Ahmed', 'Hasan'),
(236, 1, 56, 'Mazlum', 'Haydar .'),
(237, 1, 57, 'Hasan', 'Ahmed'),
(238, 1, 58, 'Huseyyin', 'Ibrahim'),
(239, 1, 59, 'Abdulkerim', 'Sadik'),
(240, 1, 60, 'Mehmed', 'Yusuf'),
(241, 1, 61, 'Mehmed', 'Abdah'),
(242, 1, 62, 'Ibrahim', 'Hasan'),
(243, 1, 63, 'Yusuf', 'Ali'),
(244, 1, 64, 'Salih', 'Hasan'),
(245, 1, 65, 'Haci Emin', 'omer'),
(246, 1, 66, 'Emin', 'Ali'),
(247, 1, 67, 'Ahmed', 'Feyzah'),
(248, 1, 68, 'Hasan', 'Ahmed'),
(249, 1, 69, 'Haci Huseyyin', 'Ibrahim'),
(250, 1, 70, 'Halid', 'omer'),
(251, 1, 71, 'Huseyyin', 'Abdah'),
(252, 1, 72, 'Yunus', 'Ibrahim'),
(253, 1, 73, 'Ibrahim', 'Beytullah'),
(254, 1, 74, 'Osman', 'Mehmed'),
(255, 1, 75, 'Mehmed', 'Ali'),
(256, 1, 76, 'Mehmed', 'Ismail'),
(257, 1, 77, 'omer', 'Ibrahim'),
(258, 1, 78, 'Bahram', 'Mehmed'),
(259, 1, 79, 'Hasan', 'Halil'),
(260, 1, 80, 'Murad', 'Mehmed'),
(261, 1, 81, 'Hafiz Haci Ali', 'Ismail'),
(262, 1, 82, 'Mustafa', 'Huseyyin'),
(263, 5, 1, 'Abdurrahman', 'Mustafa'),
(264, 5, 2, 'omer', 'serif'),
(265, 5, 3, 'Abdurrahman', 'XXX'),
(266, 5, 4, 'Suleyman', 'Ali'),
(267, 5, 5, 'Ibrahim', 'Zeynel'),
(268, 5, 6, 'XXX', 'Ibrahim'),
(269, 5, 7, 'Ismail Bey', 'Ibrahim'),
(270, 5, 8, 'Ahmed Bey', 'Suleyman Bey'),
(271, 5, 9, 'seyh Haci omer Efendi', '.'),
(272, 5, 10, 'Hasan', 'Ali'),
(273, 5, 11, 'Ismail', 'Abdullah'),
(274, 5, 12, 'Abide ve kardesi', 'Memis '),
(275, 5, 13, 'Salih', 'Hasan'),
(276, 5, 14, 'Emin', 'Abdullah'),
(277, 5, 15, 'Mustafa', 'Haci Suleyman'),
(278, 5, 16, 'Mustafa', 'Salih'),
(279, 5, 17, 'Haci ... zade kerimeleri', '.'),
(280, 5, 18, 'Islam', 'Zubeyyir'),
(281, 5, 19, 'Ali', 'Abdullah'),
(282, 5, 20, 'Suleyman Bey', 'Suleyman'),
(283, 5, 21, 'Mustafa', 'Abdi'),
(284, 5, 22, 'Hasan', 'sakir'),
(285, 5, 23, 'Selim', 'Ali'),
(286, 5, 24, 'Osman', 'Hasan'),
(287, 5, 25, 'Bekir Bey', 'Ahmed Bey'),
(288, 5, 26, 'Ismail', 'Mustafa'),
(289, 5, 27, 'Ali', 'Ahmed'),
(290, 5, 28, 'Ibragim', 'Haci Davud'),
(291, 5, 29, 'Ibrahim Bey', 'Ahmed Bey'),
(292, 5, 30, 'Hafiz Abdurrahman', 'Halil'),
(293, 5, 31, 'Ismail', 'Mustafa'),
(294, 5, 32, 'Halil', 'omer'),
(295, 5, 33, 'Mahmud', 'Haci Ahmed'),
(296, 5, 34, 'serif', 'Ibrahim'),
(297, 5, 35, 'Mustafa Bey', 'Haci Ali'),
(298, 5, 36, 'Mitre', 'Mehmed'),
(299, 5, 37, 'Ibrahim', 'Abdullah'),
(300, 5, 38, 'Huseyyin', 'Abdullah'),
(301, 5, 39, 'seyh Hafiz Efendi', 'Abdullah'),
(302, 5, 40, 'Yusuf Bey', 'Ismail Bey'),
(303, 5, 41, 'Ismail', 'Mustafa'),
(304, 5, 42, 'Dervis', 'Agos ...'),
(305, 5, 43, 'Mehmed', 'Mustafa'),
(306, 5, 44, 'Ali', 'Hasan'),
(307, 5, 45, 'Hasan', 'Zeynel'),
(308, 5, 46, 'Ali', 'Mehmed'),
(309, 5, 47, 'Merhum Mehmed Emin eytamlari', '.'),
(310, 5, 48, 'Basar', 'Adem'),
(311, 5, 49, 'Mehmed', 'Suleyman'),
(312, 5, 50, 'Hasan', 'Ahmed'),
(313, 5, 51, 'Salih', 'Mustafa'),
(314, 5, 52, 'Yusuf', 'Haci Salih'),
(315, 5, 53, 'Ahmed', 'omer'),
(316, 5, 54, 'Emin', 'Ibrahim'),
(317, 5, 55, 'Mehmed', 'Ibrahim'),
(318, 5, 56, 'Bekir', 'Halid'),
(319, 5, 57, 'Mehmed', 'Abdullah'),
(320, 5, 58, 'Fazli', 'Ismail'),
(321, 5, 59, 'Suleyman', 'Salih'),
(322, 5, 60, 'Muettin', 'Abdullah'),
(323, 5, 61, 'Haci Huseyyin', 'Musa ...'),
(324, 5, 62, 'Halil', 'Mehmed'),
(325, 5, 63, 'Huseyyin', 'saban'),
(326, 5, 64, 'Mehmed', 'Abdullah'),
(327, 5, 65, 'Ali', 'Salih'),
(328, 5, 66, 'omer', 'Halil'),
(329, 5, 67, 'XXX', 'Abidi'),
(330, 5, 68, 'Mehmed', 'Abdullah'),
(331, 5, 69, 'Ali', 'Faiz'),
(332, 5, 70, 'Haci Halid', 'Salih'),
(333, 5, 71, 'Ferhad', 'Lutf'),
(334, 5, 72, 'Basar', 'Fazli'),
(335, 5, 73, 'Hasan', 'Fazli'),
(336, 5, 74, 'Arif', 'Abdullah'),
(337, 5, 75, 'Ahmed', 'Mustafa'),
(338, 5, 76, 'Ahmed', 'omer'),
(339, 5, 77, 'Emin', 'Osman'),
(340, 5, 78, 'Islam', 'Mustafa'),
(341, 5, 79, 'Ismail', 'Ali'),
(342, 4, 1, 'Eyup', 'Yusuf'),
(343, 4, 2, 'Basar', 'Murad'),
(344, 4, 3, 'Mehmed', 'omer'),
(345, 4, 4, 'Halil', 'Salih'),
(346, 4, 5, 'Yakub', 'omer'),
(347, 4, 6, 'serif', 'Ahmed'),
(348, 4, 7, 'Suleyman', 'Ali'),
(349, 4, 8, 'Ahmed', 'Abdurrahman'),
(350, 4, 9, 'Ibrahim', 'Suleyman'),
(351, 4, 10, 'Abdulletif', 'Halil'),
(352, 4, 11, 'Mustafa', 'Osman'),
(353, 4, 12, 'Ismail', 'Abdurrahman'),
(354, 4, 13, 'Mehmed', 'Zekir'),
(355, 4, 14, 'Hasan', 'Mustafa'),
(356, 4, 15, 'Merhum Zeynel Sipahinin Zevcesi', '.'),
(357, 4, 16, 'serif', 'Huseyyin'),
(358, 4, 17, 'Ismail', 'Dervis'),
(359, 4, 18, 'Ahmed', 'XXX'),
(360, 4, 19, 'Kurtu', 'Receb'),
(361, 4, 20, 'Ali', 'XXX'),
(362, 4, 21, 'Osman', 'Hasan'),
(363, 4, 22, 'Mehmed', 'Suleyman'),
(364, 4, 23, 'XXX', 'Salih'),
(365, 4, 24, 'Sadik', 'Numan'),
(366, 4, 25, 'seyh Abdi', 'Numan'),
(367, 4, 26, 'Hasan', 'Ali'),
(368, 4, 27, 'Mehmed', 'Huseyyin'),
(369, 4, 28, 'Kurtu', 'omer'),
(370, 4, 29, 'Ismail', 'Adem'),
(371, 4, 30, 'Selim', 'Mustafa'),
(372, 4, 31, 'Kurtu', 'Bekir'),
(373, 4, 32, 'Ibrahim', 'Abdi'),
(374, 4, 33, 'omer', 'XXX'),
(375, 4, 34, 'Adem', 'XXX'),
(376, 4, 35, 'Halim', 'Adem'),
(377, 4, 36, 'Numan', 'Ali'),
(378, 4, 37, 'Nezir', 'Abdul'),
(379, 4, 38, 'Hasan', 'Hayreddin'),
(380, 4, 39, 'Ahmed Bey', 'Ibrahim Bey'),
(381, 4, 41, 'serif', 'Mehmed'),
(382, 4, 42, 'Ibrahim ve kardesi Mustafa', 'Mehmed'),
(383, 4, 43, 'Mustafa', 'Cafer'),
(384, 4, 44, 'Idris', 'Abdullah'),
(385, 4, 45, 'Mehmed', 'XXX'),
(386, 4, 46, 'Nuri', 'Mehmed'),
(387, 4, 47, 'Ismail', 'Ahmed'),
(388, 4, 48, 'Mustafa', 'Ali'),
(389, 4, 49, 'Davud', 'Mustafa'),
(390, 4, 50, 'Emin', 'Kasim'),
(391, 4, 51, 'Haci Seydi', 'Suleyman'),
(392, 4, 52, 'Mehmed', 'Osman'),
(393, 4, 53, 'Mustafa', 'Huseyyin'),
(394, 4, 54, 'Osman', 'Abdullah'),
(395, 4, 55, 'Osman', 'Ahmed'),
(396, 4, 56, 'Muvettin', 'Ibrahim'),
(397, 4, 57, 'Osman', 'Ibrahim'),
(398, 4, 58, 'Huseyyin', 'Suleyman'),
(399, 4, 59, 'Ahmed', 'Mehmed'),
(400, 4, 60, 'Mustafa', 'Seydi'),
(401, 4, 61, 'Huseyyin', 'Tahir'),
(402, 4, 62, 'Suleyman', 'Kamir.'),
(403, 4, 63, 'Mustafa', 'Islam'),
(404, 4, 64, 'serif Ali', 'Ahmed'),
(405, 4, 65, 'Basar', 'Feyzo.'),
(406, 4, 66, 'Mustafa', 'Yaso.'),
(407, 4, 67, 'Malik', 'Yusuf'),
(408, 4, 68, 'Dervis', 'Ali'),
(409, 4, 69, 'Mustafa', 'Feyzullah'),
(410, 4, 70, 'Dervis Suleyman', 'Basir'),
(411, 4, 71, 'Mehmed', 'Huseyyin'),
(412, 4, 72, 'Mustafa', 'Suleyman'),
(413, 4, 73, 'Huseyyin', 'Mustafa'),
(414, 4, 74, 'Hasan', 'Ibrahim'),
(415, 4, 75, 'Yahya', 'Suleyman'),
(416, 4, 76, 'Adem', 'Osman'),
(417, 4, 77, 'Suleyman', 'Ismail'),
(418, 4, 78, 'Huseyyin', 'Haydar'),
(419, 4, 79, 'Salih', 'Hasan'),
(420, 4, 80, 'Kasim', 'Suleyman'),
(421, 4, 81, 'XXX', 'Ali'),
(422, 4, 82, 'Suleyman', 'XXX'),
(423, 4, 83, 'XXX', 'Mustafa'),
(424, 4, 84, 'Zekir', 'XXX'),
(425, 4, 85, 'Basar', 'XXX'),
(426, 4, 86, 'Numan', 'Yusuf'),
(427, 4, 87, 'Ahmed', 'Mehmed'),
(428, 4, 88, 'Ali', 'Abdullah'),
(429, 4, 89, 'XXX', 'Isamil'),
(430, 4, 90, 'Ibrahim', 'Abdullah'),
(431, 4, 91, 'Halil', 'Mehmed'),
(432, 4, 92, 'Ahmed', 'Fazli'),
(433, 4, 93, 'Hasan', 'Osman'),
(434, 4, 94, 'XXX', 'Nuri'),
(435, 4, 95, 'Halil', 'Ibrahim'),
(436, 4, 96, 'serif Osman', 'Mustafa'),
(437, 4, 97, 'Mustafa', 'Abdullah'),
(438, 4, 98, 'Mustafa', 'Huseyyin'),
(439, 4, 99, 'Bekir', 'Mehmed'),
(440, 4, 100, 'Mehmed', 'Suleyman'),
(441, 4, 101, 'Ibrahim', 'Mustafa'),
(442, 4, 102, 'Murad', 'Zeynel'),
(443, 4, 103, 'Salih', 'Mehmed'),
(444, 8, 1, 'Numan', 'Hasan'),
(445, 8, 2, 'Mahmud', 'Haci Mehmed'),
(446, 8, 3, 'Halid', 'Kahraman'),
(447, 8, 4, 'Ibrahim', 'Feyzullah'),
(448, 8, 5, 'Dervis Huseyyin', 'Hasan'),
(449, 8, 6, 'Osman', 'Mehmed'),
(450, 8, 7, 'Mehmed', 'Abdullah'),
(451, 8, 8, 'XXX', '.'),
(452, 8, 9, 'Suleyman', 'Ali'),
(453, 8, 10, 'Mehmed', 'Hasan'),
(454, 8, 11, 'Salih', 'Recep'),
(455, 8, 12, 'sakir', 'XXX'),
(456, 8, 13, 'XXX', 'Musa'),
(457, 8, 14, 'Mehmed', 'Ali'),
(458, 8, 15, 'Mustafa', 'Mehmed'),
(459, 8, 16, 'Yusuf', 'Abdullah'),
(460, 8, 0, 'Ali', 'Ahmad'),
(461, 8, 17, 'Bahram', 'Abdi'),
(462, 8, 18, 'Hayrullah', 'Osman'),
(463, 8, 19, 'Ibrahim', 'Halil'),
(464, 8, 0, 'Huseyyin', 'Mustafa'),
(465, 8, 20, 'Ibrahim', 'XXX'),
(466, 8, 21, 'Latif', 'Feyzullah'),
(467, 8, 22, 'Osman', 'Ali'),
(468, 8, 0, 'serif', 'Mehmed'),
(469, 8, 23, 'Mehmed', 'Abdullah'),
(470, 8, 24, 'Yasar', 'Mehmed'),
(471, 8, 25, 'Zeynel', 'Abdullah'),
(472, 8, 26, 'Yusuf', 'Hasan'),
(473, 8, 27, 'Murad', 'Ali'),
(474, 8, 28, 'Suleyman', 'Feyzullah'),
(475, 8, 29, 'Suleyman', 'Salman'),
(476, 8, 30, 'Mustafa', 'Feyzullah'),
(477, 8, 31, 'Ahmed', 'Mehmed'),
(478, 8, 32, 'Seydi', 'Kurtus...'),
(479, 8, 33, 'Yasar', 'Ali'),
(480, 8, 34, 'Lutfi', 'Besir'),
(481, 8, 35, 'Halil', 'Abdullah'),
(482, 8, 36, 'Osman', 'Ali'),
(483, 8, 37, 'Hasan', 'Salih'),
(484, 8, 38, 'omer', 'Mehmed'),
(485, 8, 39, 'Ahmed', 'Ali'),
(486, 8, 40, 'Mustafa', 'Ismail'),
(487, 8, 41, 'XXX', 'XXX'),
(488, 8, 42, 'Yasar', 'Ahmed'),
(489, 8, 43, 'Abdullah', 'Abdullah'),
(490, 8, 44, 'Halid', '...'),
(491, 8, 45, 'Suleyman', 'Selim'),
(492, 8, 46, 'Halid', 'Must'),
(493, 8, 47, 'Salih', 'Mehmed'),
(494, 8, 48, 'xxx', 'x'),
(495, 8, 49, 'Ali', 'Ibrahim halilesi'),
(496, 8, 50, 'Ahmed', 'Mehmed'),
(497, 8, 51, 'Ali', 'Mehmed'),
(498, 8, 52, 'Ahmed Sipahi', 'Mehmed'),
(499, 8, 0, 'Mustafa', 'Ahmed'),
(500, 8, 53, 'Sadik', 'Ibrahim'),
(501, 8, 54, '...', 'Osman'),
(502, 8, 55, 'Halil', 'Osman'),
(503, 8, 56, 'Ahmed', 'Ali'),
(504, 8, 57, 'Arif', 'Ramis'),
(505, 8, 58, 'Zuneyyir', 'Huseyyin'),
(506, 8, 59, 'Said', 'Islam'),
(507, 8, 60, 'Hasan', 'Hasan'),
(508, 8, 61, 'sakir', 'Abdullah'),
(509, 8, 62, 'Suleyman', 'Fazli'),
(510, 8, 63, 'Salih', 'Mustafa'),
(511, 8, 64, 'Metis', 'Ismail'),
(512, 8, 65, 'Salih', 'Ibis.'),
(513, 8, 66, 'Kavri', '...'),
(514, 8, 67, 'Said', 'Ibrahim'),
(515, 8, 68, 'xxx', 'x'),
(516, 8, 69, 'Suleyman', 'Ali'),
(517, 8, 70, 'Suleyman', 'Halid'),
(518, 8, 71, 'Ali', 'Bekir'),
(519, 8, 72, 'Mutis', 'Mahmed'),
(520, 8, 73, 'Rasid ', 'Os'),
(521, 8, 74, 'Emin', 'Ali'),
(522, 8, 75, 'Hasan', 'Suleyman'),
(523, 8, 76, 'saban', 'Mustafa'),
(524, 8, 77, 'Kadri', 'Mustafa'),
(525, 8, 78, 'Emin', 'Hasan'),
(526, 8, 79, 'Mehmed', 'Veysel'),
(527, 8, 80, 'Salih', 'Kerim'),
(528, 8, 81, 'Letif', 'Kasim'),
(529, 8, 82, 'Ramid', 'Abdi'),
(530, 8, 83, '...', 'Suleyman'),
(531, 8, 84, 'Ahmed', '...'),
(532, 8, 85, 'Mustafa', 'Seydi'),
(533, 8, 86, 'Said', 'Halil'),
(534, 8, 87, 'Osman', 'Mehmed'),
(535, 8, 88, 'Abdurahman', 'Arif'),
(536, 8, 89, 'Yusuf', 'Abdullah'),
(537, 8, 90, 'Hasan', 'Mehmed'),
(538, 8, 91, 'Maksud', 'Osman'),
(539, 8, 92, 'Abdullah', 'Adem'),
(540, 8, 93, 'Salih', 'Abdullah'),
(541, 8, 94, 'Huseyyin', 'Osman'),
(542, 8, 95, 'Salih', 'Abdi'),
(543, 8, 96, 'saban', 'Osman'),
(544, 8, 97, 'Abdul', 'Yusuf'),
(545, 8, 98, '...', 'Sadik'),
(546, 8, 99, 'Mustafa', 'Mihram'),
(547, 8, 100, 'Abdi', 'Mehmed'),
(548, 8, 101, 'Salih', 'Huseyyin'),
(549, 8, 102, 'Ali', 'Mehmed'),
(550, 8, 103, 'Halil', 'Ilyas'),
(551, 8, 104, 'Said', 'Hasan'),
(552, 8, 105, 'Ahmed', 'Salih'),
(553, 8, 106, 'Mehmed', 'Hasan'),
(554, 8, 107, 'Selih', 'Arif'),
(555, 8, 108, 'Mustafa', 'Abdullah'),
(556, 8, 109, 'Sadik', 'Ibrahim'),
(557, 8, 110, 'Murad', 'Suleyman'),
(558, 8, 111, 'Numan', 'Mustafa'),
(559, 8, 112, 'Mehmed', 'Lutfi'),
(560, 8, 113, 'Metis', 'Nezir'),
(561, 8, 114, 'Ali', 'Mehmed'),
(562, 8, 115, 'Hasan', 'Osman'),
(563, 8, 116, 'Suleyman', 'Salman'),
(564, 8, 117, 'Ahmed', 'Mustafa'),
(565, 8, 118, '...', 'Abdullah'),
(566, 8, 119, 'Huseyyin', 'Huseyyin'),
(567, 8, 120, 'Said', 'Abdi'),
(568, 8, 121, 'Sadik', 'Tahir'),
(569, 8, 122, 'saban', 'Receb'),
(570, 8, 123, 'Selih', 'Abdullah'),
(571, 8, 124, '...', 'Abdullah'),
(572, 8, 125, 'Ibrahim', 'Suleyman'),
(573, 8, 126, 'Selim', 'Ismail'),
(574, 8, 127, 'Ali', 'Ismail'),
(575, 8, 128, 'Letif', 'Ismail'),
(576, 8, 129, 'Mustafa', 'Islam'),
(577, 8, 130, 'Zako.', 'Maksud'),
(578, 8, 131, 'Salih', 'Ali'),
(579, 8, 132, 'Murad', 'omer'),
(580, 8, 133, '...', 'Selim'),
(581, 8, 134, 'Mustafa', '...'),
(582, 8, 135, '...', 'Kurto'),
(583, 8, 136, 'Selim', 'Mehmed'),
(584, 8, 137, 'Suleyman', '...'),
(585, 8, 138, 'Sakir', 'Mustafa'),
(586, 8, 139, 'Metis', 'Osman'),
(587, 8, 140, 'Suleyman', 'Aruc'),
(588, 8, 141, 'Salih', 'Abdi'),
(589, 8, 142, 'Abdi', 'Suleyman'),
(590, 8, 143, 'Mehmed', 'Ismail'),
(591, 8, 144, 'Mustafa', 'Ahmed'),
(592, 8, 145, 'Mustafa', 'Murassal...'),
(593, 8, 146, 'Emin', 'Haci Abdullah'),
(594, 8, 147, 'Bayram', 'Yusuf'),
(595, 8, 148, 'Huseyyin', 'Ismail'),
(596, 8, 149, 'Selim', 'Haydar'),
(597, 8, 150, 'Letif', 'Ali'),
(598, 8, 151, 'Suleyman', 'Ibrahim'),
(599, 8, 152, 'Huseyyin', 'Mehmed'),
(600, 8, 153, 'Resid', 'Abdullah'),
(601, 8, 154, 'Said', 'x'),
(602, 8, 155, 'xxx', 'x'),
(603, 8, 156, 'saban', 'Haydar'),
(604, 8, 157, 'Salih', 'Halil'),
(605, 8, 158, 'Kanbar', 'Zanbar...'),
(606, 8, 159, 'Haci Abdullah', 'Abdullah'),
(607, 8, 160, 'Ibrahim', 'Abdullah'),
(608, 8, 161, 'Abdi', 'Huseyyin'),
(609, 8, 162, 'Mehmed', 'Abdullah'),
(610, 8, 163, 'Aruc', 'Ibrahim'),
(611, 8, 164, 'Ibrahim', 'Ali'),
(612, 8, 165, 'x', 'Salih'),
(613, 8, 166, 'Fazli', 'Islam'),
(614, 8, 167, 'Nezir', 'Ismail'),
(615, 8, 168, 'Fettah', 'omer'),
(616, 8, 169, 'Osman', 'Abdullah'),
(617, 8, 170, 'Abdurrahman', 'Hasan'),
(618, 8, 171, 'Hasan', 'Suleyman'),
(619, 8, 172, 'Ali', 'Hacu Ibrahim'),
(620, 8, 173, 'Ramo', 'Halil'),
(621, 8, 174, 'Mehmed', 'Ali'),
(622, 8, 175, 'Ibrahim', 'Mehmed'),
(623, 8, 176, '...', 'Salman'),
(624, 8, 177, 'Ruhan', 'omer'),
(625, 8, 178, 'Ali', 'Zenber'),
(626, 8, 179, 'Yasar', 'Hasan'),
(627, 8, 180, 'Mustafa', 'Muammer'),
(628, 8, 181, 'Mutis', 'Abdi'),
(629, 8, 182, 'Lutfi', 'Zekir'),
(630, 8, 183, 'omer', 'Suleyman'),
(631, 8, 184, 'Receb', 'Mehmed'),
(632, 8, 185, 'Arif', 'Kaytas'),
(633, 8, 186, 'Halim', 'Bekir'),
(634, 8, 187, 'Osman', 'Yusuf'),
(635, 8, 188, 'Suleyman', 'x'),
(636, 8, 189, 'Mustafa', 'Ali'),
(637, 8, 190, 'Yakub', 'Tahir'),
(638, 8, 191, 'Ali', 'Islam'),
(639, 8, 192, 'Huseyyin', 'Ismail'),
(640, 8, 193, 'Huseyyin', 'Halil'),
(641, 8, 194, 'Receb', 'Huseyyin'),
(642, 8, 195, 'Abdurrahman', 'Osman'),
(643, 8, 196, 'Mehmed', 'Halil'),
(644, 8, 197, 'Reco', 'Maksud'),
(645, 8, 198, 'Zeynel', 'Maksud'),
(646, 8, 199, 'Ismail', 'Osman'),
(647, 8, 200, 'Abdullutf', 'Arslan'),
(648, 8, 201, 'Huseyyin', 'Mustafa'),
(649, 8, 202, 'Emin', 'Hasan'),
(650, 8, 203, 'Bahram', 'Abdullah'),
(651, 8, 204, 'Ali', 'x'),
(652, 8, 205, 'Salih', 'Suleyman'),
(653, 8, 206, 'Ali', 'Musa'),
(654, 8, 207, 'Haci Rustem', 'Yahya'),
(655, 8, 208, 'Nezir', 'Said'),
(656, 8, 209, 'Salih', 'Veysel'),
(657, 8, 210, 'x', 'Veysel'),
(658, 8, 211, 'Abdi', 'Ilyas'),
(659, 8, 212, 'Yasar', 'Ibrahim'),
(660, 6, 1, 'Seyyid Abdurrahman Efendi', 'Seyyid Muftu Mustafa Efendi'),
(661, 6, 2, 'Osman', 'Mehmed'),
(662, 6, 3, 'seyh Said Efendi', 'seyh Ahmed Efendi'),
(663, 6, 4, 'Salih', 'Ali'),
(664, 6, 5, 'Ahmed', 'Salman'),
(665, 6, 6, 'Halil', 'Mustafa'),
(666, 6, 7, 'Hasan', 'Yusuf'),
(667, 6, 8, 'Osman', 'Yahya'),
(668, 6, 9, 'omer', 'Salih'),
(669, 6, 10, 'Adil', 'Feyzullah'),
(670, 6, 11, 'Mehmed Bey', 'Ali Pasa'),
(671, 6, 12, 'merhum Haci Ahmed Aga zevcesi Selime Hatun', 'x'),
(672, 6, 13, 'Mehmed', 'Ahmed'),
(673, 6, 14, 'Ahmed', 'Hasan'),
(674, 6, 15, 'Ali Efendi', 'Haci Yasar'),
(675, 6, 16, 'Salim', 'Mustafa'),
(676, 6, 17, 'Huseyyin', 'Ali'),
(677, 6, 18, 'Mustafa', 'Ahmed'),
(678, 6, 19, '. Ismail', 'Receb'),
(679, 6, 20, 'Kara Mustafa', 'Ahmed'),
(680, 6, 21, 'Hasan', 'Abdullah'),
(681, 6, 22, 'Osman Efendi', 'Suleyman'),
(682, 6, 23, 'Haci Yusuf', 'Salman'),
(683, 6, 24, 'Mehmed', 'Ahmed'),
(684, 6, 25, 'Memis', 'Mustafa'),
(685, 6, 26, 'Kahraman', 'Murad'),
(686, 6, 27, 'Abdullah', 'Mehmed'),
(687, 6, 28, 'Haci Emin', 'omer'),
(688, 6, 29, 'Halil', 'Hasan'),
(689, 6, 30, 'Abu Bekir', 'Salih'),
(690, 6, 31, 'Ismail', 'Zeynel'),
(691, 6, 32, 'Salim', 'Haci Dervis'),
(692, 6, 33, 'Abu Bekir', 'omer'),
(693, 6, 34, 'Mehmed', 'Hasan'),
(694, 6, 35, 'Haci Abdullah', 'Huseyyin'),
(695, 6, 36, 'Abu Bekir', 'Ibrahim'),
(696, 6, 37, 'Mustafa', 'Osman'),
(697, 6, 38, 'Suleyman', 'Hasan'),
(698, 6, 39, 'Hasan', 'omer'),
(699, 6, 40, 'omer', 'Abdullah'),
(700, 6, 41, 'Arif', 'Ali'),
(701, 6, 42, 'Ibrahim Efendi', 'Emin'),
(702, 6, 43, 'omer', 'Mehmed'),
(703, 6, 44, 'Halil', 'Suleyman'),
(704, 6, 45, 'Abdulletif', 'Ibrahim'),
(705, 6, 46, 'sahbaz', 'Halil'),
(706, 6, 47, 'Mehmed', 'Memis'),
(707, 6, 48, 'Ahmed', 'Huseyyin'),
(708, 6, 49, 'Zeynel', 'Huseyyin'),
(709, 6, 50, 'Haci Kutas', 'Haci Bekir'),
(710, 6, 51, 'Ibrahim', 'Mustafa'),
(711, 6, 52, 'Ibrahim', 'Ali'),
(712, 6, 53, 'Ismail', 'Ali'),
(713, 6, 54, 'Ahmed', 'Ibrahim'),
(714, 6, 55, 'Ali', 'Mehmed'),
(715, 6, 56, 'Mehmed', 'Osman'),
(716, 6, 57, 'Receb', 'Huseyyin'),
(717, 6, 58, 'Murad', 'Salman'),
(718, 6, 59, 'Huseyyin', 'Kurto'),
(719, 6, 60, 'Ali', 'Salman'),
(720, 6, 61, 'Abdullah', 'Ismail'),
(721, 6, 62, 'Suleyman', 'Mursil'),
(722, 6, 63, '...', 'Suleyman'),
(723, 6, 64, 'omer', 'Mahmud'),
(724, 6, 65, 'Halil', 'Mustafa'),
(725, 6, 66, 'Huseyyin', 'Salih'),
(726, 6, 67, 'Kurto', 'Tahir'),
(727, 6, 68, 'Mehmed', 'Ahmed'),
(728, 6, 69, 'Mustafa', 'Ali'),
(729, 6, 70, 'Tosun Ibrahim', 'Mustafa'),
(730, 6, 71, 'Suleyman', 'Osman'),
(731, 6, 72, 'Hasan', '____'),
(732, 6, 73, 'serif', 'Salih'),
(733, 6, 74, 'Mehmed', 'Abdulfettah'),
(734, 6, 75, 'Tosun', 'Ali'),
(735, 6, 76, 'Zeynel', 'Huseyyin'),
(736, 6, 77, 'Idris', 'Ali'),
(737, 6, 78, 'Huseyyin', 'Memis'),
(738, 6, 79, 'omer', 'Huseyyin'),
(739, 6, 80, 'Mehmed', 'Islam'),
(740, 6, 81, 'Hasan', 'Yaso'),
(741, 6, 82, 'Mustafa', 'Bektas'),
(742, 6, 83, 'Mustafa', 'Ahmed'),
(743, 6, 84, 'Mahmed', 'Masli'),
(744, 6, 85, 'Suleyman', 'Ali'),
(745, 6, 86, 'Haci omer', 'Mahmud'),
(746, 6, 87, 'Sadik', 'Ibrahim'),
(747, 6, 88, 'Mehmed', 'Ibrahim'),
(748, 6, 89, 'Mahmud', 'Abdullah'),
(749, 6, 90, 'Tahir', 'Mustafa'),
(750, 6, 91, 'sahin Abdurrahman', 'Yaso'),
(751, 6, 92, 'Ibrahim', 'Ahmed'),
(752, 6, 93, 'Hasan', 'Ali'),
(753, 6, 94, 'Suleyman', 'omer'),
(754, 6, 95, 'Ahmed', 'Kadri'),
(755, 6, 96, 'Halil', 'Ahmed'),
(756, 6, 97, 'Mustafa', 'Osman'),
(757, 6, 98, 'Ismail', 'Abbullah'),
(758, 6, 99, 'Mehmed', 'Ali'),
(759, 6, 100, 'Ibrahim', 'Ibrahim'),
(760, 6, 101, 'Fazli', 'Ismail'),
(761, 6, 102, 'Arif', 'Osman'),
(762, 6, 103, 'Mustafa', 'Mehmed'),
(763, 6, 104, 'Fazli', 'Abdullah'),
(764, 6, 105, 'Abdulkerim', 'Bahram'),
(765, 6, 106, 'Halil', 'Ali'),
(766, 6, 107, 'Halil', 'Abbas'),
(767, 6, 108, 'Mutis', 'Mustafa'),
(768, 6, 109, 'Isamil', 'Agus...'),
(769, 6, 110, 'Bektas', 'Osman'),
(770, 6, 111, 'Osman', 'Osman'),
(771, 6, 112, 'Dervis', 'Bekir'),
(772, 6, 113, 'Osman', 'Ali'),
(773, 6, 114, 'Selim', 'Abdullah'),
(774, 6, 115, 'Abdulletif', 'Mustafa'),
(775, 6, 116, 'Ali', 'Ahmed'),
(776, 6, 117, 'Suleyman', 'Abdulletif'),
(777, 6, 118, 'Ibrahim', 'Abdullah'),
(778, 6, 119, 'Ibrahim', 'Ali'),
(779, 6, 120, 'Zakarya', 'Abdullah'),
(780, 6, 121, 'Mehmed', 'Abu Bekir'),
(781, 6, 122, 'Ahmed', 'Mustafa'),
(782, 6, 123, 'Dursu Bakire', 'Hasan'),
(783, 6, 0, 'Ahmed', 'Abdullah'),
(784, 6, 0, 'Ahmed', 'Mehmed'),
(785, 7, 1, 'Bayram', ' Zeynel'),
(786, 7, 2, 'Ahmed', ' serif'),
(787, 7, 3, 'Abdulkadir', ' Ismail'),
(788, 7, 4, 'Ali', ' Mustafa'),
(789, 7, 5, 'Huseyyin', ' Ali'),
(790, 7, 6, 'Abdurrahmab', ' Feyzullah'),
(791, 7, 7, 'Mustafa', ' Halil'),
(792, 7, 8, 'Abdurrahman', ' Osman'),
(793, 7, 9, 'Salih', ' Ahmed'),
(794, 7, 10, 'Haci Hafiz', ' ...'),
(795, 7, 11, 'Ismail Efendi', ' Mehmed'),
(796, 7, 12, 'Huseyyin', ' Numan'),
(797, 7, 13, 'Ali', ' Bayram'),
(798, 7, 14, 'Said', ' Adem'),
(799, 7, 15, 'serif Ibrahim', ' Emin'),
(800, 7, 16, 'Abdi', ' Mehmed'),
(801, 7, 17, 'Murad', ' Dervis'),
(802, 7, 18, 'Yahya', ' Mehmed'),
(803, 7, 20, 'Mustafa', ' Osman'),
(804, 7, 19, 'Mehmed', ' Abdullah'),
(805, 7, 21, 'Mehmed Efendi', ' omer'),
(806, 7, 22, 'Ibrahim', ' Mehmed'),
(807, 7, 23, 'Huseyyin', ' Abdullah'),
(808, 7, 24, 'Huseyyin', ' Ali'),
(809, 7, 25, 'Mehmed', ' Yahya'),
(810, 7, 26, 'Abdurrahman', ' Haci Osman'),
(811, 7, 27, 'Haci Ali', ' Mustafa'),
(812, 7, 28, 'omer', ' Haci Emin'),
(813, 7, 29, 'Mustafa', ' Salih'),
(814, 7, 30, 'Abdullah', ' Ibrahim'),
(815, 7, 31, 'Ali', ' Adem'),
(816, 7, 32, 'Ahmed', ' Hasan'),
(817, 7, 33, 'Basar', ' Hasan'),
(818, 7, 34, 'Suleyman', ' Yun'),
(819, 7, 35, 'Hasan', ' Suleyman'),
(820, 7, 36, 'Hasan', ' Mehmed'),
(821, 7, 37, 'Mutis', ' Hasan'),
(822, 7, 38, 'Mehmed', ' Receb'),
(823, 17, 1, 'Tomo', 'Rayko'),
(824, 17, 2, 'Yovan', 'Ratko'),
(825, 17, 3, 'Milenko', 'cvetko'),
(826, 17, 4, 'Tamo', '...'),
(827, 17, 5, 'cvetko', 'Marinko'),
(828, 17, 6, 'xxx', 'Radoyko'),
(829, 17, 7, 'xxx', '...'),
(830, 17, 8, 'Istano', 'Rasto'),
(831, 17, 9, 'Istifan', 'Istanko'),
(832, 17, 10, 'Istamenko', 'Istoyan'),
(833, 17, 11, 'Milivoye', 'Krsto'),
(834, 17, 12, 'Yanko', 'Istoyan'),
(835, 17, 13, 'Milivoye', '...'),
(836, 17, 14, 'Milenko', 'Krsto'),
(837, 17, 15, 'Yovance', 'Marko'),
(838, 17, 16, 'Yayna', 'Dimitre'),
(839, 17, 17, 'Pavon', 'Rayko'),
(840, 17, 18, 'Gozradan', 'Pavle'),
(841, 17, 19, 'Krsto', '...'),
(842, 17, 20, 'Marko', 'Istamenko'),
(843, 17, 21, 'Mladen', 'Kurye'),
(844, 17, 22, 'Marinko', 'Gorgi'),
(845, 17, 23, 'Yovance', 'Gorgi'),
(846, 17, 24, 'Gorgi', 'Niso'),
(847, 17, 25, 'xxx', 'Istifan'),
(848, 17, 26, 'Radoy', 'Velko'),
(849, 21, 1, 'Pitre', 'Istoyan'),
(850, 21, 2, 'Istoyan', 'Blagoye'),
(851, 21, 3, 'Taso', 'Pitre'),
(852, 21, 4, 'cako', '...'),
(853, 21, 5, 'Marko', 'Pitre'),
(854, 21, 6, 'Istoiko', 'Istanko'),
(855, 21, 7, 'Istanoye', 'Risto'),
(856, 21, 8, 'Jivko', 'Istifan'),
(857, 21, 9, 'xxx', '...'),
(858, 21, 10, 'Mito', 'Istoiko'),
(859, 21, 11, 'Rankel', 'Miladin'),
(860, 21, 12, 'Todorce', 'Istifan'),
(861, 21, 13, 'Vucko', 'Istanko'),
(862, 21, 14, 'Mihalko', 'Milos'),
(863, 21, 15, 'Dinka', '...'),
(864, 21, 16, 'Istifan', '...'),
(865, 21, 17, 'Kosto', 'Marko'),
(866, 21, 18, 'Kole', '...'),
(867, 21, 19, 'Yovance', 'cutko'),
(868, 21, 20, 'Istoiko', 'Yovan'),
(869, 21, 21, 'Izdravko', 'Istifan'),
(870, 21, 22, 'Milko', 'Petko'),
(871, 21, 23, 'Anice', '.'),
(872, 21, 24, 'Yovance', 'Istoyce'),
(873, 21, 25, 'Vane', 'Istifan'),
(874, 21, 26, 'Istamenko', 'Petre'),
(875, 21, 27, 'Istanko', 'Ispahoye'),
(876, 21, 28, 'Gorgi', 'Vidun'),
(877, 21, 29, 'Yovance', 'Bogdan'),
(878, 21, 30, 'Anto', 'Istanoye'),
(879, 21, 31, 'Velko', 'cvetko'),
(880, 21, 32, 'Golub', 'Nikola'),
(881, 21, 33, 'Goro', 'Bojo'),
(882, 21, 34, 'Nedo', '.'),
(883, 21, 35, 'Lazar', 'Izdravko'),
(884, 21, 36, 'Ilya', 'Milko'),
(885, 21, 37, 'Tricko', 'Pitre'),
(886, 21, 38, 'Izlatko', 'Kure'),
(887, 21, 39, 'Istoyan', 'Anto'),
(888, 21, 40, 'L', '.'),
(889, 21, 41, 'Dino', 'Pavle'),
(890, 21, 42, 'L...', 'Petre'),
(891, 21, 43, 'Gorgi', 'Yovan'),
(892, 21, 44, 'Miso', 'Ilya'),
(893, 21, 45, 'Milko', 'Miso'),
(894, 21, 46, 'Kiro', 'Yovan'),
(895, 21, 47, 'Petre', 'Yovan'),
(896, 21, 48, 'Taso', 'Yovo'),
(897, 21, 49, 'Lalo', 'Yovan'),
(898, 21, 50, 'cvetan', 'Anto'),
(899, 21, 51, 'Gorgi', 'Mito'),
(900, 21, 52, 'Mito', 'Istoiko'),
(901, 21, 53, 'Krsto', 'Yovan'),
(902, 21, 54, 'Mitre', '...'),
(903, 21, 55, 'Girko', 'Jivko'),
(904, 21, 56, 'Tomo', 'Dule.'),
(905, 21, 57, 'Yanko', 'Ilya'),
(906, 21, 58, 'Istamenko', 'cvetko'),
(907, 21, 59, 'Rankel', 'Istoyan'),
(908, 21, 60, 'Istanko', 'Yanko'),
(909, 21, 61, 'Mirko', 'Despot'),
(910, 21, 62, 'Istanko', 'Istifan'),
(911, 21, 63, 'Istoiko', 'Risto'),
(912, 20, 1, 'Anastas', 'Marko'),
(913, 20, 2, 'Gorgi', 'Anastas'),
(914, 20, 3, 'Kustadin', 'Balas'),
(915, 20, 4, 'xxx', 'Yovan'),
(916, 20, 5, 'Gorgi', 'Yanko'),
(917, 20, 6, 'Petre', 'Ispaso'),
(918, 20, 7, 'L...', 'Istifan'),
(919, 20, 8, 'Rayko', 'Istoyan'),
(920, 20, 9, 'Jivko', 'Istifan'),
(921, 20, 10, 'Mito', '...'),
(922, 20, 11, 'L...', '...'),
(923, 20, 12, 'Istanoye', 'Yovo'),
(924, 20, 13, 'Matko', 'Todor'),
(925, 20, 14, 'Mladen', 'Petre'),
(926, 20, 15, 'Dino', 'Istanoye'),
(927, 20, 16, 'Taso', 'Istoyan'),
(928, 20, 17, 'Mito', 'Miloyko'),
(929, 20, 18, 'Mile', 'Jivadin'),
(930, 20, 19, 'Kuro', 'Spaso'),
(931, 20, 20, 'Petre', 'Yovan'),
(932, 20, 21, 'Kosto', 'Mitre'),
(933, 20, 22, 'Done..', 'Marko'),
(934, 20, 23, 'Yovance', 'Marko'),
(935, 20, 24, 'Mica', 'Marko'),
(936, 20, 25, 'Gorgi', 'Istifan'),
(937, 20, 26, 'Taso', 'Miloyko'),
(938, 20, 27, 'Taso', 'Koco'),
(939, 20, 28, 'Gorgi', 'cvetko'),
(940, 20, 29, 'Izdravko', 'Mladen'),
(941, 20, 30, 'Gorgi', 'Nasto'),
(942, 20, 31, 'Taso', 'Jivko'),
(943, 20, 32, 'Taso', 'Marko'),
(944, 20, 33, 'Golub', 'Jiva'),
(945, 20, 34, 'L...', 'Taso'),
(946, 20, 35, 'Mito', 'Istoyan'),
(947, 20, 36, 'Yovance', 'Demyan'),
(948, 20, 37, 'L...', '...'),
(949, 20, 38, 'Nikola', 'Istanko'),
(950, 20, 39, 'Kostandin', 'Nikolca'),
(951, 20, 40, 'Vane', 'Vucko'),
(952, 20, 41, 'Dino', 'Rasto'),
(953, 20, 42, 'Koco', 'Istanko'),
(954, 20, 43, 'Kosto', 'Istanko'),
(955, 20, 44, 'Petre', 'Istifan'),
(956, 20, 45, 'Haci Boyo', 'Ivanko'),
(957, 20, 46, 'Bogdan', 'Nikola'),
(958, 20, 47, 'Mito', 'Miso'),
(959, 20, 48, 'Marko', 'Istoyan'),
(960, 20, 49, 'Mitre', 'Nikola'),
(961, 20, 50, 'Istoyanca', 'Trcko'),
(962, 20, 51, 'Petre', 'Taso'),
(963, 20, 52, 'Yovance', 'Izdravko'),
(964, 20, 53, 'Rajo', 'Rasto'),
(965, 20, 54, 'Mito', 'Jivko'),
(966, 20, 55, 'Yovance', 'Marko'),
(967, 20, 56, 'Istamenko', 'Nikola'),
(968, 20, 57, 'Istanoyle', 'Milenko'),
(969, 20, 58, 'Milenko', 'Yovan'),
(970, 20, 59, 'Yoco', 'Istoyan'),
(971, 20, 60, 'Istoyan', 'Raso'),
(972, 20, 61, 'L...', '.'),
(973, 20, 62, 'Niso', 'Peso'),
(974, 20, 63, 'Istoyan', 'Miladin'),
(975, 20, 64, 'Istamenko', '...'),
(976, 20, 65, 'Miloyko', 'Marko'),
(977, 20, 66, 'Tircko', 'Todor'),
(978, 20, 67, 'Risto', 'Lazar'),
(979, 20, 68, 'Istoyan', 'Miliye'),
(980, 20, 69, 'Izdravko', 'Mile'),
(981, 20, 70, 'Gorgi', 'Mile'),
(982, 20, 71, 'Istoyko', 'Radosav'),
(983, 20, 72, 'Istanko', '...'),
(984, 20, 73, 'Nikola', '...'),
(985, 20, 74, 'Mito', 'Istoyan'),
(986, 20, 75, 'Todorca', 'Kuko'),
(987, 20, 76, 'xxx', '...'),
(988, 20, 77, 'Vidoyko', 'Golub'),
(989, 20, 78, 'Raso', 'Rayko'),
(990, 20, 79, 'Risto', 'Ilya'),
(991, 20, 80, 'Mihalko', 'Istoyan'),
(992, 20, 81, 'Pavle', 'Mitre'),
(993, 20, 82, 'Simo', 'Kuro'),
(994, 20, 83, 'Lazar', 'Dacko'),
(995, 20, 84, 'Izdravko', 'Nikola'),
(996, 20, 85, 'Istoyanca', 'Mitre'),
(997, 20, 86, 'Lazar', 'Istamenko'),
(998, 20, 87, 'Risto', 'Panapot'),
(999, 13, 1, 'Risto', 'Jivko'),
(1000, 13, 2, 'cako', 'Kosto'),
(1001, 13, 3, 'Nikola', 'Petre'),
(1002, 13, 4, 'Peco', 'Velko'),
(1003, 13, 5, 'Istoyan', 'Niso'),
(1004, 13, 6, 'Milos', 'Jivko'),
(1005, 13, 7, 'Ispiridol', 'Yovan'),
(1006, 13, 8, 'Petre', 'Miladin'),
(1007, 13, 9, 'Mito', 'Jivko'),
(1008, 13, 10, 'Miso', 'Andriya'),
(1009, 13, 11, 'Marko', 'Yovan'),
(1010, 13, 12, 'Koco', 'Jivko'),
(1011, 13, 13, 'Istanko', 'Petko'),
(1012, 13, 14, 'Marko', 'Todor'),
(1013, 13, 15, 'cvetan', 'Istifan'),
(1014, 13, 16, 'Niko', 'Jivko'),
(1015, 13, 17, 'Mihalko', 'Istoyan'),
(1016, 13, 18, 'Koso', 'Petko'),
(1017, 13, 19, 'Mirte', 'Istoyance'),
(1018, 13, 20, 'Istanko', 'Yanko'),
(1019, 13, 21, 'Kosto', 'Pavle'),
(1020, 13, 22, 'Gorgi', 'Mitre'),
(1021, 13, 23, 'Petre', 'Kosto'),
(1022, 13, 24, 'Istoyan', '.'),
(1023, 13, 25, 'Milenko', 'Nikola'),
(1024, 13, 26, 'Istamenko', 'Miladin'),
(1025, 13, 27, 'Duno', 'Mihailo'),
(1026, 13, 28, 'Dimitre', 'Bora'),
(1027, 13, 29, 'Yovan', 'Mico'),
(1028, 13, 30, 'Yanko', 'Ilya'),
(1029, 13, 31, 'Istoyanko', 'Izdravko'),
(1030, 13, 32, 'Yovance', 'Yanko'),
(1031, 13, 33, 'Sotir', 'Mane'),
(1032, 13, 34, 'Toso', 'Petko'),
(1033, 13, 35, 'Petre', 'Dimitre'),
(1034, 13, 36, 'Radoyko', 'Petre'),
(1035, 13, 37, 'Istanko', 'Petko'),
(1036, 13, 38, 'Istifan', 'Petko'),
(1037, 13, 39, 'Yovan', 'Vecko'),
(1038, 13, 40, 'Petre', 'Jivadin'),
(1039, 13, 41, 'Miliye', 'Jivko'),
(1040, 13, 42, 'Petko', 'Despot'),
(1041, 13, 43, 'Mito', 'Bojidar'),
(1042, 13, 44, 'Paco', 'Ilya'),
(1043, 13, 45, 'Gorgi', 'Ivanko'),
(1044, 13, 46, 'Marko', 'Dimitre'),
(1045, 13, 47, 'L...', '...'),
(1046, 13, 48, 'Aleksa', 'Istanimir'),
(1047, 13, 49, 'Petko', 'cvetko'),
(1048, 13, 50, 'L...', 'Nikola'),
(1049, 13, 51, 'Rayko', 'Velko'),
(1050, 13, 0, 'Miloyka', 'Milenko'),
(1051, 13, 0, 'L...', 'Rafael'),
(1052, 13, 52, 'Petre', 'Mito'),
(1053, 13, 53, 'Milko', 'cvetko'),
(1054, 13, 54, 'Yanko', 'Demyan'),
(1055, 13, 55, 'Dimitre', 'Manco'),
(1056, 13, 56, 'Mariya', 'Antonas'),
(1057, 13, 0, 'Istana', 'Todor'),
(1058, 13, 57, 'Vidoyko', 'Jivoyko'),
(1059, 13, 58, 'Yovan', 'Maryan'),
(1060, 13, 59, 'L...', 'Istamenko'),
(1061, 13, 60, 'Mile', 'Dimitre'),
(1062, 13, 61, 'Antonas', 'Yovan'),
(1063, 13, 62, 'Koco', 'Krsto'),
(1064, 13, 63, 'Petre', 'Petko'),
(1065, 13, 64, 'Mila', 'Gorgi'),
(1066, 13, 65, 'Marco...', 'cvetko'),
(1067, 13, 66, 'Marya', 'Miladin'),
(1068, 13, 67, 'Taso', 'Nikola'),
(1069, 13, 68, 'Ilya', 'Niso'),
(1070, 13, 69, 'Dimitre', 'Harci Yovan'),
(1071, 13, 70, 'Petre', 'Nikola'),
(1072, 13, 71, 'Nikola', 'Mihal'),
(1073, 13, 72, 'Mile', 'Harci Maco'),
(1074, 13, 73, 'Istoyanka', 'Mihaylo'),
(1075, 14, 74, 'xxx', 'Istoso'),
(1076, 14, 75, 'Marko', 'Risto'),
(1077, 14, 76, 'Tola', 'Nikola'),
(1078, 14, 77, 'Istamenko', 'Paun'),
(1079, 15, 78, 'Rankel', 'Miladin'),
(1080, 15, 79, 'cvetan', 'Istoyan'),
(1081, 15, 80, 'Istoilko', 'Istanko'),
(1082, 15, 81, 'coko', 'Mitre'),
(1083, 15, 82, 'xxx', 'Manco'),
(1084, 15, 83, 'Todorca', 'Petko'),
(1085, 15, 84, 'Aci Toso', 'Krsto'),
(1086, 15, 85, 'Todorca', 'Istoyan'),
(1087, 15, 86, 'Gorgi', 'Yanko'),
(1088, 15, 87, 'Yovanca', 'Nikola'),
(1089, 15, 88, 'Milos', 'Yovo'),
(1090, 15, 89, 'Istamenko', 'Istanko'),
(1091, 15, 90, 'Taso', 'Marko'),
(1092, 15, 91, 'Yovanca', 'Petre'),
(1093, 16, 92, 'xxx', 'Aci Mito'),
(1094, 16, 93, 'Gorgi', 'Aci Peso'),
(1095, 16, 94, 'Aci Kuko', 'Todor'),
(1096, 16, 95, 'Aci Todor', 'Aci Gire'),
(1097, 16, 96, 'Dimitre', 'Alekso'),
(1098, 16, 97, 'Nikola', '...'),
(1099, 16, 98, 'Kosto', '...'),
(1100, 16, 99, 'xxx', 'Kosto'),
(1101, 16, 0, 'Mago.', 'Bole'),
(1102, 16, 100, 'Goso', 'Nedelko'),
(1103, 16, 101, 'Nikola', 'Bogdan'),
(1104, 16, 102, 'Antonas', 'Risto'),
(1105, 16, 103, 'Kosto', 'Todor'),
(1106, 16, 104, 'Marko', 'Kosto'),
(1107, 16, 105, 'Yovanko', 'Mladen'),
(1108, 16, 106, 'Borofir...', '...'),
(1109, 16, 107, 'Mestice...', 'Manco'),
(1110, 16, 108, 'Tane', 'Izdravko'),
(1111, 16, 109, 'Ignat', 'Kuro'),
(1112, 16, 110, 'Koco', 'Blagoye'),
(1113, 16, 111, 'Liforiye...', 'Nikola'),
(1114, 16, 112, 'L...', '...'),
(1115, 16, 113, 'Miladin', 'Yovan'),
(1116, 16, 114, 'Krsto', 'cvetko'),
(1117, 16, 115, 'L...', 'cvetko'),
(1118, 16, 116, 'Jivko', '...'),
(1119, 16, 117, 'Ignat', 'Koco'),
(1120, 16, 118, 'Gorgi', 'Yova'),
(1121, 16, 119, 'Mitice', 'Ignat'),
(1122, 16, 120, 'Mimalaki...', 'Kostantin'),
(1123, 16, 121, 'L...', 'Yovanco'),
(1124, 16, 122, 'L...', 'Iliya'),
(1125, 16, 123, 'Mito', 'Istanko'),
(1126, 16, 124, 'Nikola', 'Istanko'),
(1127, 16, 125, 'Mihalko', 'Pavle'),
(1128, 16, 126, 'Nikola', 'Istriyo...'),
(1129, 16, 127, 'Petko', 'Todor'),
(1130, 16, 128, 'Milenko', 'Jivko'),
(1131, 16, 129, 'Mito', 'Todor'),
(1132, 16, 130, 'Istoyan', 'Gorgi'),
(1133, 16, 131, 'Jivko', 'Vasilko'),
(1134, 16, 132, 'Milenko', 'Jivko'),
(1135, 16, 133, 'Istoyan', 'Pavle'),
(1136, 16, 134, 'Mihalca', 'Pavle'),
(1137, 16, 135, 'Anto', '.'),
(1138, 16, 136, 'Miso', '.'),
(1139, 16, 137, 'L...', 'Rayko'),
(1140, 16, 138, 'Nako', 'Nikola'),
(1141, 16, 139, 'Yovanko', 'Golub'),
(1142, 16, 140, 'Istoyko', 'Demyan'),
(1143, 16, 141, 'Mihaylo', 'Jivko'),
(1144, 16, 142, 'Aci ciko', 'Petre'),
(1145, 16, 143, 'Kuro', 'Istanko'),
(1146, 16, 144, 'Aci Miso', 'Istanko'),
(1147, 16, 145, 'Koco', 'Istoyan'),
(1148, 16, 146, 'Istoyan', 'Radovan'),
(1149, 16, 147, 'Istoyan', 'Krsto'),
(1150, 16, 148, 'Petre', 'Yovan'),
(1151, 16, 149, 'xxx', '...'),
(1152, 16, 150, 'Mito', 'Istoyanko'),
(1153, 16, 151, 'Koco', 'Petre'),
(1154, 16, 152, 'Nikola', 'Yovan'),
(1155, 16, 153, 'Mihalko', 'Marko'),
(1156, 16, 154, 'Petko', 'Gorgi'),
(1157, 16, 155, 'L...', 'Istoyan'),
(1158, 16, 156, 'Yovo', 'Istanko'),
(1159, 16, 157, 'Istoyanca', 'Manco'),
(1160, 16, 158, 'Krsto', 'Lazo'),
(1161, 16, 159, 'Taso', 'Risto'),
(1162, 16, 160, 'Mico', 'Toso'),
(1163, 16, 161, 'Lacika...', 'Ivostol...'),
(1164, 16, 162, 'Svetor...', 'Dimitre'),
(1165, 16, 163, 'Mile', 'Iliya'),
(1166, 16, 164, 'Gorgi', 'Mito'),
(1167, 16, 165, 'Kole', '...'),
(1168, 16, 166, 'Kosto', 'Duyko...'),
(1169, 16, 167, 'Mito', 'Istanko'),
(1170, 16, 168, 'Risto', 'Istanko'),
(1171, 16, 169, 'Gorgi', 'Papas Rankel...'),
(1172, 16, 170, 'Tane', 'Rankel...'),
(1173, 16, 171, 'cvetko', 'Petre'),
(1174, 16, 172, 'Mihalko', 'Iliya'),
(1175, 16, 173, 'Istifan', 'Isvilen'),
(1176, 16, 174, 'Manoylo', 'Panyo...'),
(1177, 16, 175, 'L...', 'Istifan'),
(1178, 16, 176, 'Istoyanko', 'Krsto'),
(1179, 16, 177, 'Dino', 'Nasto'),
(1180, 16, 178, 'Kostantin', 'Koco'),
(1181, 16, 179, 'Istoyan', 'Miladin'),
(1182, 16, 180, 'Istanko', '...'),
(1183, 16, 181, 'Petre', 'Yovan'),
(1184, 16, 182, 'Haco', 'Dino'),
(1185, 16, 183, 'Aci Mihail', 'Aci Tane'),
(1186, 16, 184, 'Mito', 'Anastas'),
(1187, 16, 0, 'Milos', 'Yovan'),
(1188, 16, 185, 'Yovan', 'Milko'),
(1189, 16, 186, 'L...', '...'),
(1190, 16, 187, 'Papas Milovan', '.'),
(1191, 16, 190, 'Papas Mito', 'Miladin'),
(1192, 16, 191, 'Tane', 'Istanko'),
(1193, 16, 192, 'L...x3', 'Yovan'),
(1194, 19, 1, 'Istoyko', 'Dimitre'),
(1195, 19, 2, 'Aci Naun', 'Yanko'),
(1196, 19, 3, 'Kiliyanta...', 'Dimitre'),
(1197, 19, 4, 'Dimitre', 'Gorgi'),
(1198, 19, 5, 'Todor', 'Dimo'),
(1199, 19, 6, 'Petko', 'Radoyko'),
(1200, 19, 7, 'Pavle', 'Nikolca'),
(1201, 19, 8, 'Istanko', 'Iliya'),
(1202, 19, 9, 'Milenko', 'Velko'),
(1203, 19, 10, 'Mito', 'Todor'),
(1204, 19, 11, 'Mihal', 'Dono...'),
(1205, 19, 12, 'Kure', 'Istoyan'),
(1206, 19, 13, 'Zuzu...', '...'),
(1207, 19, 14, 'Taso', '...x2'),
(1208, 19, 15, 'Izlatko', 'Petre'),
(1209, 19, 16, 'Alekso', 'Istanko'),
(1210, 19, 0, 'Panco', 'Miso'),
(1211, 24, 1, 'Istifan', 'Izdravko'),
(1212, 24, 2, 'Trapko...', 'Iyovan'),
(1213, 24, 3, 'Miliye', 'Niso'),
(1214, 22, 1, 'conko..', 'Istoyko'),
(1215, 22, 2, 'Pavle', 'Izdravko'),
(1216, 23, 1, 'Yanko', 'Istoyko'),
(1217, 23, 2, 'Istamenko', 'Istoyko'),
(1218, 23, 3, 'Istoyan', 'Kurp...'),
(1219, 23, 4, 'Milko', 'Kure'),
(1220, 11, 1, 'Nikola', 'Lazar'),
(1221, 11, 2, 'Ispaso', 'Yovan'),
(1222, 11, 3, 'Istanoye', 'Istoyadin'),
(1223, 11, 4, 'Mito', 'Mitre'),
(1224, 11, 5, 'Rankel...', 'Istoyko'),
(1225, 11, 6, 'Yovo', 'Istoyko'),
(1226, 11, 7, 'Istanso', 'Milenko'),
(1227, 11, 8, 'Mito', 'Risto'),
(1228, 11, 9, 'Petre', 'Risto'),
(1229, 11, 10, 'Gorki', 'Iyovan'),
(1230, 11, 11, 'Mile', 'Kufo...'),
(1231, 11, 12, 'Istanoye', 'Miladin'),
(1232, 11, 13, 'Vaso', 'Miladin'),
(1233, 11, 14, 'Istoyan', 'Krsto'),
(1234, 11, 15, 'conko...', 'Marinko'),
(1235, 11, 16, 'Petre', 'Istoyan'),
(1236, 11, 17, 'Istamenko', 'Goko...'),
(1237, 11, 18, 'Vlayko', 'Nikola'),
(1238, 11, 19, 'Nasko', 'Yovan...'),
(1239, 11, 20, 'Istoyko', 'Yovan...'),
(1240, 11, 21, 'Iliya', 'Istamenko'),
(1241, 11, 22, 'Miliye', 'Miladin'),
(1242, 11, 23, 'Mahilo', 'Dimitre'),
(1243, 11, 24, 'Pero', 'Yovan...'),
(1244, 11, 25, 'Mani', 'Dimitre'),
(1245, 11, 26, 'conko...', 'Milifoye'),
(1246, 11, 27, 'Mihilo..', 'Iliya'),
(1247, 11, 28, 'Gorki', 'Istoyan'),
(1248, 11, 29, 'cvetan', 'Istoyan'),
(1249, 11, 30, 'Todor', 'Istanko'),
(1250, 11, 31, 'Koko...', '...'),
(1251, 11, 32, 'Istifan', 'Velko'),
(1252, 11, 33, 'Antanas', 'Gorki'),
(1253, 11, 34, 'Naso..', 'Mitre'),
(1254, 11, 35, 'Izdravko', 'Istoyko'),
(1255, 11, 36, 'Izdravko', 'Mitre'),
(1256, 11, 37, 'Milko', 'Mitre'),
(1257, 11, 38, 'Gorki', 'Istoyan'),
(1258, 11, 39, 'Istoso', 'Niso'),
(1259, 11, 40, 'Nikola', 'Yanko'),
(1260, 11, 41, 'xxx', '...'),
(1261, 11, 42, 'Angelko', 'cvetko'),
(1262, 11, 43, 'Lazar', 'Niso'),
(1263, 11, 44, 'Rayko', '...'),
(1264, 11, 45, 'xxx', 'Rankel...'),
(1265, 11, 46, 'xxx', 'Milutin'),
(1266, 11, 47, 'Gorki', '...'),
(1267, 11, 48, 'Milko', 'Istifan'),
(1268, 11, 49, 'Izdravko', '...'),
(1269, 10, 1, 'Istamen', 'Tayko'),
(1270, 10, 2, 'Yovan', 'Miso'),
(1271, 10, 3, 'Istoyko', 'Velko'),
(1272, 10, 4, 'Mladen', '...'),
(1273, 10, 5, 'Krsto', 'Pavle'),
(1274, 10, 6, 'Ispasa', 'Istamen'),
(1275, 10, 7, 'Gogo', 'Filip'),
(1276, 10, 8, 'Risto', 'Miso'),
(1277, 10, 9, 'Kole', 'Bico...'),
(1278, 10, 10, 'Kiro...', 'Mito'),
(1279, 10, 11, 'Krsto', 'Jivko'),
(1280, 10, 12, 'Jivko', 'Rayko'),
(1281, 10, 13, 'Gogo', 'Baun...'),
(1282, 10, 14, 'Istoyan', 'Baun...'),
(1283, 10, 15, '... Istanko', '...'),
(1284, 10, 16, 'cone...', 'Yovan'),
(1285, 10, 17, 'Icvetko', 'Ignat'),
(1286, 10, 18, 'Postul...', 'Istoyan'),
(1287, 10, 19, 'Corco', 'Petre'),
(1288, 10, 20, 'Jivko', 'Petre'),
(1289, 10, 21, 'Icvetko', 'Petre'),
(1290, 10, 22, 'Petre', '...'),
(1291, 10, 23, 'Ispasa', 'Radona'),
(1292, 10, 24, 'Milenko', 'Risto'),
(1293, 10, 25, 'Yovan', 'Todor'),
(1294, 10, 26, 'Savo', 'Istamen'),
(1295, 10, 27, 'Yova', 'Anto'),
(1296, 10, 28, 'Petre', 'Mladen'),
(1297, 10, 29, 'Mitre', 'Yovan'),
(1298, 10, 30, 'Kole', 'Yanko'),
(1299, 10, 31, 'Gorki', 'Ranco...'),
(1300, 10, 32, '.. Ispas', '..'),
(1301, 10, 33, 'Risto', 'Milenko'),
(1302, 10, 34, 'Mito', '...'),
(1303, 10, 35, 'Anto', 'Izlatko'),
(1304, 10, 36, 'Baun...', 'Marko'),
(1305, 10, 37, 'Manco...', 'Todor'),
(1306, 10, 38, 'Velko', 'Yovan'),
(1307, 10, 39, 'Yovan', 'Istoyan'),
(1308, 10, 40, 'Manco...', 'Andriyo'),
(1309, 10, 41, 'Mito', 'Iliya'),
(1310, 10, 42, 'Kiro...', 'Petre'),
(1311, 10, 43, 'Bone...', 'Miso'),
(1312, 10, 44, 'Gospodin', 'Nikola'),
(1313, 10, 45, 'Istoyca', 'Marinko'),
(1314, 10, 46, 'Jivko', 'Istifan'),
(1315, 10, 47, 'Kiro...', 'Yakim'),
(1316, 10, 48, 'Korgo...', 'Istoiko'),
(1317, 10, 49, 'Yovan', 'Kole'),
(1318, 10, 50, 'Kole', 'Istanko'),
(1319, 10, 51, 'Iko', 'Istifan'),
(1320, 10, 52, 'Ivlatko', 'Miladin'),
(1321, 10, 53, 'Kole', 'Istoin'),
(1322, 10, 54, 'Jivko', 'Bore.'),
(1323, 10, 55, 'Yanko', 'Tosa'),
(1324, 10, 56, 'Kole', 'Mitre'),
(1325, 10, 57, 'Kosto', 'Lilo...'),
(1326, 10, 58, 'Goke...', '...'),
(1327, 10, 59, 'Petre', 'Yovan'),
(1328, 10, 60, 'Korgo...', 'Papaz Iliya'),
(1329, 10, 61, 'Yovan', '...'),
(1330, 10, 62, 'Milko', 'Lazar'),
(1331, 10, 63, 'Icvetko', 'Ivlatko'),
(1332, 10, 64, 'Istoyan', 'Korgo...'),
(1333, 10, 65, 'Pona', 'Icvetko'),
(1334, 10, 66, 'Ipko...', 'Risto'),
(1335, 10, 67, 'Tosa', 'Mitre'),
(1336, 10, 68, 'xxx', 'Krsto'),
(1337, 10, 69, 'Mito', 'Korgo...'),
(1338, 10, 70, 'Miladin', 'Yovan'),
(1339, 10, 71, 'Istoyan', 'Ignat'),
(1340, 10, 72, 'Vidin...', 'Yanko'),
(1341, 10, 73, 'Velko', 'Todor'),
(1342, 10, 74, 'Bostol...', 'Ranco'),
(1343, 10, 75, 'Istanco', 'Tosa'),
(1344, 10, 76, 'Baun...', 'Kole'),
(1345, 10, 77, 'Marko', '.'),
(1346, 10, 78, 'Manco...', 'Nikola'),
(1347, 10, 79, 'cole...', 'Kole'),
(1348, 10, 80, 'Jivko', 'Kole'),
(1349, 10, 81, 'Istifan', 'Mlaco'),
(1350, 10, 82, 'Ispasa', 'Istanoye'),
(1351, 10, 83, 'Istanko', 'Mato...'),
(1352, 9, 1, 'cuno...', 'Velko'),
(1353, 9, 2, 'Jivko', 'Marinko'),
(1354, 9, 3, 'Yovo', 'Subotin...'),
(1355, 9, 4, 'Ispasa', 'Yanko'),
(1356, 9, 5, 'cvele', 'Trcko...'),
(1357, 9, 6, 'Banayot...', 'cvele'),
(1358, 9, 7, 'Mato', 'Marko'),
(1359, 9, 8, 'Petre', 'Yovan'),
(1360, 9, 9, 'cole...', 'Matko...'),
(1361, 9, 10, 'Kiro...', 'Nikola'),
(1362, 9, 11, 'Bico...', 'Bosko'),
(1363, 9, 12, 'Kole', 'Velko'),
(1364, 9, 13, 'Ranco..', 'Miso'),
(1365, 9, 14, 'Pavle', 'Miso'),
(1366, 9, 15, 'Kiro...', 'Miso'),
(1367, 9, 16, 'Istoyan', 'Miso'),
(1368, 9, 17, 'Bone...', 'Anto'),
(1369, 9, 18, 'Yanko', 'Yovan'),
(1370, 9, 19, 'Miloye', 'Yovan'),
(1371, 9, 20, 'Banayot...', 'Bano...'),
(1372, 9, 21, 'Korgo...', 'Tipko...'),
(1373, 9, 22, 'Neso', 'Izdravko'),
(1374, 9, 23, 'Miladin', '...'),
(1375, 9, 24, 'Tosa', 'Izdravko'),
(1376, 9, 25, 'Istamen', 'Bozin...'),
(1377, 9, 26, 'Bano..', 'Lilo...'),
(1378, 9, 26, 'Krsto', 'Baso...'),
(1379, 9, 27, 'Baso...', 'Risto'),
(1380, 9, 28, 'Trcko...', 'Nikola'),
(1381, 9, 29, 'Bano..', 'Nikola'),
(1382, 9, 30, 'Goke...', 'Istanoye'),
(1383, 9, 31, 'Pano...', 'bavuna'),
(1384, 9, 32, 'Angelko', 'cvetko'),
(1385, 12, 1, 'Mihail', 'Sokol'),
(1386, 12, 2, 'Yone', 'Petre'),
(1387, 12, 3, 'Krsto', 'Marko'),
(1388, 18, 1, 'Bogdan', 'Uros'),
(1389, 18, 2, 'Yanko', 'Iliya'),
(1390, 18, 3, 'Krsto', 'Panayut...'),
(1391, 18, 4, 'Trpko...', 'Dalcikoz...');

-- --------------------------------------------------------

--
-- Table structure for table `mahalle`
--

CREATE TABLE `mahalle` (
  `mahalle_id` int(11) NOT NULL,
  `name` varchar(50) NOT NULL
) ENGINE=InnoDB DEFAULT CHARSET=latin1;

--
-- Dumping data for table `mahalle`
--

INSERT INTO `mahalle` (`mahalle_id`, `name`) VALUES
(1, 'Hunkar Mahallesi'),
(2, 'Defterdar Mahallesi'),
(3, 'Taskopru Mahallesi'),
(4, 'Haci Bekir Mahallesi'),
(5, 'Rizaiyye Mahallesi'),
(6, 'Belgrad Mahallesi'),
(7, 'Cedide Mahallesi'),
(8, 'Yahyapasa Mahallesi'),
(9, 'Papaz Kosto Mahallesi'),
(10, 'Papaz Istanko Mahallesi'),
(11, 'Papaz Gorki Mahallesi'),
(12, 'Papaz Yone Mahallesi'),
(13, 'Papaz Naon Neveryesi'),
(14, 'Papaz Yovan Neveryesi Kefere'),
(15, 'Papaz Mito Neveryesi'),
(16, 'Papaz Yovan Neveryesi'),
(17, 'Yagodin Mahallesi'),
(18, 'Kebir-i Cincar Mahallesi'),
(19, 'Sagir-i Cincar Mahallesi'),
(20, 'Kebir-i Koptiyan Mahallesi'),
(21, 'Sagir-i Koptiyan Mahallesi'),
(22, 'Mitce Konlugu'),
(23, 'At Pazarinda Dukkanlar'),
(24, 'Aci Goko Konlugu'),
(25, 'Kojusko Asiyab');

-- --------------------------------------------------------

--
-- Table structure for table `occupation`
--

CREATE TABLE `occupation` (
  `occupation_id` int(11) NOT NULL,
  `name` varchar(25) NOT NULL,
  `occ_group_id` int(11) NOT NULL
) ENGINE=InnoDB DEFAULT CHARSET=latin1;

--
-- Dumping data for table `occupation`
--

INSERT INTO `occupation` (`occupation_id`, `name`, `occ_group_id`) VALUES
(1, 'Dulger', 5),
(2, 'Debbag', 1),
(3, 'Goncu', 1),
(4, 'Kurkcu', 1),
(5, 'Sarac', 1),
(6, 'Semerci', 1),
(7, 'Yemenici', 1),
(8, 'Kalpakci', 1),
(9, 'Bicakci', 2),
(10, 'Dokmeci', 2),
(11, 'Kalayci', 2),
(12, 'Kazanci', 2),
(13, 'Kuyumcu', 2),
(14, 'Mineci', 2),
(15, 'Nalbant', 2),
(16, 'Kantarci', 2),
(17, 'Demirci', 2),
(18, 'Abaci', 3),
(19, 'Boyaci', 3),
(20, 'Hallac', 3),
(21, 'Kazzaz', 3),
(22, 'Kececi', 3),
(23, 'Mutaf', 3),
(24, 'Dikici', 4),
(25, 'Papuccu', 4),
(26, 'Terzi', 4),
(27, 'Yorganci', 4),
(28, 'Comlekci', 5),
(29, 'Cubukcu', 5),
(30, 'Dogramaci', 5),
(31, 'Hasirci', 5),
(32, 'Ipci', 5),
(33, 'Kiremitci', 5),
(34, 'Koltukcu', 5),
(35, 'Lulaci', 5),
(36, 'Saatci', 5),
(37, 'Tufekci', 5),
(38, 'Mumcu', 5),
(39, 'Berber', 6),
(40, 'Calgici', 6),
(41, 'Dellal', 6),
(42, 'Hamamci', 6),
(43, 'Hamam Naziri', 6),
(44, 'Hanci', 6),
(45, 'Kahveci', 6),
(46, 'Kahveci Tabi', 6),
(47, 'Meyhaneci', 6),
(48, 'Seyis', 6),
(49, 'Sarkici', 6),
(50, 'Asci', 7),
(51, 'Bakkal', 7),
(52, 'Ekmekci', 7),
(53, 'Kadayifci', 7),
(54, 'Kasap', 7),
(55, 'Simitci', 7),
(56, 'Yemisci', 7),
(57, 'Araba Kiraci', 8),
(58, 'Kiraci', 8),
(59, 'Kocucu', 8),
(60, 'Dervis', 9),
(61, 'Imam', 9),
(62, 'Muezzin', 9),
(63, 'Muderris', 9),
(64, 'Mutevelli', 9),
(65, 'Seyh', 9),
(66, 'Talebe-i Ulum', 9),
(67, 'Papas', 9),
(68, 'Muftu', 9),
(69, 'Bakici', 10),
(70, 'Cocuklar Okutma', 10),
(71, 'Gezginci', 10),
(72, 'Katib', 10),
(73, 'Kavas', 10),
(74, 'Kayyum', 10),
(75, 'Mezarci', 10),
(76, 'Muhtar', 10),
(77, 'Muhzir', 10),
(78, 'Nufus Naziri', 10),
(79, 'Ziraat Muduru', 10),
(80, 'Asker???', 11),
(81, 'Askeri Mulazim', 11),
(82, 'Asakir-i Nizamiyye', 11),
(83, 'Binbasi', 11),
(84, 'Iskenci Suvar', 11),
(85, 'Kir Boluk Basi', 11),
(86, 'Sekban', 11),
(87, 'Sipahi', 11),
(88, 'Sipahi Kulagasi', 11),
(89, 'Zabit', 11),
(90, 'Zabit Sekban', 11),
(91, 'Zabit Sipahi', 11),
(92, 'Yuzbasi', 11),
(93, 'Topcu', 11),
(94, 'Topcu Onbasu', 11),
(95, 'Topcu Cavus', 11),
(96, 'Topcu Mulazim', 11),
(97, 'Topcu Yuzbasi', 11),
(98, 'Bahcevan', 12),
(99, 'Capaci', 12),
(100, 'Coban', 12),
(101, 'Irgat', 12),
(102, 'Hizmetkar', 12),
(103, 'Alil', 13),
(104, 'Ihtiyar', 13),
(105, 'Ihtiyar ve Alil', 13),
(106, 'Dulkar', 13),
(107, 'Nisa Taifesinden', 13),
(108, 'Mecnun', 13),
(109, 'Fukara', 13),
(110, 'Yetim', 13),
(111, 'Salci', 13),
(112, 'Duhanci', 14),
(113, 'Aktar Ticareti', 14),
(114, 'Tuz Ticareti', 14),
(115, 'Eskici', 14),
(116, 'Duhanci', 14),
(117, 'Oduncu', 14),
(118, 'Avrupa Ticareti', 14),
(119, 'Erbab-i Ticaret', 14),
(120, 'Ayak Ticareti', 14),
(121, 'Bezirgan', 14),
(122, 'Ashab-i Alaka', 15),
(123, 'Erbab-i Ziraat', 15),
(124, 'Rencber', 15),
(125, 'Unknown', 16);

-- --------------------------------------------------------

--
-- Stand-in structure for view `occupation_count`
-- (See below for the actual view)
--
CREATE TABLE `occupation_count` (
`COUNT(``household``.``household_id``)` bigint(21)
,`name` varchar(25)
);

-- --------------------------------------------------------

--
-- Stand-in structure for view `occupation_count_with_group`
-- (See below for the actual view)
--
CREATE TABLE `occupation_count_with_group` (
`COUNT(``household``.``household_id``)` bigint(21)
,`name` varchar(25)
);

-- --------------------------------------------------------

--
-- Table structure for table `occ_branch`
--

CREATE TABLE `occ_branch` (
  `occ_branch_id` int(11) NOT NULL,
  `name` varchar(15) NOT NULL
) ENGINE=InnoDB DEFAULT CHARSET=latin1;

--
-- Dumping data for table `occ_branch`
--

INSERT INTO `occ_branch` (`occ_branch_id`, `name`) VALUES
(1, 'Esnaf'),
(2, 'Gorevli'),
(3, 'Isciler'),
(4, 'Mesleksiz'),
(5, 'Ticaret'),
(6, 'Ziraat'),
(7, 'Unknown');

-- --------------------------------------------------------

--
-- Table structure for table `occ_group`
--

CREATE TABLE `occ_group` (
  `occ_group_id` int(11) NOT NULL,
  `name` varchar(100) NOT NULL,
  `occ_branch_id` int(11) NOT NULL
) ENGINE=InnoDB DEFAULT CHARSET=latin1;

--
-- Dumping data for table `occ_group`
--

INSERT INTO `occ_group` (`occ_group_id`, `name`, `occ_branch_id`) VALUES
(1, 'Deriden Mal Ureten ve Satan Esnaf', 1),
(2, 'Metaldan Mal Ureten ve Satan Esnaf', 1),
(3, 'Dokumacilik Alanindaki Meslekler', 1),
(4, 'Kumastan Mal Ureten ve Satan Esnaf', 1),
(5, 'Diger Mal Ureten ve Satan Esnaf', 1),
(6, 'Cesitli Hizmetleri Yerine Getirenler', 1),
(7, 'Yiyecek Maddeleri Ureten ve Satan Esnaf', 1),
(8, 'Tasimacilik Alanindaki Meslekler', 1),
(9, 'Dini Alanda Hizmet Veren Gorevliler', 2),
(10, 'Ictimai ve Idari Alanda Hizmet Veren Gorevliler', 2),
(11, 'Askeri Alanda Hizmet Veren Gorevliler', 2),
(12, 'Isciler', 3),
(13, 'Her Hangi Bir Meslege Sahip Olmayanlar', 4),
(14, 'Satici ve Tuccarlar', 5),
(15, 'Ziraatla Ugrasan Kucuk Ureticiler ve Ciftlik Sahipleri', 6),
(16, 'Unknown', 7);

-- --------------------------------------------------------

--
-- Table structure for table `occ_income`
--

CREATE TABLE `occ_income` (
  `occ_income_id` int(11) NOT NULL,
  `occupation_id` int(11) NOT NULL,
  `household_id` int(11) NOT NULL,
  `income` int(11) NOT NULL
) ENGINE=InnoDB DEFAULT CHARSET=latin1;

--
-- Dumping data for table `occ_income`
--

INSERT INTO `occ_income` (`occ_income_id`, `occupation_id`, `household_id`, `income`) VALUES
(1, 122, 1, 0),
(2, 2, 2, 0),
(3, 39, 3, 100),
(4, 68, 4, 2500),
(5, 76, 5, 100),
(6, 123, 6, 0),
(7, 125, 7, 0),
(8, 125, 8, 0),
(9, 102, 9, 100),
(10, 123, 10, 0),
(11, 122, 11, 0),
(12, 87, 11, 2883),
(13, 56, 12, 100),
(14, 123, 13, 0),
(15, 87, 14, 0),
(16, 119, 14, 200),
(17, 123, 15, 0),
(18, 110, 16, 0),
(19, 125, 17, 0),
(20, 66, 18, 0),
(21, 102, 19, 100),
(22, 45, 20, 100),
(23, 51, 21, 250),
(24, 110, 22, 0),
(25, 5, 23, 250),
(26, 57, 24, 150),
(27, 104, 25, 0),
(28, 102, 26, 200),
(29, 45, 27, 100),
(30, 125, 28, 0),
(31, 89, 29, 150),
(32, 123, 30, 0),
(33, 110, 31, 0),
(34, 5, 32, 150),
(35, 7, 33, 100),
(36, 57, 34, 150),
(37, 5, 35, 100),
(38, 5, 36, 50),
(39, 87, 37, 0),
(40, 87, 38, 0),
(41, 54, 39, 150),
(42, 102, 40, 100),
(43, 119, 41, 200),
(44, 107, 42, 0),
(45, 41, 43, 150),
(46, 119, 44, 300),
(47, 110, 45, 0),
(48, 110, 46, 0),
(49, 119, 47, 300),
(50, 66, 47, 0),
(51, 72, 48, 150),
(52, 102, 49, 150),
(53, 125, 50, 0),
(54, 125, 51, 0),
(55, 123, 52, 0),
(56, 57, 53, 100),
(57, 102, 54, 100),
(58, 51, 55, 150),
(59, 89, 56, 200),
(60, 119, 57, 600),
(61, 64, 57, 120),
(62, 72, 58, 250),
(63, 7, 59, 150),
(64, 125, 60, 0),
(65, 2, 61, 150),
(66, 39, 62, 150),
(67, 102, 63, 150),
(68, 74, 64, 285),
(69, 102, 65, 100),
(70, 125, 66, 0),
(71, 123, 67, 0),
(72, 39, 68, 200),
(73, 61, 69, 250),
(74, 123, 70, 0),
(75, 91, 71, 0),
(76, 91, 72, 0),
(77, 102, 73, 0),
(78, 2, 74, 600),
(79, 26, 75, 100),
(80, 110, 76, 0),
(81, 2, 77, 50),
(82, 45, 78, 50),
(83, 2, 79, 150),
(84, 110, 80, 0),
(85, 125, 81, 0),
(86, 91, 82, 0),
(87, 102, 83, 50),
(88, 2, 84, 550),
(89, 109, 85, 0),
(90, 51, 86, 200),
(91, 56, 87, 100),
(92, 123, 88, 0),
(93, 102, 89, 0),
(94, 123, 90, 0),
(95, 89, 90, 200),
(96, 102, 91, 500),
(97, 87, 92, 432),
(98, 57, 93, 100),
(99, 109, 94, 0),
(100, 125, 95, 0),
(101, 51, 96, 200),
(102, 102, 97, 200),
(103, 82, 98, 0),
(104, 45, 99, 50),
(105, 125, 100, 200),
(106, 125, 101, 0),
(107, 125, 102, 0),
(108, 63, 103, 360),
(109, 5, 104, 400),
(110, 123, 105, 0),
(111, 122, 106, 0),
(112, 87, 107, 612),
(113, 64, 108, 120),
(114, 119, 108, 500),
(115, 87, 109, 968),
(116, 41, 109, 300),
(117, 125, 110, 0),
(118, 125, 111, 0),
(119, 122, 112, 0),
(120, 123, 113, 0),
(121, 91, 114, 0),
(122, 41, 115, 100),
(123, 66, 116, 0),
(124, 102, 117, 150),
(125, 107, 118, 0),
(126, 119, 119, 200),
(127, 26, 120, 100),
(128, 72, 121, 3000),
(129, 61, 122, 320),
(130, 15, 123, 120),
(131, 30, 124, 250),
(132, 109, 125, 0),
(133, 102, 126, 250),
(134, 87, 127, 4000),
(135, 119, 127, 1000),
(136, 26, 128, 100),
(137, 107, 129, 0),
(138, 5, 130, 300),
(139, 45, 131, 150),
(140, 26, 132, 0),
(141, 2, 133, 300),
(142, 77, 134, 200),
(143, 63, 135, 1200),
(144, 102, 136, 100),
(145, 51, 137, 100),
(146, 106, 138, 0),
(147, 87, 139, 827),
(148, 119, 139, 600),
(149, 87, 139, 613),
(150, 66, 140, 0),
(151, 119, 140, 250),
(152, 125, 141, 0),
(153, 110, 142, 0),
(154, 46, 143, 100),
(155, 7, 144, 100),
(156, 87, 145, 0),
(157, 2, 146, 100),
(158, 119, 147, 500),
(159, 5, 148, 300),
(160, 112, 149, 300),
(161, 66, 150, 0),
(162, 92, 150, 0),
(163, 56, 151, 100),
(164, 30, 152, 100),
(165, 123, 153, 0),
(166, 72, 154, 600),
(167, 5, 155, 200),
(168, 125, 156, 0),
(169, 85, 157, 300),
(170, 87, 158, 168),
(171, 112, 158, 150),
(172, 5, 159, 400),
(173, 120, 160, 100),
(174, 108, 161, 0),
(175, 87, 162, 1252),
(176, 102, 163, 200),
(177, 77, 164, 120),
(178, 107, 165, 0),
(179, 122, 166, 0),
(180, 61, 167, 400),
(181, 45, 168, 100),
(182, 120, 169, 300),
(183, 123, 170, 0),
(184, 44, 170, 500),
(185, 62, 171, 200),
(186, 39, 172, 200),
(187, 72, 173, 100),
(188, 69, 174, 100),
(189, 75, 175, 100),
(190, 125, 176, 0),
(191, 51, 177, 100),
(192, 39, 178, 300),
(193, 61, 179, 405),
(194, 41, 180, 200),
(195, 26, 181, 600),
(196, 125, 182, 0),
(197, 61, 183, 500),
(198, 123, 184, 0),
(199, 42, 185, 0),
(200, 119, 186, 1500),
(201, 78, 187, 2400),
(202, 112, 188, 300),
(203, 111, 189, 0),
(204, 102, 190, 150),
(205, 102, 191, 100),
(206, 112, 192, 500),
(207, 72, 193, 250),
(208, 102, 194, 100),
(209, 39, 195, 50),
(210, 45, 196, 100),
(211, 72, 197, 300),
(212, 125, 198, 0),
(213, 56, 199, 100),
(214, 39, 200, 150),
(215, 65, 201, 1800),
(216, 102, 202, 100),
(217, 61, 203, 200),
(218, 102, 204, 0),
(219, 102, 205, 120),
(220, 56, 206, 120),
(221, 56, 207, 120),
(222, 86, 208, 150),
(223, 39, 209, 100),
(224, 115, 210, 50),
(225, 123, 211, 0),
(226, 104, 212, 0),
(227, 104, 213, 0),
(228, 7, 214, 0),
(229, 49, 215, 100),
(230, 26, 216, 100),
(231, 105, 217, 0),
(232, 39, 218, 100),
(233, 71, 219, 200),
(234, 15, 220, 80),
(235, 111, 221, 0),
(236, 125, 222, 0),
(237, 30, 223, 100),
(238, 102, 224, 0),
(239, 109, 225, 0),
(240, 125, 226, 0),
(241, 125, 227, 150),
(242, 125, 228, 0),
(243, 51, 229, 200),
(244, 114, 230, 800),
(245, 112, 231, 100),
(246, 41, 232, 100),
(247, 41, 233, 100),
(248, 102, 234, 100),
(249, 35, 235, 30),
(250, 45, 236, 60),
(251, 102, 237, 30),
(252, 104, 238, 0),
(253, 109, 239, 0),
(254, 72, 240, 100),
(255, 102, 241, 100),
(256, 39, 242, 100),
(257, 123, 243, 0),
(258, 102, 244, 100),
(259, 104, 245, 0),
(260, 72, 246, 0),
(261, 15, 247, 50),
(262, 51, 248, 150),
(263, 51, 249, 200),
(264, 41, 250, 150),
(265, 112, 251, 1000),
(266, 102, 252, 150),
(267, 102, 253, 600),
(268, 120, 254, 300),
(269, 104, 255, 0),
(270, 125, 256, 0),
(271, 104, 257, 0),
(272, 102, 258, 250),
(273, 102, 259, 150),
(274, 102, 260, 150),
(275, 62, 261, 100),
(276, 75, 262, 75),
(277, 72, 263, 200),
(278, 110, 264, 0),
(279, 57, 265, 150),
(280, 109, 266, 0),
(281, 87, 267, 500),
(282, 122, 268, 0),
(283, 110, 269, 0),
(284, 83, 270, 0),
(285, 122, 271, 0),
(286, 65, 271, 0),
(287, 72, 272, 250),
(288, 102, 273, 250),
(289, 110, 274, 0),
(290, 119, 275, 800),
(291, 112, 276, 400),
(292, 122, 277, 0),
(293, 21, 278, 50),
(294, 110, 279, 0),
(295, 102, 280, 120),
(296, 102, 281, 200),
(297, 122, 282, 0),
(298, 125, 283, 0),
(299, 113, 284, 600),
(300, 125, 285, 0),
(301, 102, 286, 140),
(302, 122, 287, 0),
(303, 112, 288, 900),
(304, 87, 289, 533),
(305, 102, 290, 100),
(306, 87, 291, 2000),
(307, 61, 292, 850),
(308, 123, 293, 0),
(309, 72, 294, 500),
(310, 62, 295, 200),
(311, 102, 296, 300),
(312, 122, 297, 0),
(313, 102, 298, 300),
(314, 102, 299, 150),
(315, 15, 300, 300),
(316, 65, 301, 0),
(317, 122, 302, 0),
(318, 123, 303, 0),
(319, 72, 304, 400),
(320, 9, 305, 200),
(321, 122, 306, 0),
(322, 54, 307, 350),
(323, 102, 308, 500),
(324, 110, 309, 0),
(325, 89, 310, 200),
(326, 102, 311, 100),
(327, 125, 312, 120),
(328, 26, 313, 20),
(329, 110, 314, 0),
(330, 102, 315, 120),
(331, 102, 316, 100),
(332, 125, 317, 0),
(333, 102, 318, 150),
(334, 60, 319, 0),
(335, 102, 320, 150),
(336, 9, 321, 150),
(337, 102, 322, 100),
(338, 41, 323, 250),
(339, 102, 324, 90),
(340, 60, 325, 0),
(341, 102, 326, 100),
(342, 102, 327, 150),
(343, 41, 328, 350),
(344, 5, 329, 500),
(345, 109, 330, 0),
(346, 125, 331, 0),
(347, 24, 332, 900),
(348, 102, 333, 150),
(349, 45, 334, 120),
(350, 87, 335, 200),
(351, 60, 336, 0),
(352, 102, 337, 100),
(353, 57, 338, 150),
(354, 125, 339, 0),
(355, 125, 340, 0),
(356, 122, 341, 0),
(357, 121, 341, 500),
(358, 15, 342, 100),
(359, 9, 343, 100),
(360, 22, 344, 100),
(361, 24, 345, 100),
(362, 2, 346, 150),
(363, 26, 347, 80),
(364, 102, 348, 150),
(365, 21, 349, 150),
(366, 39, 350, 100),
(367, 81, 350, 480),
(368, 125, 351, 0),
(369, 51, 352, 250),
(370, 62, 353, 150),
(371, 15, 354, 150),
(372, 37, 355, 100),
(373, 84, 355, 1600),
(374, 106, 356, 0),
(375, 103, 357, 0),
(376, 125, 358, 0),
(377, 125, 359, 0),
(378, 51, 360, 500),
(379, 56, 361, 100),
(380, 26, 362, 50),
(381, 102, 363, 150),
(382, 39, 364, 100),
(383, 102, 365, 150),
(384, 65, 366, 0),
(385, 102, 366, 200),
(386, 39, 367, 150),
(387, 51, 368, 300),
(388, 76, 368, 0),
(389, 102, 369, 100),
(390, 81, 370, 600),
(391, 102, 371, 100),
(392, 125, 372, 0),
(393, 102, 373, 120),
(394, 103, 374, 0),
(395, 102, 375, 150),
(396, 105, 376, 0),
(397, 102, 377, 50),
(398, 102, 378, 150),
(399, 22, 379, 250),
(400, 87, 380, 2259),
(401, 51, 381, 400),
(402, 110, 382, 0),
(403, 57, 383, 250),
(404, 22, 384, 120),
(405, 26, 385, 120),
(406, 102, 386, 125),
(407, 125, 387, 0),
(408, 62, 388, 100),
(409, 39, 389, 50),
(410, 102, 390, 330),
(411, 39, 391, 500),
(412, 102, 392, 120),
(413, 110, 393, 0),
(414, 30, 394, 200),
(415, 20, 395, 150),
(416, 15, 396, 80),
(417, 35, 397, 150),
(418, 35, 398, 30),
(419, 26, 399, 50),
(420, 57, 400, 180),
(421, 102, 401, 150),
(422, 102, 402, 150),
(423, 24, 403, 50),
(424, 102, 404, 100),
(425, 30, 405, 150),
(426, 102, 406, 200),
(427, 22, 407, 100),
(428, 102, 408, 150),
(429, 89, 409, 250),
(430, 41, 410, 50),
(431, 125, 411, 0),
(432, 51, 412, 120),
(433, 125, 413, 0),
(434, 9, 414, 150),
(435, 51, 415, 100),
(436, 22, 416, 70),
(437, 51, 417, 300),
(438, 39, 418, 166),
(439, 125, 419, 0),
(440, 102, 420, 170),
(441, 102, 421, 120),
(442, 125, 422, 0),
(443, 102, 423, 200),
(444, 102, 424, 350),
(445, 102, 425, 120),
(446, 102, 426, 120),
(447, 26, 427, 150),
(448, 9, 428, 150),
(449, 102, 429, 50),
(450, 57, 430, 150),
(451, 53, 431, 200),
(452, 102, 432, 120),
(453, 102, 433, 120),
(454, 110, 434, 0),
(455, 2, 435, 150),
(456, 56, 436, 100),
(457, 97, 437, 1200),
(458, 125, 438, 0),
(459, 105, 439, 0),
(460, 34, 440, 100),
(461, 35, 441, 150),
(462, 102, 442, 100),
(463, 102, 443, 100),
(464, 102, 444, 200),
(465, 111, 445, 0),
(466, 86, 446, 200),
(467, 102, 447, 300),
(468, 109, 448, 0),
(469, 120, 449, 100),
(470, 69, 450, 200),
(471, 125, 451, 0),
(472, 86, 452, 200),
(473, 15, 453, 100),
(474, 120, 454, 100),
(475, 2, 455, 100),
(476, 66, 456, 0),
(477, 51, 457, 150),
(478, 123, 458, 0),
(479, 102, 459, 80),
(480, 15, 460, 0),
(481, 15, 461, 0),
(482, 56, 462, 100),
(483, 62, 463, 344),
(484, 111, 464, 0),
(485, 109, 465, 0),
(486, 2, 466, 100),
(487, 22, 467, 200),
(488, 125, 468, 0),
(489, 2, 469, 100),
(490, 45, 470, 80),
(491, 86, 471, 200),
(492, 91, 472, 100),
(493, 125, 473, 0),
(494, 125, 474, 0),
(495, 5, 475, 50),
(496, 125, 476, 0),
(497, 102, 477, 200),
(498, 91, 478, 100),
(499, 57, 479, 100),
(500, 90, 480, 200),
(501, 15, 481, 100),
(502, 51, 482, 200),
(503, 15, 483, 100),
(504, 87, 483, 250),
(505, 56, 484, 50),
(506, 15, 485, 100),
(507, 76, 485, 0),
(508, 39, 486, 50),
(509, 102, 487, 150),
(510, 5, 488, 100),
(511, 120, 489, 150),
(512, 15, 490, 100),
(513, 120, 491, 150),
(514, 58, 492, 200),
(515, 15, 493, 100),
(516, 91, 494, 300),
(517, 123, 495, 0),
(518, 39, 496, 100),
(519, 125, 497, 0),
(520, 123, 498, 0),
(521, 110, 499, 0),
(522, 102, 500, 100),
(523, 56, 501, 50),
(524, 22, 502, 150),
(525, 15, 503, 140),
(526, 87, 504, 288),
(527, 89, 504, 100),
(528, 15, 505, 150),
(529, 89, 506, 150),
(530, 89, 507, 100),
(531, 26, 508, 50),
(532, 7, 509, 150),
(533, 102, 510, 100),
(534, 89, 511, 100),
(535, 5, 512, 100),
(536, 37, 513, 150),
(537, 5, 514, 250),
(538, 102, 515, 100),
(539, 102, 516, 150),
(540, 41, 517, 100),
(541, 72, 518, 150),
(542, 123, 519, 0),
(543, 89, 519, 200),
(544, 122, 520, 0),
(545, 64, 520, 120),
(546, 54, 521, 100),
(547, 91, 522, 100),
(548, 57, 523, 150),
(549, 125, 524, 50),
(550, 39, 525, 150),
(551, 125, 526, 0),
(552, 102, 527, 50),
(553, 2, 528, 100),
(554, 2, 529, 50),
(555, 2, 530, 50),
(556, 110, 531, 0),
(557, 2, 532, 50),
(558, 2, 533, 150),
(559, 15, 534, 0),
(560, 51, 535, 100),
(561, 35, 536, 50),
(562, 15, 537, 50),
(563, 57, 538, 100),
(564, 90, 539, 50),
(565, 120, 540, 100),
(566, 39, 541, 100),
(567, 46, 542, 50),
(568, 56, 543, 150),
(569, 102, 544, 100),
(570, 51, 545, 100),
(571, 125, 546, 0),
(572, 102, 547, 100),
(573, 115, 548, 50),
(574, 90, 549, 200),
(575, 123, 550, 0),
(576, 104, 551, 0),
(577, 90, 551, 400),
(578, 7, 552, 150),
(579, 41, 553, 50),
(580, 102, 554, 0),
(581, 41, 555, 50),
(582, 57, 556, 150),
(583, 110, 557, 0),
(584, 102, 558, 150),
(585, 109, 559, 0),
(586, 102, 560, 150),
(587, 109, 561, 0),
(588, 69, 562, 100),
(589, 111, 563, 0),
(590, 39, 564, 150),
(591, 125, 565, 50),
(592, 123, 566, 0),
(593, 2, 567, 100),
(594, 2, 568, 100),
(595, 69, 569, 50),
(596, 2, 570, 60),
(597, 99, 571, 50),
(598, 102, 572, 150),
(599, 90, 573, 150),
(600, 2, 574, 100),
(601, 120, 575, 80),
(602, 69, 576, 100),
(603, 102, 577, 100),
(604, 2, 578, 100),
(605, 57, 579, 100),
(606, 86, 580, 200),
(607, 110, 581, 0),
(608, 90, 582, 200),
(609, 125, 583, 0),
(610, 2, 584, 200),
(611, 2, 585, 100),
(612, 90, 586, 0),
(613, 102, 586, 100),
(614, 58, 587, 100),
(615, 58, 588, 100),
(616, 102, 589, 60),
(617, 123, 590, 0),
(618, 58, 591, 50),
(619, 51, 592, 0),
(620, 1, 593, 50),
(621, 69, 594, 50),
(622, 89, 595, 100),
(623, 120, 596, 100),
(624, 2, 597, 100),
(625, 2, 598, 200),
(626, 102, 599, 120),
(627, 69, 600, 100),
(628, 102, 601, 80),
(629, 102, 602, 150),
(630, 102, 603, 100),
(631, 125, 604, 100),
(632, 102, 605, 50),
(633, 109, 606, 0),
(634, 99, 607, 50),
(635, 35, 608, 50),
(636, 56, 609, 50),
(637, 123, 610, 0),
(638, 89, 610, 200),
(639, 56, 611, 80),
(640, 7, 612, 50),
(641, 102, 613, 0),
(642, 102, 614, 100),
(643, 89, 615, 200),
(644, 89, 615, 200),
(645, 2, 616, 60),
(646, 125, 617, 0),
(647, 58, 618, 150),
(648, 39, 619, 100),
(649, 102, 620, 150),
(650, 56, 621, 50),
(651, 103, 622, 0),
(652, 69, 623, 100),
(653, 90, 624, 200),
(654, 2, 625, 50),
(655, 39, 626, 150),
(656, 120, 627, 100),
(657, 125, 628, 0),
(658, 2, 629, 100),
(659, 7, 630, 0),
(660, 91, 631, 200),
(661, 2, 632, 50),
(662, 102, 633, 200),
(663, 15, 634, 150),
(664, 15, 635, 150),
(665, 5, 636, 50),
(666, 57, 637, 100),
(667, 15, 638, 0),
(668, 102, 639, 100),
(669, 56, 640, 30),
(670, 125, 641, 0),
(671, 102, 642, 60),
(672, 56, 643, 50),
(673, 2, 644, 60),
(674, 102, 645, 100),
(675, 125, 646, 0),
(676, 39, 647, 50),
(677, 7, 648, 50),
(678, 109, 649, 0),
(679, 120, 650, 60),
(680, 102, 651, 150),
(681, 120, 652, 100),
(682, 66, 653, 0),
(683, 37, 654, 80),
(684, 35, 655, 60),
(685, 2, 656, 80),
(686, 69, 657, 60),
(687, 56, 658, 50),
(688, 61, 659, 520),
(689, 122, 660, 0),
(690, 2, 661, 200),
(691, 65, 662, 0),
(692, 125, 663, 0),
(693, 42, 664, 300),
(694, 125, 665, 0),
(695, 43, 666, 150),
(696, 102, 667, 500),
(697, 125, 668, 0),
(698, 125, 669, 0),
(699, 79, 670, 0),
(700, 106, 671, 0),
(701, 102, 672, 150),
(702, 51, 673, 100),
(703, 72, 674, 450),
(704, 2, 675, 100),
(705, 125, 676, 0),
(706, 119, 677, 400),
(707, 64, 678, 500),
(708, 102, 679, 50),
(709, 5, 680, 150),
(710, 41, 681, 250),
(711, 72, 682, 600),
(712, 110, 683, 0),
(713, 69, 684, 100),
(714, 120, 685, 200),
(715, 125, 686, 0),
(716, 109, 687, 0),
(717, 102, 688, 150),
(718, 2, 689, 80),
(719, 102, 690, 0),
(720, 3, 691, 100),
(721, 125, 692, 0),
(722, 15, 693, 150),
(723, 102, 694, 600),
(724, 51, 695, 100),
(725, 102, 696, 150),
(726, 82, 697, 1000),
(727, 102, 698, 100),
(728, 90, 699, 200),
(729, 39, 700, 80),
(730, 61, 701, 400),
(731, 125, 702, 0),
(732, 21, 703, 100),
(733, 2, 704, 100),
(734, 7, 705, 200),
(735, 54, 706, 300),
(736, 75, 707, 100),
(737, 120, 708, 100),
(738, 102, 709, 100),
(739, 97, 709, 1200),
(740, 110, 710, 0),
(741, 39, 711, 100),
(742, 120, 712, 110),
(743, 39, 713, 0),
(744, 39, 714, 50),
(745, 15, 715, 0),
(746, 125, 716, 0),
(747, 15, 717, 200),
(748, 90, 718, 200),
(749, 57, 719, 100),
(750, 15, 720, 50),
(751, 123, 721, 0),
(752, 125, 721, 150),
(753, 21, 722, 100),
(754, 119, 723, 400),
(755, 102, 724, 100),
(756, 103, 725, 0),
(757, 57, 726, 100),
(758, 102, 727, 100),
(759, 26, 728, 50),
(760, 102, 729, 500),
(761, 15, 730, 150),
(762, 102, 731, 100),
(763, 5, 732, 100),
(764, 15, 733, 150),
(765, 102, 734, 100),
(766, 43, 735, 100),
(767, 125, 736, 0),
(768, 102, 737, 100),
(769, 7, 738, 50),
(770, 125, 739, 0),
(771, 43, 740, 100),
(772, 125, 741, 0),
(773, 102, 742, 150),
(774, 119, 743, 300),
(775, 109, 744, 0),
(776, 115, 745, 50),
(777, 125, 746, 0),
(778, 109, 747, 0),
(779, 102, 748, 0),
(780, 57, 749, 100),
(781, 102, 750, 100),
(782, 26, 751, 0),
(783, 102, 752, 100),
(784, 7, 753, 50),
(785, 39, 754, 50),
(786, 2, 755, 100),
(787, 102, 756, 100),
(788, 102, 757, 80),
(789, 56, 758, 100),
(790, 45, 759, 75),
(791, 56, 760, 50),
(792, 45, 761, 50),
(793, 62, 762, 100),
(794, 102, 763, 100),
(795, 39, 764, 100),
(796, 102, 765, 100),
(797, 29, 766, 100),
(798, 125, 767, 0),
(799, 125, 768, 100),
(800, 120, 769, 100),
(801, 57, 770, 100),
(802, 110, 771, 0),
(803, 102, 772, 100),
(804, 102, 773, 100),
(805, 102, 774, 100),
(806, 15, 775, 50),
(807, 52, 776, 150),
(808, 15, 777, 0),
(809, 7, 778, 50),
(810, 90, 779, 200),
(811, 125, 780, 0),
(812, 56, 781, 100),
(813, 110, 782, 0),
(814, 62, 783, 100),
(815, 109, 784, 0),
(816, 58, 785, 110),
(817, 26, 786, 220),
(818, 88, 787, 0),
(819, 39, 788, 0),
(820, 73, 789, 300),
(821, 26, 790, 50),
(822, 26, 791, 300),
(823, 119, 792, 0),
(824, 123, 793, 0),
(825, 123, 794, 220),
(826, 66, 795, 0),
(827, 5, 796, 100),
(828, 125, 797, 0),
(829, 2, 798, 100),
(830, 5, 799, 100),
(831, 102, 800, 0),
(832, 72, 801, 0),
(833, 125, 802, 0),
(834, 2, 803, 400),
(835, 7, 804, 300),
(836, 66, 805, 0),
(837, 125, 806, 300),
(838, 123, 807, 0),
(839, 123, 808, 0),
(840, 102, 809, 200),
(841, 110, 810, 0),
(842, 125, 811, 0),
(843, 119, 812, 100),
(844, 5, 813, 100),
(845, 125, 814, 0),
(846, 109, 815, 0),
(847, 51, 816, 100),
(848, 61, 817, 300),
(849, 109, 818, 0),
(850, 39, 819, 100),
(851, 125, 820, 0),
(852, 125, 821, 100),
(853, 37, 822, 100),
(854, 23, 823, 300),
(855, 47, 824, 300),
(856, 101, 825, 100),
(857, 51, 826, 300),
(858, 51, 827, 300),
(859, 106, 828, 0),
(860, 119, 829, 300),
(861, 106, 830, 0),
(862, 106, 831, 0),
(863, 51, 832, 250),
(864, 51, 833, 300),
(865, 51, 834, 300),
(866, 38, 835, 200),
(867, 51, 836, 250),
(868, 51, 837, 350),
(869, 55, 838, 600),
(870, 47, 839, 250),
(871, 38, 840, 100),
(872, 23, 841, 150),
(873, 51, 842, 250),
(874, 58, 843, 300),
(875, 58, 844, 300),
(876, 99, 845, 300),
(877, 101, 846, 100),
(878, 51, 847, 300),
(879, 51, 848, 200),
(880, 55, 849, 200),
(881, 54, 850, 300),
(882, 101, 851, 100),
(883, 106, 852, 0),
(884, 101, 853, 150),
(885, 51, 854, 120),
(886, 102, 855, 100),
(887, 102, 856, 100),
(888, 51, 857, 120),
(889, 1, 858, 120),
(890, 1, 859, 150),
(891, 26, 860, 100),
(892, 26, 861, 100),
(893, 47, 862, 120),
(894, 106, 863, 0),
(895, 102, 864, 80),
(896, 102, 865, 100),
(897, 1, 866, 150),
(898, 30, 867, 150),
(899, 4, 868, 150),
(900, 1, 869, 120),
(901, 32, 870, 150),
(902, 106, 871, 0),
(903, 47, 872, 120),
(904, 1, 873, 120),
(905, 51, 874, 250),
(906, 51, 875, 200),
(907, 25, 876, 150),
(908, 47, 877, 150),
(909, 16, 878, 100),
(910, 28, 879, 200),
(911, 47, 880, 150),
(912, 1, 881, 120),
(913, 106, 882, 0),
(914, 47, 883, 150),
(915, 51, 884, 400),
(916, 4, 885, 250),
(917, 51, 886, 250),
(918, 51, 887, 150),
(919, 106, 888, 0),
(920, 51, 889, 200),
(921, 38, 890, 250),
(922, 51, 891, 150),
(923, 101, 892, 80),
(924, 98, 893, 300),
(925, 1, 894, 150),
(926, 26, 895, 50),
(927, 11, 896, 100),
(928, 28, 897, 200),
(929, 28, 898, 120),
(930, 111, 899, 0),
(931, 102, 900, 100),
(932, 4, 901, 120),
(933, 51, 902, 150),
(934, 51, 903, 350),
(935, 52, 904, 250),
(936, 17, 905, 350),
(937, 28, 906, 100),
(938, 26, 907, 50),
(939, 17, 908, 200),
(940, 28, 909, 200),
(941, 26, 910, 100),
(942, 125, 911, 100),
(943, 119, 912, 3000),
(944, 119, 913, 250),
(945, 102, 914, 200),
(946, 51, 915, 500),
(947, 26, 916, 350),
(948, 28, 917, 1200),
(949, 125, 918, 150),
(950, 52, 919, 450),
(951, 52, 920, 300),
(952, 119, 921, 400),
(953, 26, 922, 500),
(954, 51, 923, 250),
(955, 26, 924, 0),
(956, 115, 925, 120),
(957, 25, 926, 250),
(958, 67, 927, 600),
(959, 99, 928, 200),
(960, 51, 929, 250),
(961, 99, 930, 100),
(962, 110, 931, 0),
(963, 6, 932, 250),
(964, 51, 933, 500),
(965, 51, 934, 300),
(966, 110, 935, 0),
(967, 102, 936, 150),
(968, 26, 937, 100),
(969, 26, 938, 100),
(970, 4, 939, 300),
(971, 98, 940, 250),
(972, 11, 941, 150),
(973, 38, 942, 400),
(974, 47, 943, 250),
(975, 26, 944, 120),
(976, 105, 945, 0),
(977, 67, 946, 500),
(978, 102, 947, 150),
(979, 27, 948, 300),
(980, 38, 949, 250),
(981, 67, 950, 500),
(982, 99, 951, 120),
(983, 4, 952, 500),
(984, 25, 953, 200),
(985, 98, 954, 200),
(986, 102, 955, 100),
(987, 26, 956, 600),
(988, 98, 957, 200),
(989, 57, 958, 200),
(990, 99, 959, 100),
(991, 99, 960, 100),
(992, 1, 961, 200),
(993, 99, 962, 150),
(994, 51, 963, 200),
(995, 51, 964, 300),
(996, 102, 965, 100),
(997, 47, 966, 200),
(998, 47, 967, 150),
(999, 25, 968, 700),
(1000, 98, 969, 200),
(1001, 40, 970, 150),
(1002, 57, 971, 150),
(1003, 106, 972, 0),
(1004, 51, 973, 200),
(1005, 99, 974, 120),
(1006, 125, 975, 0),
(1007, 98, 976, 250),
(1008, 112, 977, 100),
(1009, 99, 978, 100),
(1010, 27, 979, 250),
(1011, 4, 980, 150),
(1012, 4, 981, 150),
(1013, 55, 982, 200),
(1014, 108, 983, 0),
(1015, 16, 984, 500),
(1016, 99, 985, 150),
(1017, 110, 986, 0),
(1018, 102, 987, 200),
(1019, 51, 988, 100),
(1020, 55, 989, 0),
(1021, 27, 990, 100),
(1022, 17, 991, 100),
(1023, 14, 992, 250),
(1024, 25, 993, 350),
(1025, 26, 994, 200),
(1026, 99, 995, 150),
(1027, 56, 996, 100),
(1028, 52, 997, 250),
(1029, 55, 998, 400),
(1030, 102, 999, 200),
(1031, 99, 1000, 150),
(1032, 99, 1001, 100),
(1033, 51, 1002, 500),
(1034, 125, 1003, 0),
(1035, 27, 1004, 200),
(1036, 70, 1005, 1500),
(1037, 38, 1006, 500),
(1038, 26, 1007, 500),
(1039, 99, 1008, 100),
(1040, 51, 1009, 350),
(1041, 51, 1010, 350),
(1042, 12, 1011, 150),
(1043, 102, 1012, 120),
(1044, 125, 1013, 3000),
(1045, 99, 1014, 100),
(1046, 8, 1015, 250),
(1047, 98, 1016, 250),
(1048, 99, 1017, 100),
(1049, 59, 1018, 200),
(1050, 26, 1019, 300),
(1051, 99, 1020, 150),
(1052, 8, 1021, 250),
(1053, 51, 1022, 200),
(1054, 57, 1023, 600),
(1055, 38, 1024, 600),
(1056, 98, 1025, 200),
(1057, 26, 1026, 1000),
(1058, 110, 1027, 0),
(1059, 51, 1028, 450),
(1060, 26, 1029, 200),
(1061, 18, 1030, 800),
(1062, 26, 1031, 350),
(1063, 27, 1032, 200),
(1064, 110, 1033, 0),
(1065, 102, 1034, 200),
(1066, 12, 1035, 150),
(1067, 47, 1036, 250),
(1068, 11, 1037, 150),
(1069, 26, 1038, 100),
(1070, 112, 1039, 800),
(1071, 4, 1040, 250),
(1072, 102, 1041, 150),
(1073, 2, 1042, 150),
(1074, 26, 1043, 200),
(1075, 8, 1044, 200),
(1076, 119, 1045, 600),
(1077, 4, 1046, 650),
(1078, 99, 1047, 150),
(1079, 99, 1048, 150),
(1080, 51, 1049, 800),
(1081, 107, 1050, 0),
(1082, 70, 1051, 1500),
(1083, 26, 1052, 300),
(1084, 38, 1053, 550),
(1085, 125, 1054, 0),
(1086, 26, 1055, 100),
(1087, 107, 1056, 0),
(1088, 107, 1057, 0),
(1089, 38, 1058, 500),
(1090, 67, 1059, 350),
(1091, 26, 1060, 300),
(1092, 45, 1061, 100),
(1093, 26, 1062, 200),
(1094, 26, 1063, 200),
(1095, 99, 1064, 120),
(1096, 107, 1065, 0),
(1097, 107, 1066, 0),
(1098, 107, 1067, 0),
(1099, 51, 1068, 300),
(1100, 55, 1069, 600),
(1101, 110, 1070, 0),
(1102, 25, 1071, 250),
(1103, 13, 1072, 500),
(1104, 51, 1073, 300),
(1105, 102, 1074, 100),
(1106, 19, 1075, 250),
(1107, 99, 1076, 150),
(1108, 26, 1077, 800),
(1109, 28, 1078, 400),
(1110, 47, 1079, 300),
(1111, 110, 1080, 0),
(1112, 104, 1081, 0),
(1113, 102, 1082, 150),
(1114, 118, 1083, 1000),
(1115, 26, 1084, 150),
(1116, 104, 1085, 0),
(1117, 26, 1086, 250),
(1118, 26, 1087, 200),
(1119, 101, 1088, 150),
(1120, 26, 1089, 350),
(1121, 13, 1090, 250),
(1122, 38, 1091, 0),
(1123, 119, 1091, 900),
(1124, 100, 1091, 312),
(1125, 26, 1092, 200),
(1126, 38, 1093, 300),
(1127, 4, 1094, 1000),
(1128, 118, 1095, 9000),
(1129, 26, 1096, 350),
(1130, 37, 1097, 200),
(1131, 119, 1098, 8000),
(1132, 118, 1099, 1000),
(1133, 113, 1100, 800),
(1134, 107, 1101, 0),
(1135, 4, 1102, 600),
(1136, 99, 1103, 100),
(1137, 102, 1104, 100),
(1138, 118, 1105, 12500),
(1139, 102, 1106, 80),
(1140, 26, 1107, 400),
(1141, 102, 1108, 150),
(1142, 26, 1109, 100),
(1143, 26, 1110, 350),
(1144, 99, 1111, 120),
(1145, 99, 1112, 120),
(1146, 125, 1113, 0),
(1147, 26, 1114, 120),
(1148, 55, 1115, 120),
(1149, 10, 1116, 250),
(1150, 10, 1117, 250),
(1151, 119, 1118, 400),
(1152, 26, 1119, 900),
(1153, 26, 1120, 100),
(1154, 118, 1121, 4000),
(1155, 125, 1122, 0),
(1156, 107, 1123, 0),
(1157, 109, 1124, 0),
(1158, 26, 1125, 900),
(1159, 67, 1126, 500),
(1160, 27, 1127, 600),
(1161, 47, 1128, 600),
(1162, 99, 1129, 150),
(1163, 56, 1130, 120),
(1164, 11, 1131, 100),
(1165, 4, 1132, 300),
(1166, 99, 1133, 150),
(1167, 26, 1134, 150),
(1168, 99, 1135, 150),
(1169, 57, 1136, 150),
(1170, 125, 1137, 0),
(1171, 4, 1138, 150),
(1172, 11, 1139, 150),
(1173, 26, 1140, 250),
(1174, 25, 1141, 130),
(1175, 125, 1142, 150),
(1176, 26, 1143, 100),
(1177, 26, 1144, 1300),
(1178, 55, 1145, 800),
(1179, 26, 1146, 1000),
(1180, 67, 1147, 0),
(1181, 44, 1147, 300),
(1182, 51, 1148, 500),
(1183, 51, 1149, 600),
(1184, 26, 1150, 400),
(1185, 26, 1151, 120),
(1186, 26, 1152, 300),
(1187, 55, 1153, 100),
(1188, 36, 1154, 400),
(1189, 26, 1155, 1000),
(1190, 26, 1156, 200),
(1191, 26, 1157, 100),
(1192, 26, 1158, 4500),
(1193, 26, 1159, 150),
(1194, 25, 1160, 300),
(1195, 26, 1161, 200),
(1196, 67, 1162, 0),
(1197, 107, 1163, 0),
(1198, 26, 1164, 200),
(1199, 119, 1165, 1000),
(1200, 67, 1166, 3500),
(1201, 26, 1167, 0),
(1202, 4, 1168, 800),
(1203, 115, 1169, 120),
(1204, 4, 1170, 300),
(1205, 26, 1171, 200),
(1206, 26, 1172, 200),
(1207, 99, 1173, 100),
(1208, 26, 1174, 150),
(1209, 19, 1175, 200),
(1210, 26, 1176, 150),
(1211, 67, 1177, 300),
(1212, 26, 1178, 300),
(1213, 26, 1179, 150),
(1214, 38, 1180, 200),
(1215, 125, 1181, 400),
(1216, 4, 1182, 1500),
(1217, 4, 1183, 400),
(1218, 26, 1184, 110),
(1219, 44, 1185, 300),
(1220, 119, 1186, 1500),
(1221, 51, 1187, 450),
(1222, 18, 1188, 450),
(1223, 4, 1189, 150),
(1224, 67, 1190, 300),
(1225, 67, 1191, 300),
(1226, 26, 1192, 800),
(1227, 51, 1193, 450),
(1228, 10, 1194, 500),
(1229, 44, 1195, 300),
(1230, 72, 1196, 500),
(1231, 11, 1197, 150),
(1232, 44, 1198, 300),
(1233, 4, 1199, 120),
(1234, 12, 1200, 120),
(1235, 10, 1201, 250),
(1236, 59, 1202, 100),
(1237, 26, 1203, 100),
(1238, 102, 1204, 100),
(1239, 33, 1205, 150),
(1240, 26, 1206, 300),
(1241, 26, 1207, 650),
(1242, 13, 1208, 400),
(1243, 27, 1209, 100),
(1244, 26, 1210, 250),
(1245, 123, 1211, 0),
(1246, 123, 1212, 0),
(1247, 123, 1213, 0),
(1248, 99, 1214, 100),
(1249, 99, 1215, 100),
(1250, 23, 1216, 200),
(1251, 23, 1217, 200),
(1252, 23, 1218, 200),
(1253, 12, 1219, 120),
(1254, 28, 1220, 250),
(1255, 1, 1221, 300),
(1256, 124, 1222, 150),
(1257, 99, 1223, 104),
(1258, 58, 1224, 150),
(1259, 47, 1225, 400),
(1260, 28, 1226, 300),
(1261, 102, 1227, 100),
(1262, 102, 1228, 100),
(1263, 67, 1229, 200),
(1264, 102, 1230, 100),
(1265, 37, 1231, 200),
(1266, 47, 1232, 350),
(1267, 99, 1233, 120),
(1268, 102, 1234, 200),
(1269, 103, 1235, 0),
(1270, 1, 1236, 150),
(1271, 47, 1237, 300),
(1272, 26, 1238, 150),
(1273, 102, 1239, 100),
(1274, 26, 1240, 150),
(1275, 26, 1241, 650),
(1276, 51, 1242, 150),
(1277, 99, 1243, 150),
(1278, 26, 1244, 200),
(1279, 103, 1245, 0),
(1280, 99, 1246, 120),
(1281, 47, 1247, 500),
(1282, 23, 1248, 300),
(1283, 26, 1249, 120),
(1284, 102, 1250, 120),
(1285, 10, 1251, 120),
(1286, 99, 1252, 120),
(1287, 98, 1253, 250),
(1288, 123, 1254, 0),
(1289, 102, 1255, 0),
(1290, 57, 1256, 150),
(1291, 99, 1257, 120),
(1292, 58, 1258, 100),
(1293, 99, 1259, 120),
(1294, 58, 1260, 150),
(1295, 98, 1261, 250),
(1296, 58, 1262, 180),
(1297, 47, 1263, 400),
(1298, 38, 1264, 350),
(1299, 102, 1265, 150),
(1300, 102, 1266, 100),
(1301, 47, 1267, 500),
(1302, 125, 1268, 150),
(1303, 1, 1269, 350),
(1304, 98, 1270, 450),
(1305, 47, 1271, 550),
(1306, 58, 1272, 350),
(1307, 26, 1273, 400),
(1308, 59, 1274, 500),
(1309, 47, 1275, 1250),
(1310, 28, 1276, 350),
(1311, 1, 1277, 350),
(1312, 23, 1278, 350),
(1313, 58, 1279, 350),
(1314, 1, 1280, 350),
(1315, 102, 1281, 150),
(1316, 58, 1282, 350),
(1317, 111, 1283, 0),
(1318, 58, 1284, 500),
(1319, 57, 1285, 500),
(1320, 6, 1286, 450),
(1321, 58, 1287, 650),
(1322, 58, 1288, 750),
(1323, 58, 1289, 550),
(1324, 101, 1290, 250),
(1325, 101, 1291, 250),
(1326, 125, 1292, 0),
(1327, 102, 1293, 200),
(1328, 101, 1294, 250),
(1329, 102, 1295, 120),
(1330, 55, 1296, 150),
(1331, 101, 1297, 250),
(1332, 102, 1298, 200),
(1333, 101, 1299, 200),
(1334, 1, 1300, 400),
(1335, 101, 1301, 350),
(1336, 101, 1302, 150),
(1337, 4, 1303, 600),
(1338, 101, 1304, 150),
(1339, 28, 1305, 550),
(1340, 28, 1306, 650),
(1341, 28, 1307, 500),
(1342, 102, 1308, 150),
(1343, 101, 1309, 250),
(1344, 47, 1310, 1200),
(1345, 1, 1311, 550),
(1346, 58, 1312, 650),
(1347, 1, 1313, 350),
(1348, 1, 1314, 350),
(1349, 67, 1315, 500),
(1350, 1, 1316, 550),
(1351, 1, 1317, 400),
(1352, 1, 1318, 350),
(1353, 102, 1319, 120),
(1354, 51, 1320, 450),
(1355, 1, 1321, 300),
(1356, 125, 1322, 350),
(1357, 115, 1323, 150),
(1358, 1, 1324, 350),
(1359, 125, 1325, 120),
(1360, 1, 1326, 150),
(1361, 102, 1327, 150),
(1362, 1, 1328, 250),
(1363, 55, 1329, 600),
(1364, 28, 1330, 250),
(1365, 101, 1331, 120),
(1366, 1, 1332, 350),
(1367, 107, 1333, 0),
(1368, 102, 1334, 150),
(1369, 55, 1335, 350),
(1370, 6, 1336, 650),
(1371, 4, 1337, 650),
(1372, 47, 1338, 1550),
(1373, 98, 1339, 550),
(1374, 111, 1340, 0),
(1375, 101, 1341, 250),
(1376, 58, 1342, 250),
(1377, 47, 1343, 550),
(1378, 101, 1344, 200),
(1379, 102, 1345, 150),
(1380, 58, 1346, 500),
(1381, 102, 1347, 120),
(1382, 102, 1348, 120),
(1383, 102, 1349, 150),
(1384, 1, 1350, 450),
(1385, 103, 1351, 0),
(1386, 1, 1352, 350),
(1387, 101, 1353, 250),
(1388, 58, 1354, 255),
(1389, 23, 1355, 450),
(1390, 1, 1356, 900),
(1391, 1, 1357, 450),
(1392, 28, 1358, 450),
(1393, 58, 1359, 650),
(1394, 1, 1360, 350),
(1395, 1, 1361, 650),
(1396, 1, 1362, 0),
(1397, 47, 1363, 950),
(1398, 58, 1364, 550),
(1399, 58, 1365, 350),
(1400, 1, 1366, 450),
(1401, 1, 1367, 450),
(1402, 98, 1368, 650),
(1403, 58, 1369, 600),
(1404, 58, 1370, 350),
(1405, 47, 1371, 550),
(1406, 58, 1372, 650),
(1407, 58, 1373, 900),
(1408, 125, 1374, 0),
(1409, 54, 1375, 550),
(1410, 1, 1376, 650),
(1411, 98, 1377, 800),
(1412, 47, 1378, 900),
(1413, 98, 1379, 550),
(1414, 98, 1380, 900),
(1415, 98, 1381, 600),
(1416, 98, 1382, 550),
(1417, 58, 1383, 400),
(1418, 1, 1384, 350),
(1419, 98, 1385, 500),
(1420, 98, 1386, 500),
(1421, 1, 1387, 360),
(1422, 19, 1388, 300),
(1423, 55, 1389, 200),
(1424, 13, 1390, 150),
(1425, 4, 1391, 350);

-- --------------------------------------------------------

--
-- Structure for view `occupation_count`
--
DROP TABLE IF EXISTS `occupation_count`;

CREATE ALGORITHM=UNDEFINED DEFINER=`root`@`localhost` SQL SECURITY DEFINER VIEW `occupation_count`  AS SELECT count(`household`.`household_id`) AS `COUNT(``household``.``household_id``)`, `occupation`.`name` AS `name` FROM ((`household` join `occ_income` on(`household`.`household_id` = `occ_income`.`household_id`)) join `occupation` on(`occupation`.`occupation_id` = `occ_income`.`occupation_id`)) GROUP BY `occupation`.`name` ;

-- --------------------------------------------------------

--
-- Structure for view `occupation_count_with_group`
--
DROP TABLE IF EXISTS `occupation_count_with_group`;

CREATE ALGORITHM=UNDEFINED DEFINER=`root`@`localhost` SQL SECURITY DEFINER VIEW `occupation_count_with_group`  AS SELECT count(`household`.`household_id`) AS `COUNT(``household``.``household_id``)`, `occupation`.`name` AS `name` FROM (((`household` join `occ_income` on(`household`.`household_id` = `occ_income`.`household_id`)) join `occupation` on(`occupation`.`occupation_id` = `occ_income`.`occupation_id`)) join `occ_group` on(`occupation`.`occ_group_id` = `occ_group`.`occ_group_id`)) GROUP BY `occupation`.`name` ;

--
-- Indexes for dumped tables
--

--
-- Indexes for table `household`
--
ALTER TABLE `household`
  ADD PRIMARY KEY (`household_id`),
  ADD KEY `fk_household_mahalle_mahalle_id` (`mahalle_id`);

--
-- Indexes for table `mahalle`
--
ALTER TABLE `mahalle`
  ADD PRIMARY KEY (`mahalle_id`);

--
-- Indexes for table `occupation`
--
ALTER TABLE `occupation`
  ADD PRIMARY KEY (`occupation_id`),
  ADD KEY `fk_occupation_occ_group_occ_group_id` (`occ_group_id`);

--
-- Indexes for table `occ_branch`
--
ALTER TABLE `occ_branch`
  ADD PRIMARY KEY (`occ_branch_id`);

--
-- Indexes for table `occ_group`
--
ALTER TABLE `occ_group`
  ADD PRIMARY KEY (`occ_group_id`),
  ADD KEY `fk_occ_group_occ_branch_occ_branch_id` (`occ_branch_id`);

--
-- Indexes for table `occ_income`
--
ALTER TABLE `occ_income`
  ADD PRIMARY KEY (`occ_income_id`),
  ADD KEY `fk_occ_income_occupation_occupation_id` (`occupation_id`),
  ADD KEY `fk_occ_income_household_household_id` (`household_id`);

--
-- AUTO_INCREMENT for dumped tables
--

--
-- AUTO_INCREMENT for table `household`
--
ALTER TABLE `household`
  MODIFY `household_id` int(11) NOT NULL AUTO_INCREMENT, AUTO_INCREMENT=1392;

--
-- AUTO_INCREMENT for table `mahalle`
--
ALTER TABLE `mahalle`
  MODIFY `mahalle_id` int(11) NOT NULL AUTO_INCREMENT, AUTO_INCREMENT=26;

--
-- AUTO_INCREMENT for table `occupation`
--
ALTER TABLE `occupation`
  MODIFY `occupation_id` int(11) NOT NULL AUTO_INCREMENT, AUTO_INCREMENT=126;

--
-- AUTO_INCREMENT for table `occ_branch`
--
ALTER TABLE `occ_branch`
  MODIFY `occ_branch_id` int(11) NOT NULL AUTO_INCREMENT, AUTO_INCREMENT=8;

--
-- AUTO_INCREMENT for table `occ_group`
--
ALTER TABLE `occ_group`
  MODIFY `occ_group_id` int(11) NOT NULL AUTO_INCREMENT, AUTO_INCREMENT=17;

--
-- AUTO_INCREMENT for table `occ_income`
--
ALTER TABLE `occ_income`
  MODIFY `occ_income_id` int(11) NOT NULL AUTO_INCREMENT, AUTO_INCREMENT=1426;

--
-- Constraints for dumped tables
--

--
-- Constraints for table `household`
--
ALTER TABLE `household`
  ADD CONSTRAINT `fk_household_mahalle_mahalle_id` FOREIGN KEY (`mahalle_id`) REFERENCES `mahalle` (`mahalle_id`);

--
-- Constraints for table `occupation`
--
ALTER TABLE `occupation`
  ADD CONSTRAINT `fk_occupation_occ_group_occ_group_id` FOREIGN KEY (`occ_group_id`) REFERENCES `occ_group` (`occ_group_id`);

--
-- Constraints for table `occ_group`
--
ALTER TABLE `occ_group`
  ADD CONSTRAINT `fk_occ_group_occ_branch_occ_branch_id` FOREIGN KEY (`occ_branch_id`) REFERENCES `occ_branch` (`occ_branch_id`);

--
-- Constraints for table `occ_income`
--
ALTER TABLE `occ_income`
  ADD CONSTRAINT `fk_occ_income_household_household_id` FOREIGN KEY (`household_id`) REFERENCES `household` (`household_id`),
  ADD CONSTRAINT `fk_occ_income_occupation_occupation_id` FOREIGN KEY (`occupation_id`) REFERENCES `occupation` (`occupation_id`);
COMMIT;

/*!40101 SET CHARACTER_SET_CLIENT=@OLD_CHARACTER_SET_CLIENT */;
/*!40101 SET CHARACTER_SET_RESULTS=@OLD_CHARACTER_SET_RESULTS */;
/*!40101 SET COLLATION_CONNECTION=@OLD_COLLATION_CONNECTION */;
