-- phpMyAdmin SQL Dump
-- version 5.1.1
-- https://www.phpmyadmin.net/
--
-- Host: 127.0.0.1
-- Generation Time: Jul 04, 2022 at 12:20 PM
-- Server version: 10.4.22-MariaDB
-- PHP Version: 8.1.1

SET SQL_MODE = "NO_AUTO_VALUE_ON_ZERO";
START TRANSACTION;
SET time_zone = "+00:00";


/*!40101 SET @OLD_CHARACTER_SET_CLIENT=@@CHARACTER_SET_CLIENT */;
/*!40101 SET @OLD_CHARACTER_SET_RESULTS=@@CHARACTER_SET_RESULTS */;
/*!40101 SET @OLD_COLLATION_CONNECTION=@@COLLATION_CONNECTION */;
/*!40101 SET NAMES utf8mb4 */;

--
-- Database: `ottomantest4`
--

-- --------------------------------------------------------

--
-- Table structure for table `household`
--

CREATE TABLE `household` (
  `household_id` int(11) NOT NULL,
  `member_forname` varchar(250) DEFAULT NULL,
  `member_surname` varchar(250) DEFAULT NULL,
  `fk_household_member_type_id` int(11) NOT NULL,
  `household_number` int(11) DEFAULT NULL,
  `fk_location_name_id` int(11) NOT NULL,
  `notes` varchar(250) DEFAULT NULL,
  `archive_code` varchar(250) DEFAULT NULL,
  `page` int(11) DEFAULT NULL
) ENGINE=InnoDB DEFAULT CHARSET=utf8;

--
-- Dumping data for table `household`
--

INSERT INTO `household` (`household_id`, `member_forname`, `member_surname`, `fk_household_member_type_id`, `household_number`, `fk_location_name_id`, `notes`, `archive_code`, `page`) VALUES
(1, 'Ahmed ve Hüseyyin ve Ali', 'Abdürrahman Ağa', 1, 1, 5, 'Alam', 'ML_VRD_TMT_d11036', NULL),
(2, 'Ahmed ', 'Osman', 1, 2, 5, '', 'ML_VRD_TMT_d11036', NULL),
(3, 'Emin', 'İbrahim', 1, 3, 5, '', 'ML_VRD_TMT_d11036', NULL),
(4, 'Hafız  Efendi ', 'Süleyman', 1, 4, 5, '', 'ML_VRD_TMT_d11036', NULL),
(5, 'Ahmed ', 'Hasan', 1, 5, 5, ' damadı ', 'ML_VRD_TMT_d11036', NULL),
(6, 'Hacı Mustafa ', 'Hacı Ahmed', 1, 6, 5, '', 'ML_VRD_TMT_d11036', NULL),
(7, '', 'Kemini  Mehmed valad Hacı Hafız Hüseyyin', 6, 6, 5, '', 'ML_VRD_TMT_d11036', NULL),
(8, '', 'Halilesi', 3, 6, 5, '', 'ML_VRD_TMT_d11036', NULL),
(9, 'Mustafa ', 'Ahmed', 1, 7, 5, 'taşınmış', 'ML_VRD_TMT_d11036', NULL),
(10, '', 'Hemşiresi', 7, 7, 5, '', 'ML_VRD_TMT_d11036', NULL),
(11, 'Şerif Mustafa ', 'İsmail', 1, 8, 5, 'Leskofçaya  gitmiş', 'ML_VRD_TMT_d11036', NULL),
(12, 'Ömer ', 'Mustafa', 1, 9, 5, '', 'ML_VRD_TMT_d11036', NULL),
(13, 'Memiş ', 'Ali', 1, 10, 5, '', 'ML_VRD_TMT_d11036', NULL),
(14, 'Ali Bey ', 'Abdülkerim Bey', 1, 11, 5, 'Simendire ', 'ML_VRD_TMT_d11036', NULL),
(15, '', 'Validesi', 2, 11, 5, '', 'ML_VRD_TMT_d11036', NULL),
(16, '', 'Hemşireleri', 7, 11, 5, '', 'ML_VRD_TMT_d11036', NULL),
(17, 'Hüseyyin ', 'Mehmed', 1, 12, 5, '', 'ML_VRD_TMT_d11036', NULL),
(18, 'Hacı Mehmed ', 'Hafız Ahmed', 1, 13, 5, '', 'ML_VRD_TMT_d11036', NULL),
(19, 'Numan', 'Süleyman', 1, 14, 5, 'Süvar', 'ML_VRD_TMT_d11036', NULL),
(20, 'Ali, Abdurahman ve Hasan', 'İbrahim', 1, 15, 5, '', 'ML_VRD_TMT_d11036', NULL),
(21, 'Osman ', 'Abdurahman', 1, 16, 5, '', 'ML_VRD_TMT_d11036', NULL),
(22, 'Salih ', 'Ahmed', 1, 17, 5, '', 'ML_VRD_TMT_d11036', NULL),
(23, 'Hafız Yusuf ', 'Hacı Mehmed Efendi', 1, 18, 5, '', 'ML_VRD_TMT_d11036', NULL),
(24, 'Ali ', 'Abdullah', 1, 19, 5, '', 'ML_VRD_TMT_d11036', NULL),
(25, 'Abdulcelil ', 'Hüseyin', 1, 20, 5, '', 'ML_VRD_TMT_d11036', NULL),
(26, 'Ali ', 'Hüseyin', 1, 21, 5, '', 'ML_VRD_TMT_d11036', NULL),
(27, 'Ali ', 'Mustafa', 1, 22, 5, '', 'ML_VRD_TMT_d11036', NULL),
(28, 'Osman ', 'Süleyman', 1, 23, 5, '', 'ML_VRD_TMT_d11036', NULL),
(29, 'Raşid ', 'Ahmed', 1, 24, 5, '', 'ML_VRD_TMT_d11036', NULL),
(30, 'Haydar ', 'Sadiş', 1, 25, 5, '', 'ML_VRD_TMT_d11036', NULL),
(31, 'Ali ', 'Abdullah', 1, 26, 5, '(Mahmed Paşaya tabi)', 'ML_VRD_TMT_d11036', NULL),
(32, 'Emin ', 'Abdullah', 1, 27, 5, '', 'ML_VRD_TMT_d11036', NULL),
(33, 'Abdurahman ', 'Emin', 1, 28, 5, 'Vidine gitmiş', 'ML_VRD_TMT_d11036', NULL),
(34, 'Mustafa ', 'Zeynel', 1, 29, 5, '', 'ML_VRD_TMT_d11036', NULL),
(35, 'Ahmed ', 'İbrahim', 1, 30, 5, '', 'ML_VRD_TMT_d11036', NULL),
(36, 'Mehmed ', 'Hacı Ahmed', 1, 31, 5, 'Vahisi Taşköprü mahallesinde Metiş valad Abdullatif', 'ML_VRD_TMT_d11036', NULL),
(37, 'Ahmed ', 'Abdullah', 1, 32, 5, '', 'ML_VRD_TMT_d11036', NULL),
(38, 'Mehmed ', 'Mustafa', 1, 33, 5, '', 'ML_VRD_TMT_d11036', NULL),
(39, 'Şerif ', 'Memiş', 1, 34, 5, '', 'ML_VRD_TMT_d11036', NULL),
(40, 'Salih ', 'Sadik', 1, 35, 5, '', 'ML_VRD_TMT_d11036', NULL),
(41, 'Hasan ', 'Abdullah', 1, 36, 5, '', 'ML_VRD_TMT_d11036', NULL),
(42, 'Abu Bekir ', 'İslam', 1, 37, 5, 'Süvar', 'ML_VRD_TMT_d11036', NULL),
(43, 'Hacı Osman ', 'Abdulhalim', 1, 38, 5, 'Tekaudu, Süvar', 'ML_VRD_TMT_d11036', NULL),
(44, 'Hasan ', 'Ahmed', 1, 39, 5, '', 'ML_VRD_TMT_d11036', NULL),
(45, 'Mahmud ', 'Ahmed', 1, 40, 5, 'Kasapa ait', 'ML_VRD_TMT_d11036', NULL),
(46, 'Hacı Ahmed ', 'Ahmed', 1, 41, 5, '', 'ML_VRD_TMT_d11036', NULL),
(47, 'Ayşe Hatun', '', 1, 42, 5, 'Merhum Rıza  Halilesi ', 'ML_VRD_TMT_d11036', NULL),
(48, 'Ali ', 'Mustafa', 1, 43, 5, 'Koltukçuluk Ticareti', 'ML_VRD_TMT_d11036', NULL),
(49, 'Abdulhalim ', 'Ahmed', 1, 44, 5, '', 'ML_VRD_TMT_d11036', NULL),
(50, 'Salim ', 'Ali', 1, 45, 5, '', 'ML_VRD_TMT_d11036', NULL),
(51, 'Mustafa ', 'Abdullatif', 1, 46, 5, '', 'ML_VRD_TMT_d11036', NULL),
(52, 'Mehmed Efendi ', '', 1, 63, 5, 'Şeriki', 'ML_VRD_TMT_d11036', NULL),
(53, 'Osman ', 'Murad', 1, 64, 5, '', 'ML_VRD_TMT_d11036', NULL),
(54, 'Mehmed ', 'Murad', 1, 65, 5, ' Ali Beye Tabi', 'ML_VRD_TMT_d11036', NULL),
(55, 'L ', 'Abdullah', 1, 66, 5, '', 'ML_VRD_TMT_d11036', NULL),
(56, 'Mustafa ', 'Salih', 1, 67, 5, '', 'ML_VRD_TMT_d11036', NULL),
(57, 'L', 'Yusuf', 1, 68, 5, '', 'ML_VRD_TMT_d11036', NULL),
(58, 'Ahmed ', 'Salih', 1, 69, 5, '', 'ML_VRD_TMT_d11036', NULL),
(59, 'Mehmed ', 'Mehmed', 1, 70, 5, '', 'ML_VRD_TMT_d11036', NULL),
(60, 'Halil ', 'Abdullah', 1, 71, 5, '', 'ML_VRD_TMT_d11036', NULL),
(61, 'Hasan ', 'Ali', 1, 72, 5, '', 'ML_VRD_TMT_d11036', NULL),
(62, 'Hasan Paşa ', 'Süleyman', 1, 73, 5, '(topçu onbaşı oğul)', 'ML_VRD_TMT_d11036', NULL),
(63, 'Yaşar ', '', 1, 74, 5, '(Mahmud Paşaya tabi)', 'ML_VRD_TMT_d11036', NULL),
(64, 'Yusuf ', 'Ali', 1, 75, 5, '', 'ML_VRD_TMT_d11036', NULL),
(65, 'Hacu Süleyman ', 'Mehmed', 1, 76, 5, 'Hac etmek üzere Mekkaya gitmiş', 'ML_VRD_TMT_d11036', NULL),
(66, 'Osman ', 'Abu Bekir', 1, 77, 5, '', 'ML_VRD_TMT_d11036', NULL),
(67, 'Ali ', 'Abdullah', 1, 78, 5, '', 'ML_VRD_TMT_d11036', NULL),
(68, 'Salih ', 'Ali', 1, 79, 5, '', 'ML_VRD_TMT_d11036', NULL),
(69, 'Ömer ', 'Ali', 1, 80, 5, 'Paşa Cami-i Şerif', 'ML_VRD_TMT_d11036', NULL),
(70, 'Sadik ', 'Abdullah', 1, 81, 5, '', 'ML_VRD_TMT_d11036', NULL),
(71, 'Ömer ', 'Ali', 1, 82, 5, '', 'ML_VRD_TMT_d11036', NULL),
(72, 'Süleyman ', 'Abu Bekir', 1, 83, 5, 'Hallaç', 'ML_VRD_TMT_d11036', NULL),
(73, 'Abdurrahman ', 'Ali', 1, 84, 5, '', 'ML_VRD_TMT_d11036', NULL),
(74, 'Emin Süleyman Efendi ', 'Osman', 1, 85, 5, 'Sani', 'ML_VRD_TMT_d11036', NULL),
(75, 'Emrullah ', 'Ali', 1, 86, 5, '', 'ML_VRD_TMT_d11036', NULL),
(76, 'Hasan ', 'Abdurrahman', 1, 87, 5, 'Süvar', 'ML_VRD_TMT_d11036', NULL),
(77, 'Ali ', 'Hasan', 1, 88, 5, 'Süvar', 'ML_VRD_TMT_d11036', NULL),
(78, 'Mehmed ', 'Ali', 1, 89, 5, 'Bosnaya gitmiş', 'ML_VRD_TMT_d11036', NULL),
(79, 'Mehmed ', 'Haydar', 1, 90, 5, '', 'ML_VRD_TMT_d11036', NULL),
(80, 'Salim ', 'Ömer', 1, 91, 5, '', 'ML_VRD_TMT_d11036', NULL),
(81, 'Mehmed ', 'İbrahim', 1, 92, 5, '', 'ML_VRD_TMT_d11036', NULL),
(82, 'Yaşar ', 'Hüseyyin', 1, 93, 5, '', 'ML_VRD_TMT_d11036', NULL),
(83, 'Osman ', 'Emin', 1, 94, 5, '', 'ML_VRD_TMT_d11036', NULL),
(84, 'Hasan ', 'Hüseyin', 1, 95, 5, '', 'ML_VRD_TMT_d11036', NULL),
(85, 'Merhum Hazinedar oğlu Ahmed Ağazade Hasan', '', 1, 96, 5, '', 'ML_VRD_TMT_d11036', NULL),
(86, 'Mustafa ', 'Hüseyin', 1, 97, 5, '', 'ML_VRD_TMT_d11036', NULL),
(87, 'Mürtezi ', 'Mehmed', 1, 98, 5, 'Süvar', 'ML_VRD_TMT_d11036', NULL),
(88, 'Hüseyin ', '', 1, 99, 5, '', 'ML_VRD_TMT_d11036', NULL),
(89, 'Halil ', 'Osman', 1, 100, 5, '', 'ML_VRD_TMT_d11036', NULL),
(90, 'Hasan', 'Tahir', 1, 101, 5, '', 'ML_VRD_TMT_d11036', NULL),
(91, 'Abdurrahman', 'Murtezi', 1, 102, 5, '', 'ML_VRD_TMT_d11036', NULL),
(92, 'Halil', '', 1, 103, 5, '', 'ML_VRD_TMT_d11036', NULL),
(93, 'Raşid ', 'İbrahim', 1, 104, 5, '', 'ML_VRD_TMT_d11036', NULL),
(94, 'Mustafa ', 'Abdullah', 1, 105, 5, 'Silistreye gitmiş', 'ML_VRD_TMT_d11036', NULL),
(95, 'Beşir  ', 'Ahmed *', 1, 106, 5, '', 'ML_VRD_TMT_d11036', NULL),
(96, '', '(kardeş)', 4, 106, 5, '', 'ML_VRD_TMT_d11036', NULL),
(97, 'Halil  ', 'Abdullah', 1, 107, 5, '', 'ML_VRD_TMT_d11036', NULL),
(98, 'Hacı Süleyman  ', 'Hacı Ahmed', 1, 108, 5, 'Simendire ', 'ML_VRD_TMT_d11036', NULL),
(99, 'Ahmed  ', '', 1, 109, 5, '', 'ML_VRD_TMT_d11036', NULL),
(100, 'Ahmed  ', 'Abdullah', 1, 110, 5, '', 'ML_VRD_TMT_d11036', NULL),
(101, 'L  ', 'Süleyman', 1, 111, 5, 'An asl-ı Yakova, Yakovaya gidip vefat olduğu, hanesi kapalı', 'ML_VRD_TMT_d11036', NULL),
(102, 'Başar  ', 'Süleyman', 1, 112, 5, '', 'ML_VRD_TMT_d11036', NULL),
(103, 'Yusuf  ', 'Abu Bekir', 1, 113, 5, '', 'ML_VRD_TMT_d11036', NULL),
(104, 'Hüseyin Mülazım  ', 'Mehmed', 1, 114, 5, 'var', 'ML_VRD_TMT_d11036', NULL),
(105, 'Mehmed  ', 'Ali', 1, 115, 5, '', 'ML_VRD_TMT_d11036', NULL),
(106, 'L', 'Süleyman', 1, 116, 5, '', 'ML_VRD_TMT_d11036', NULL),
(107, 'Abdi  ', 'Başar', 1, 117, 5, '', 'ML_VRD_TMT_d11036', NULL),
(108, 'Mir-i Miran Mahmud Paşa', 'Hafız Paşa', 1, 0, 6, '', 'ML_VRD_TMT_d11101', NULL),
(109, 'Mahmud Paşa ve biraderi Ali Bey İştirakan', '', 4, 0, 6, '', 'ML_VRD_TMT_d11101', NULL),
(110, 'Hafız Ahmed Efendi ', 'Mehmed', 1, 1, 6, 'İmam Sani', 'ML_VRD_TMT_d11101', NULL),
(111, 'Yusuf', 'Mehmed', 1, 2, 6, '', 'ML_VRD_TMT_d11101', NULL),
(112, 'Molla Said', 'Hasan', 1, 3, 6, '', 'ML_VRD_TMT_d11101', NULL),
(113, 'Hacı Ahmed Bey', 'Hacı Memiş', 1, 4, 6, '', 'ML_VRD_TMT_d11101', NULL),
(114, '', 'Halile', 3, 4, 6, '', 'ML_VRD_TMT_d11101', NULL),
(115, 'Ömer ve biraderi Mustafa', 'Mehmed ', 1, 5, 6, 'Simendire ', 'ML_VRD_TMT_d11101', NULL),
(116, 'Hacı Mustafa', 'Osman', 1, 6, 6, '', 'ML_VRD_TMT_d11101', NULL),
(117, '', '', 8, 6, 6, ' (diğer yeğen) topçu onbaşı', 'ML_VRD_TMT_d11101', NULL),
(118, 'Hacı Ali', 'Hacı Memiş', 1, 7, 6, 'Simendire ', 'ML_VRD_TMT_d11101', NULL),
(119, 'Hasan', 'Ali', 1, 8, 6, '', 'ML_VRD_TMT_d11101', NULL),
(120, 'B', 'Abdullah', 1, 9, 6, '', 'ML_VRD_TMT_d11101', NULL),
(121, '', 'Halile', 3, 9, 6, '', 'ML_VRD_TMT_d11101', NULL),
(122, '', 'Öğe Oğul yetim Mustafa valad Mehmed', 10, 9, 6, '', 'ML_VRD_TMT_d11101', NULL),
(123, '', 'Kain Validesi', 9, 9, 6, '', 'ML_VRD_TMT_d11101', NULL),
(124, 'Hacı Mustafa', 'Abdurrahman', 1, 10, 6, '', 'ML_VRD_TMT_d11101', NULL),
(125, '', 'Validesi', 2, 10, 6, '', 'ML_VRD_TMT_d11101', NULL),
(126, 'Hasan', 'Mehmed', 1, 11, 6, '', 'ML_VRD_TMT_d11101', NULL),
(127, 'Mahmud Bey ve biraderi Hüseyin Bey', 'Bekir Bey ', 1, 12, 6, 'Süvar', 'ML_VRD_TMT_d11101', NULL),
(128, 'Hacı Ali', 'Mehmed', 1, 13, 6, '', 'ML_VRD_TMT_d11101', NULL),
(129, 'Mustafa', 'Osman', 1, 14, 6, 'Üsküpe gitmiş', 'ML_VRD_TMT_d11101', NULL),
(130, 'Haşim', 'Bilal', 1, 15, 6, '', 'ML_VRD_TMT_d11101', NULL),
(131, 'Merhum Zımma Bey Halilesi Şerife Hatun', '', 1, 16, 6, '', 'ML_VRD_TMT_d11101', NULL),
(132, 'Mustafa', '', 1, 17, 6, '', 'ML_VRD_TMT_d11101', NULL),
(133, 'İsmail', 'Hasan', 1, 18, 6, '', 'ML_VRD_TMT_d11101', NULL),
(134, 'Mehmed Efendi', 'Numan', 1, 19, 6, 'Sandık Katibi', 'ML_VRD_TMT_d11101', NULL),
(135, 'Abdurrahman Efendi', 'Müftü Ali Efendi', 1, 20, 6, 'Muezzin', 'ML_VRD_TMT_d11101', NULL),
(136, '', 'Validesi', 2, 20, 6, '', 'ML_VRD_TMT_d11101', NULL),
(137, 'Mahmud', 'Abdullah', 1, 21, 6, '', 'ML_VRD_TMT_d11101', NULL),
(138, 'Şakir', 'Abdullah', 1, 22, 6, '', 'ML_VRD_TMT_d11101', NULL),
(139, 'Bilal', 'Abdullah', 1, 23, 6, '', 'ML_VRD_TMT_d11101', NULL),
(140, 'Osman', 'İbrahim', 1, 24, 6, 'Üsküpteki Osman Paşaya', 'ML_VRD_TMT_d11101', NULL),
(141, 'Hacı İsmail Bey', 'Hacı Münavvir Efendi', 1, 25, 6, 'Simendire ', 'ML_VRD_TMT_d11101', NULL),
(142, 'Ahmed', 'Hacı Ahmed', 1, 26, 6, '', 'ML_VRD_TMT_d11101', NULL),
(143, 'Şerif  Hatun', '', 1, 27, 6, '', 'ML_VRD_TMT_d11101', NULL),
(144, 'Hüseyin', 'Mustafa', 1, 28, 6, '', 'ML_VRD_TMT_d11101', NULL),
(145, 'Abu Bekir', 'Abdullah', 1, 29, 6, '', 'ML_VRD_TMT_d11101', NULL),
(146, 'Ali', 'Mehmed', 1, 30, 6, '', 'ML_VRD_TMT_d11101', NULL),
(147, 'İbrahim', 'Süleyman', 1, 31, 6, '', 'ML_VRD_TMT_d11101', NULL),
(148, 'Emin', 'Mustafa', 1, 32, 6, '', 'ML_VRD_TMT_d11101', NULL),
(149, 'Hafız Hasan Efendi', 'Mustafa', 1, 33, 6, '', 'ML_VRD_TMT_d11101', NULL),
(150, 'İsmail', '', 1, 34, 6, '', 'ML_VRD_TMT_d11101', NULL),
(151, 'İsmail', 'Yahya', 1, 35, 6, '', 'ML_VRD_TMT_d11101', NULL),
(152, 'Merhum Ömer Zevcesi', '', 1, 36, 6, '', 'ML_VRD_TMT_d11101', NULL),
(153, 'Ali', 'Hacı Salih', 1, 37, 6, 'Simendire ', 'ML_VRD_TMT_d11101', NULL),
(154, '', 'pederi Hacı Salih', 11, 37, 6, ' Timarı', 'ML_VRD_TMT_d11101', NULL),
(155, 'Şakir Efendi', 'Emin', 1, 38, 6, 'İstanbula gitmiş, Kurşunlulu', 'ML_VRD_TMT_d11101', NULL),
(156, '', 'Hanesinde Sakin Halil Jor valad Sadik', 12, 38, 6, 'Yakovalı Mahmud Paşa mahallesi', 'ML_VRD_TMT_d11101', NULL),
(157, 'Mahmud', 'Abdullah', 1, 39, 6, 'Ürgüplü', 'ML_VRD_TMT_d11101', NULL),
(158, 'Ali', 'Mehmed Porcu', 1, 40, 6, '', 'ML_VRD_TMT_d11101', NULL),
(159, 'Abdullah', 'Abdullah', 1, 41, 6, '', 'ML_VRD_TMT_d11101', NULL),
(160, 'Mustafa', 'Hasan', 1, 42, 6, '', 'ML_VRD_TMT_d11101', NULL),
(161, 'Hacı Seydi', 'Mehmed', 1, 43, 6, 'Tekaudu, Leskofçalı', 'ML_VRD_TMT_d11101', NULL),
(162, 'Nezir', 'İslam', 1, 44, 6, '', 'ML_VRD_TMT_d11101', NULL),
(163, 'Arslan Dobrina', 'İsa', 1, 45, 6, 'Yakovalı Hacı Ömer Mh', 'ML_VRD_TMT_d11101', NULL),
(164, 'İsmail', 'Osman', 1, 46, 6, '', 'ML_VRD_TMT_d11101', NULL),
(165, 'Süleyman', 'Ali', 1, 47, 6, '', 'ML_VRD_TMT_d11101', NULL),
(166, 'Hafız Mustafa', 'Mehmed', 1, 48, 6, '', 'ML_VRD_TMT_d11101', NULL),
(167, '', 'Hanesinde kain  Mustafa Ağa valad Osman', 12, 48, 6, '', 'ML_VRD_TMT_d11101', NULL),
(168, 'Ali', 'Ali', 1, 49, 6, '', 'ML_VRD_TMT_d11101', NULL),
(169, 'Ahmed', 'Abdullah', 1, 50, 6, '', 'ML_VRD_TMT_d11101', NULL),
(170, 'xxx', 'Abdullatif', 1, 51, 6, '(Ürgüpte başka emlak)', 'ML_VRD_TMT_d11101', NULL),
(171, '', 'Öğe kızı Şerife valad İsa', 13, 51, 6, '', 'ML_VRD_TMT_d11101', NULL),
(172, 'İsmail', 'Hacı Muhtar', 1, 52, 6, '', 'ML_VRD_TMT_d11101', NULL),
(173, 'Sadik', 'Abdulhatah', 1, 53, 6, '', 'ML_VRD_TMT_d11101', NULL),
(174, 'Mustafa', 'Hüseyin', 1, 54, 6, '', 'ML_VRD_TMT_d11101', NULL),
(175, 'Şerif Ahmed', 'Salih', 1, 55, 6, '', 'ML_VRD_TMT_d11101', NULL),
(176, 'Hacı Osman', 'Salih', 1, 56, 6, 'Simendire ', 'ML_VRD_TMT_d11101', NULL),
(177, 'Hacı Salih', 'Muhtar', 1, 57, 6, '', 'ML_VRD_TMT_d11101', NULL),
(178, 'Mehmed', 'İsmail', 1, 58, 6, '', 'ML_VRD_TMT_d11101', NULL),
(179, 'Hasan', 'Hacı Ömer', 1, 59, 6, '(Bakkal başar valad süleyman defterdar mh', 'ML_VRD_TMT_d11101', NULL),
(180, 'Ali', 'İbrahim Bey', 1, 60, 6, 'Simendire ', 'ML_VRD_TMT_d11101', NULL),
(181, 'Mehmed', 'İsmail', 1, 61, 6, '', 'ML_VRD_TMT_d11101', NULL),
(182, '', 'Halilesi', 3, 61, 6, '', 'ML_VRD_TMT_d11101', NULL),
(183, '', 'Kardeşi Mustafa', 4, 61, 6, '', 'ML_VRD_TMT_d11101', NULL),
(184, 'Mahmuda', 'Hacı Hasan', 1, 62, 6, '', 'ML_VRD_TMT_d11101', NULL),
(185, '', 'Halilesi', 3, 62, 6, '', 'ML_VRD_TMT_d11101', NULL),
(186, '', 'Akrabası Merhum Hacı Ahmed Kerimesi', 14, 62, 6, '', 'ML_VRD_TMT_d11101', NULL),
(187, 'Mehmed Ağa Kerimesi  Hatun', '', 1, 63, 6, '', 'ML_VRD_TMT_d11101', NULL),
(188, 'Hacı Osman', 'Hacı Memiş', 1, 64, 6, '', 'ML_VRD_TMT_d11101', NULL),
(189, 'Hasan Hüsni Efendi', 'Mustafa', 1, 65, 6, 'Evveli', 'ML_VRD_TMT_d11101', NULL),
(190, '', 'Halilesi', 3, 65, 6, '', 'ML_VRD_TMT_d11101', NULL),
(191, 'Osman', 'Mehmed', 1, 66, 6, '', 'ML_VRD_TMT_d11101', NULL),
(192, 'Sadik', 'Mehmed', 1, 67, 6, '', 'ML_VRD_TMT_d11101', NULL),
(193, 'Jabota Osman', 'Zoko', 1, 68, 6, '', 'ML_VRD_TMT_d11101', NULL),
(194, 'Hafız Hasan', 'Abdi', 1, 69, 6, '', 'ML_VRD_TMT_d11101', NULL),
(195, 'Hacı Süleyman', 'Mustafa', 1, 70, 6, '', 'ML_VRD_TMT_d11101', NULL),
(196, '', 'Kan Validesi', 9, 70, 6, '', 'ML_VRD_TMT_d11101', NULL),
(197, 'Abdurrahman', 'Mehmed', 1, 71, 6, '', 'ML_VRD_TMT_d11101', NULL),
(198, 'Ömer', 'Receb', 1, 72, 6, 'Bağ Bakıcı', 'ML_VRD_TMT_d11101', NULL),
(199, 'XXX', 'Mehmed', 1, 73, 6, '', 'ML_VRD_TMT_d11101', NULL),
(200, 'Derviş', 'Abdi', 1, 74, 6, '', 'ML_VRD_TMT_d11101', NULL),
(201, 'Ferhad', 'Mustafa', 1, 75, 6, '', 'ML_VRD_TMT_d11101', NULL),
(202, 'Mehmed', 'İsmail', 1, 76, 6, '', 'ML_VRD_TMT_d11101', NULL),
(203, 'Hafız Yahya Efendi', 'Ali', 1, 77, 6, 'Sani', 'ML_VRD_TMT_d11101', NULL),
(204, 'Hasan', 'Ali', 1, 78, 6, '', 'ML_VRD_TMT_d11101', NULL),
(205, '', 'Halilesi', 3, 78, 6, '', 'ML_VRD_TMT_d11101', NULL),
(206, 'Ömer', 'Ali', 1, 79, 6, '', 'ML_VRD_TMT_d11101', NULL),
(207, '', 'Oğlu Alinin halilesi', 15, 79, 6, '', 'ML_VRD_TMT_d11101', NULL),
(208, 'Mustafa', 'Ali', 1, 80, 6, 'Garba gitmiş', 'ML_VRD_TMT_d11101', NULL),
(209, '', 'Hanesinde Sakin Ömer Efendi valad Mustafa', 12, 80, 6, '', 'ML_VRD_TMT_d11101', NULL),
(210, 'Hafız Ahmed', 'Mehmed Emin', 1, 1, 4, 'Hatib', 'ML_VRD_TMT_d11082', NULL),
(211, 'XXX', 'Yakub', 1, 2, 4, '', 'ML_VRD_TMT_d11082', NULL),
(212, 'Halil', 'Ahmed', 1, 3, 4, '', 'ML_VRD_TMT_d11082', NULL),
(213, 'Hacı Ferhad', 'Abdah', 1, 4, 4, '', 'ML_VRD_TMT_d11082', NULL),
(214, 'Hacı Hasan', 'Süleyman', 1, 5, 4, '', 'ML_VRD_TMT_d11082', NULL),
(215, 'Hüseyyin', 'Emin', 1, 6, 4, 'var Duhan Ticareti', 'ML_VRD_TMT_d11082', NULL),
(216, 'Vehhabi', 'Mustafa', 1, 7, 4, '', 'ML_VRD_TMT_d11082', NULL),
(217, 'Hüseyyin', 'İslam', 1, 8, 4, '', 'ML_VRD_TMT_d11082', NULL),
(218, 'Osman', 'Abdah', 1, 9, 4, '', 'ML_VRD_TMT_d11082', NULL),
(219, 'Mehmed', 'Salih', 1, 10, 4, 'Duhan Ticareti', 'ML_VRD_TMT_d11082', NULL),
(220, 'Mahmud', 'Mehmed', 1, 11, 4, '', 'ML_VRD_TMT_d11082', NULL),
(221, 'Mehmed', 'Abdah', 1, 12, 4, '', 'ML_VRD_TMT_d11082', NULL),
(222, 'Bahram', 'Numan', 1, 13, 4, '', 'ML_VRD_TMT_d11082', NULL),
(223, 'Hasan', 'İsmail', 1, 14, 4, '', 'ML_VRD_TMT_d11082', NULL),
(224, 'Ahmed', 'Mustafa', 1, 15, 4, '', 'ML_VRD_TMT_d11082', NULL),
(225, 'Salih ', 'Ahmed', 1, 16, 4, '', 'ML_VRD_TMT_d11082', NULL),
(226, 'Mehmed', 'Abdah', 1, 17, 4, '', 'ML_VRD_TMT_d11082', NULL),
(227, 'Hacı Hüseyyin', 'Mustafa', 1, 18, 4, '', 'ML_VRD_TMT_d11082', NULL),
(228, 'Şeyh İbrahim', 'Nuruddin', 1, 19, 4, '', 'ML_VRD_TMT_d11082', NULL),
(229, 'Ali', 'Ömer', 1, 20, 4, '', 'ML_VRD_TMT_d11082', NULL),
(230, 'Hüseyyin Efendi', 'İbrahim', 1, 21, 4, 'Hatib', 'ML_VRD_TMT_d11082', NULL),
(231, 'Abdi', 'Mustafa', 1, 22, 4, '', 'ML_VRD_TMT_d11082', NULL),
(232, 'Salih', 'İbrahim', 1, 23, 4, 'sizlik', 'ML_VRD_TMT_d11082', NULL),
(233, 'Mehmed', 'Osman', 1, 24, 4, '', 'ML_VRD_TMT_d11082', NULL),
(234, 'Yusuf', 'Ahmed', 1, 25, 4, '', 'ML_VRD_TMT_d11082', NULL),
(235, 'İbrahim', 'Mustafa', 1, 26, 4, '', 'ML_VRD_TMT_d11082', NULL),
(236, 'Hüseyyin', 'Seydi', 1, 27, 4, '', 'ML_VRD_TMT_d11082', NULL),
(237, 'Ahmed', 'Hasan ', 1, 28, 4, '', 'ML_VRD_TMT_d11082', NULL),
(238, 'Mehmed', 'Hasan', 1, 29, 4, '', 'ML_VRD_TMT_d11082', NULL),
(239, 'Ali', 'İbrahim', 1, 30, 4, '', 'ML_VRD_TMT_d11082', NULL),
(240, 'Süleyman', 'Ahmed', 1, 31, 4, '', 'ML_VRD_TMT_d11082', NULL),
(241, 'Mustafa', 'İsmail', 1, 32, 4, '', 'ML_VRD_TMT_d11082', NULL),
(242, 'İbrahim', 'Halil ', 1, 33, 4, 'Balıkçıymış (Sakat)', 'ML_VRD_TMT_d11082', NULL),
(243, 'Emin', 'Abdah', 1, 34, 4, '', 'ML_VRD_TMT_d11082', NULL),
(244, ' Hüseyyin', 'Ömer', 1, 35, 4, 'Şuaralık', 'ML_VRD_TMT_d11082', NULL),
(245, 'Nuruddin', 'Arif', 1, 36, 4, '', 'ML_VRD_TMT_d11082', NULL),
(246, 'Ali', 'Ahmed', 1, 37, 4, '', 'ML_VRD_TMT_d11082', NULL),
(247, 'Hüseyyin', 'Halil', 1, 38, 4, '', 'ML_VRD_TMT_d11082', NULL),
(248, 'Mehmed', 'Hüseyyin ', 1, 39, 4, '', 'ML_VRD_TMT_d11082', NULL),
(249, 'Ömer', 'Ali', 1, 40, 4, '', 'ML_VRD_TMT_d11082', NULL),
(250, 'Memiş', 'Ahmed', 1, 41, 4, '', 'ML_VRD_TMT_d11082', NULL),
(251, 'Hasan', 'İbrahim', 1, 42, 4, '', 'ML_VRD_TMT_d11082', NULL),
(252, 'Salih', 'Osman', 1, 43, 4, 'VAR', 'ML_VRD_TMT_d11082', NULL),
(253, 'Emin', 'Abdah', 1, 44, 4, '', 'ML_VRD_TMT_d11082', NULL),
(254, 'Ali', 'Yakub', 1, 45, 4, '', 'ML_VRD_TMT_d11082', NULL),
(255, 'Salih', 'Memiş', 1, 46, 4, 'Pazarcike gitmiş', 'ML_VRD_TMT_d11082', NULL),
(256, 'Mehmed', 'Abdah', 1, 47, 4, '', 'ML_VRD_TMT_d11082', NULL),
(257, 'Mustafa', 'Hasan', 1, 48, 4, 'İki sene önce Taşınmış', 'ML_VRD_TMT_d11082', NULL),
(258, 'Süleyman', 'Osman', 1, 49, 4, '', 'ML_VRD_TMT_d11082', NULL),
(259, 'Ahmed', 'Mehmed', 1, 50, 4, '', 'ML_VRD_TMT_d11082', NULL),
(260, 'Selim', 'Abdah', 1, 51, 4, '', 'ML_VRD_TMT_d11082', NULL),
(261, 'Mahmud ', 'Ali', 1, 52, 4, '', 'ML_VRD_TMT_d11082', NULL),
(262, 'İbrahim', 'Numan', 1, 53, 4, '', 'ML_VRD_TMT_d11082', NULL),
(263, 'Ahmed', 'Hüseyyin ', 1, 54, 4, '', 'ML_VRD_TMT_d11082', NULL),
(264, 'Ahmed', 'Hasan', 1, 55, 4, '', 'ML_VRD_TMT_d11082', NULL),
(265, 'Mazlum', 'Haydar ', 1, 56, 4, '', 'ML_VRD_TMT_d11082', NULL),
(266, 'Hasan', 'Ahmed', 1, 57, 4, '', 'ML_VRD_TMT_d11082', NULL),
(267, 'Hüseyyin', 'İbrahim', 1, 58, 4, 'oğul topçu mulazımı', 'ML_VRD_TMT_d11082', NULL),
(268, 'Abdulkerim', 'Sadik', 1, 59, 4, '', 'ML_VRD_TMT_d11082', NULL),
(269, 'Mehmed', 'Yusuf', 1, 60, 4, '', 'ML_VRD_TMT_d11082', NULL),
(270, 'Mehmed', 'Abdah', 1, 61, 4, '', 'ML_VRD_TMT_d11082', NULL),
(271, 'İbrahim', 'Hasan', 1, 62, 4, '', 'ML_VRD_TMT_d11082', NULL),
(272, 'Yusuf', 'Ali', 1, 63, 4, '', 'ML_VRD_TMT_d11082', NULL),
(273, 'Salih', 'Hasan', 1, 64, 4, '', 'ML_VRD_TMT_d11082', NULL),
(274, 'Hacı Emin', 'Ömer', 1, 65, 4, '', 'ML_VRD_TMT_d11082', NULL),
(275, 'Emin', 'Ali', 1, 66, 4, 'Çırak', 'ML_VRD_TMT_d11082', NULL),
(276, 'Ahmed', 'Feyzah', 1, 67, 4, '', 'ML_VRD_TMT_d11082', NULL),
(277, 'Hasan', 'Ahmed', 1, 68, 4, '', 'ML_VRD_TMT_d11082', NULL),
(278, 'Hacı Hüseyyin', 'İbrahim', 1, 69, 4, '', 'ML_VRD_TMT_d11082', NULL),
(279, 'Halid', 'Ömer', 1, 70, 4, '', 'ML_VRD_TMT_d11082', NULL),
(280, 'Hüseyyin', 'Abdah', 1, 71, 4, 'Duhan Ticareti', 'ML_VRD_TMT_d11082', NULL),
(281, 'Yunus', 'İbrahim', 1, 72, 4, '', 'ML_VRD_TMT_d11082', NULL),
(282, 'İbrahim', 'Beytüllah', 1, 73, 4, 'çiftlik', 'ML_VRD_TMT_d11082', NULL),
(283, 'Osman', 'Mehmed', 1, 74, 4, '', 'ML_VRD_TMT_d11082', NULL),
(284, 'Mehmed', 'Ali', 1, 75, 4, '', 'ML_VRD_TMT_d11082', NULL),
(285, 'Mehmed', 'İsmail', 1, 76, 4, '', 'ML_VRD_TMT_d11082', NULL),
(286, 'Ömer', 'İbrahim', 1, 77, 4, '', 'ML_VRD_TMT_d11082', NULL),
(287, 'Bahram', 'Mehmed', 1, 78, 4, '', 'ML_VRD_TMT_d11082', NULL),
(288, 'Hasan', 'Halil', 1, 79, 4, '', 'ML_VRD_TMT_d11082', NULL),
(289, 'Murad', 'Mehmed', 1, 80, 4, '', 'ML_VRD_TMT_d11082', NULL),
(290, 'Hafız Hacı Ali', 'İsmail', 1, 81, 4, '', 'ML_VRD_TMT_d11082', NULL),
(291, 'Mustafa', 'Hüseyyin', 1, 82, 4, '', 'ML_VRD_TMT_d11082', NULL),
(292, 'Abdurrahman', 'Mustafa', 1, 1, 8, '', 'ML_VRD_TMT_d17225', NULL),
(293, '', 'Halilesi', 3, 1, 8, '', 'ML_VRD_TMT_d17225', NULL),
(294, 'Ömer', 'Şerif', 1, 2, 8, 'Validesinin nazaretinde', 'ML_VRD_TMT_d17225', NULL),
(295, 'Abdurrahman', 'XXX', 1, 3, 8, '', 'ML_VRD_TMT_d17225', NULL),
(296, 'Süleyman', 'Ali', 1, 4, 8, '', 'ML_VRD_TMT_d17225', NULL),
(297, 'İbrahim', 'Zeynel', 1, 5, 8, '', 'ML_VRD_TMT_d17225', NULL),
(298, 'XXX', 'İbrahim', 1, 6, 8, '', 'ML_VRD_TMT_d17225', NULL),
(299, 'İsmail Bey', 'İbrahim', 1, 7, 8, 'Kardeşiyle beraber ikamet; vasisi ceddi Hacı Ali bin Mustafa', 'ML_VRD_TMT_d17225', NULL),
(300, 'Ahmed Bey', 'Süleyman Bey', 1, 8, 8, '', 'ML_VRD_TMT_d17225', NULL),
(301, 'Şeyh Hacı Ömer Efendi ', '', 1, 9, 8, '', 'ML_VRD_TMT_d17225', NULL),
(302, 'Hasan', 'Ali', 1, 10, 8, '', 'ML_VRD_TMT_d17225', NULL),
(303, 'İsmail', 'Abdullah', 1, 11, 8, '', 'ML_VRD_TMT_d17225', NULL),
(304, 'Abide ve kardeşi', 'Memiş ', 1, 12, 8, 'Vasileri Şeyh Hacı Ömer Efendi', 'ML_VRD_TMT_d17225', NULL),
(305, 'Salih', 'Hasan', 1, 13, 8, 'İtibarlı ve sermayelik ve (pirinççi )', 'ML_VRD_TMT_d17225', NULL),
(306, 'Emin', 'Abdullah', 1, 14, 8, '', 'ML_VRD_TMT_d17225', NULL),
(307, 'Mustafa', 'Hacı Süleyman', 1, 15, 8, '', 'ML_VRD_TMT_d17225', NULL),
(308, 'Mustafa', 'Salih', 1, 16, 8, '', 'ML_VRD_TMT_d17225', NULL),
(309, 'Hacı  zade kerimeleri', '', 1, 17, 8, 'Vasisi cedid mahallede Hacı Alifa bin Mustafa', 'ML_VRD_TMT_d17225', NULL),
(310, '', 'Valideleri', 2, 17, 8, '', 'ML_VRD_TMT_d17225', NULL),
(311, 'İslam', 'Zübeyyir', 1, 18, 8, '', 'ML_VRD_TMT_d17225', NULL),
(312, 'Ali', 'Abdullah', 1, 19, 8, '', 'ML_VRD_TMT_d17225', NULL),
(313, 'Süleyman Bey', 'Süleyman', 1, 20, 8, 'topçu neferiymiş', 'ML_VRD_TMT_d17225', NULL),
(314, 'Mustafa', 'Abdı', 1, 21, 8, '2 sene önce Belgrada gitmiş', 'ML_VRD_TMT_d17225', NULL),
(315, 'Hasan', 'Şakir', 1, 22, 8, '', 'ML_VRD_TMT_d17225', NULL),
(316, 'Selim', 'Ali', 1, 23, 8, '', 'ML_VRD_TMT_d17225', NULL),
(317, 'Osman', 'Hasan', 1, 24, 8, '', 'ML_VRD_TMT_d17225', NULL),
(318, 'Bekir Bey', 'Ahmed Bey', 1, 25, 8, '', 'ML_VRD_TMT_d17225', NULL),
(319, '', 'Validesi', 2, 25, 8, '', 'ML_VRD_TMT_d17225', NULL),
(320, 'İsmail', 'Mustafa', 1, 26, 8, '', 'ML_VRD_TMT_d17225', NULL),
(321, 'Ali', 'Ahmed', 1, 27, 8, '', 'ML_VRD_TMT_d17225', NULL),
(322, 'İbragim', 'Hacı Davud', 1, 28, 8, '', 'ML_VRD_TMT_d17225', NULL),
(323, 'İbrahim Bey', 'Ahmed Bey', 1, 29, 8, '', 'ML_VRD_TMT_d17225', NULL),
(324, 'Hafız Abdurrahman', 'Halil', 1, 30, 8, '', 'ML_VRD_TMT_d17225', NULL),
(325, 'İsmail', 'Mustafa', 1, 31, 8, '', 'ML_VRD_TMT_d17225', NULL),
(326, 'Halil', 'Ömer', 1, 32, 8, '', 'ML_VRD_TMT_d17225', NULL),
(327, 'Mahmud', 'Hacı Ahmed', 1, 33, 8, '', 'ML_VRD_TMT_d17225', NULL),
(328, 'Şerif', 'İbrahim', 1, 34, 8, '', 'ML_VRD_TMT_d17225', NULL),
(329, 'Mustafa Bey', 'Hacı Ali', 1, 35, 8, '', 'ML_VRD_TMT_d17225', NULL),
(330, 'Mitre', 'Mehmed', 1, 36, 8, '', 'ML_VRD_TMT_d17225', NULL),
(331, 'İbrahim', 'Abdullah', 1, 37, 8, '', 'ML_VRD_TMT_d17225', NULL),
(332, 'Hüseyyin', 'Abdullah', 1, 38, 8, '', 'ML_VRD_TMT_d17225', NULL),
(333, 'Şeyh Hafız Efendi', 'Abdullah', 1, 39, 8, '', 'ML_VRD_TMT_d17225', NULL),
(334, 'Yusuf Bey', 'İsmail Bey', 1, 40, 8, '', 'ML_VRD_TMT_d17225', NULL),
(335, '', 'Halilesi', 3, 40, 8, '', 'ML_VRD_TMT_d17225', NULL),
(336, 'İsmail', 'Mustafa', 1, 41, 8, '', 'ML_VRD_TMT_d17225', NULL),
(337, 'Derviş', 'Agoş ', 1, 42, 8, '', 'ML_VRD_TMT_d17225', NULL),
(338, 'Mehmed', 'Mustafa', 1, 43, 8, '', 'ML_VRD_TMT_d17225', NULL),
(339, 'Ali', 'Hasan', 1, 44, 8, '4 seneden beri Ürgüpten Nişe gelmiş: gelirleri Ürgüpte', 'ML_VRD_TMT_d17225', NULL),
(340, 'Hasan', 'Zeynel', 1, 45, 8, '', 'ML_VRD_TMT_d17225', NULL),
(341, 'Ali', 'Mehmed', 1, 46, 8, '', 'ML_VRD_TMT_d17225', NULL),
(342, 'Merhum Mehmed Emin eytamları', '', 1, 47, 8, 'Vasileri kendi valideleri', 'ML_VRD_TMT_d17225', NULL),
(343, 'Başar', 'Adem', 1, 48, 8, '', 'ML_VRD_TMT_d17225', NULL),
(344, 'Mehmed', 'Süleyman', 1, 49, 8, '', 'ML_VRD_TMT_d17225', NULL),
(345, 'Hasan', 'Ahmed', 1, 50, 8, '', 'ML_VRD_TMT_d17225', NULL),
(346, 'Salih', 'Mustafa', 1, 51, 8, '', 'ML_VRD_TMT_d17225', NULL),
(347, 'Yusuf', 'Hacı Salih', 1, 52, 8, 'Vasisi kendi validesi', 'ML_VRD_TMT_d17225', NULL),
(348, 'Ahmed', 'Ömer', 1, 53, 8, '', 'ML_VRD_TMT_d17225', NULL),
(349, 'Emin', 'İbrahim', 1, 54, 8, '', 'ML_VRD_TMT_d17225', NULL),
(350, 'Mehmed', 'İbrahim', 1, 55, 8, '', 'ML_VRD_TMT_d17225', NULL),
(351, 'Bekir', 'Halid', 1, 56, 8, '', 'ML_VRD_TMT_d17225', NULL),
(352, 'Mehmed', 'Abdullah', 1, 57, 8, '', 'ML_VRD_TMT_d17225', NULL),
(353, 'Fazlı', 'İsmail', 1, 58, 8, '', 'ML_VRD_TMT_d17225', NULL),
(354, 'Süleyman', 'Salih', 1, 59, 8, '', 'ML_VRD_TMT_d17225', NULL),
(355, 'Muettin', 'Abdullah', 1, 60, 8, '', 'ML_VRD_TMT_d17225', NULL),
(356, 'Hacı Hüseyyin', 'Musa ', 1, 61, 8, '', 'ML_VRD_TMT_d17225', NULL),
(357, 'Halil', 'Mehmed', 1, 62, 8, '', 'ML_VRD_TMT_d17225', NULL),
(358, 'Hüseyyin', 'Şaban', 1, 63, 8, '', 'ML_VRD_TMT_d17225', NULL),
(359, 'Mehmed', 'Abdullah', 1, 64, 8, '', 'ML_VRD_TMT_d17225', NULL),
(360, 'Ali', 'Salih', 1, 65, 8, '', 'ML_VRD_TMT_d17225', NULL),
(361, 'Ömer', 'Halil', 1, 66, 8, '', 'ML_VRD_TMT_d17225', NULL),
(362, 'XXX', 'Abidi', 1, 67, 8, '', 'ML_VRD_TMT_d17225', NULL),
(363, 'Mehmed', 'Abdullah', 1, 68, 8, '', 'ML_VRD_TMT_d17225', NULL),
(364, 'Ali', 'Faiz', 1, 69, 8, '', 'ML_VRD_TMT_d17225', NULL),
(365, 'Hacı Halid', 'Salih', 1, 70, 8, '', 'ML_VRD_TMT_d17225', NULL),
(366, 'Ferhad', 'Lutf', 1, 71, 8, '', 'ML_VRD_TMT_d17225', NULL),
(367, 'Başar', 'Fazlı', 1, 72, 8, '', 'ML_VRD_TMT_d17225', NULL),
(368, 'Hasan', 'Fazlı', 1, 73, 8, '', 'ML_VRD_TMT_d17225', NULL),
(369, 'Arif', 'Abdullah', 1, 74, 8, '', 'ML_VRD_TMT_d17225', NULL),
(370, 'Ahmed', 'Mustafa', 1, 75, 8, '', 'ML_VRD_TMT_d17225', NULL),
(371, 'Ahmed', 'Ömer', 1, 76, 8, '', 'ML_VRD_TMT_d17225', NULL),
(372, 'Emin', 'Osman', 1, 77, 8, '', 'ML_VRD_TMT_d17225', NULL),
(373, 'İslam', 'Mustafa', 1, 78, 8, '', 'ML_VRD_TMT_d17225', NULL),
(374, 'İsmail', 'Ali', 1, 79, 8, '', 'ML_VRD_TMT_d17225', NULL),
(375, 'Eyup', 'Yusuf', 1, 1, 7, '', 'ML_VRD_TMT_d11172', NULL),
(376, 'Başar', 'Murad', 1, 2, 7, '', 'ML_VRD_TMT_d11172', NULL),
(377, 'Mehmed', 'Ömer', 1, 3, 7, '', 'ML_VRD_TMT_d11172', NULL),
(378, 'Halil', 'Salih', 1, 4, 7, '', 'ML_VRD_TMT_d11172', NULL),
(379, 'Yakub', 'Ömer', 1, 5, 7, '', 'ML_VRD_TMT_d11172', NULL),
(380, 'Şerif', 'Ahmed', 1, 6, 7, '', 'ML_VRD_TMT_d11172', NULL),
(381, 'Süleyman', 'Ali', 1, 7, 7, '', 'ML_VRD_TMT_d11172', NULL),
(382, 'Ahmed', 'Abdurrahman', 1, 8, 7, '', 'ML_VRD_TMT_d11172', NULL),
(383, 'İbrahim', 'Süleyman', 1, 9, 7, 'var', 'ML_VRD_TMT_d11172', NULL),
(384, 'Abdulletif', 'Halil', 1, 10, 7, 'Gitmiş', 'ML_VRD_TMT_d11172', NULL),
(385, 'Mustafa', 'Osman', 1, 11, 7, '', 'ML_VRD_TMT_d11172', NULL),
(386, 'İsmail', 'Abdurrahman', 1, 12, 7, '', 'ML_VRD_TMT_d11172', NULL),
(387, 'Mehmed', 'Zekir', 1, 13, 7, '', 'ML_VRD_TMT_d11172', NULL),
(388, 'Hasan', 'Mustafa', 1, 14, 7, '', 'ML_VRD_TMT_d11172', NULL),
(389, '', 'Kardeşleri Bekir ve Zeynel', 4, 14, 7, '', 'ML_VRD_TMT_d11172', NULL),
(390, 'Merhum Zeynel Sipahinin Zevcesi', '', 1, 15, 7, '', 'ML_VRD_TMT_d11172', NULL),
(391, 'Şerif', 'Hüseyyin', 1, 16, 7, '', 'ML_VRD_TMT_d11172', NULL),
(392, 'İsmail', 'Derviş', 1, 17, 7, 'Gitmiş', 'ML_VRD_TMT_d11172', NULL),
(393, 'Ahmed', 'XXX', 1, 18, 7, 'Sirplı Tarafına Gitmiş', 'ML_VRD_TMT_d11172', NULL),
(394, 'Kurtu', 'Receb', 1, 19, 7, '', 'ML_VRD_TMT_d11172', NULL),
(395, 'Ali', 'XXX', 1, 20, 7, '', 'ML_VRD_TMT_d11172', NULL),
(396, 'Osman', 'Hasan', 1, 21, 7, '', 'ML_VRD_TMT_d11172', NULL),
(397, 'Mehmed', 'Süleyman', 1, 22, 7, '', 'ML_VRD_TMT_d11172', NULL),
(398, 'XXX', 'Salih', 1, 23, 7, '', 'ML_VRD_TMT_d11172', NULL),
(399, 'Sadik', 'Numan', 1, 24, 7, '', 'ML_VRD_TMT_d11172', NULL),
(400, 'Şeyh Abdi', 'Numan', 1, 25, 7, '', 'ML_VRD_TMT_d11172', NULL),
(401, '', 'Oğulları', 5, 25, 7, '', 'ML_VRD_TMT_d11172', NULL),
(402, 'Hasan', 'Ali', 1, 26, 7, '', 'ML_VRD_TMT_d11172', NULL),
(403, 'Mehmed ', 'Hüseyyin', 1, 27, 7, '', 'ML_VRD_TMT_d11172', NULL),
(404, 'Kurtu', 'Ömer', 1, 28, 7, '', 'ML_VRD_TMT_d11172', NULL),
(405, 'İsmail', 'Adem', 1, 29, 7, '', 'ML_VRD_TMT_d11172', NULL),
(406, 'Selim', 'Mustafa', 1, 30, 7, '', 'ML_VRD_TMT_d11172', NULL),
(407, 'Kurtu', 'Bekir', 1, 31, 7, '', 'ML_VRD_TMT_d11172', NULL),
(408, 'İbrahim', 'Abdi', 1, 32, 7, '', 'ML_VRD_TMT_d11172', NULL),
(409, 'Ömer', 'XXX', 1, 33, 7, '', 'ML_VRD_TMT_d11172', NULL),
(410, 'Adem', 'XXX', 1, 34, 7, '', 'ML_VRD_TMT_d11172', NULL),
(411, 'Halim', 'Adem', 1, 35, 7, '', 'ML_VRD_TMT_d11172', NULL),
(412, 'Numan', 'Ali', 1, 36, 7, 'İhtiyar', 'ML_VRD_TMT_d11172', NULL),
(413, 'Nezir', 'Abdul', 1, 37, 7, '', 'ML_VRD_TMT_d11172', NULL),
(414, 'Hasan', 'Hayreddin', 1, 38, 7, 'Merkumun yanında İsmail bin Osman yetim-i merkumun kiraya verdiği tarla d 3 h 38', 'ML_VRD_TMT_d11172', NULL),
(415, 'Ahmed Bey', 'İbrahim Bey', 1, 39, 7, '', 'ML_VRD_TMT_d11172', NULL),
(416, 'Şerif', 'Mehmed', 1, 41, 7, 'rakam hatası', 'ML_VRD_TMT_d11172', NULL),
(417, 'İbrahim ve kardeşi Mustafa', 'Mehmed', 1, 42, 7, 'Vasisi validesi', 'ML_VRD_TMT_d11172', NULL),
(418, 'Mustafa', 'Cafer', 1, 43, 7, '', 'ML_VRD_TMT_d11172', NULL),
(419, 'İdris', 'Abdullah', 1, 44, 7, '', 'ML_VRD_TMT_d11172', NULL),
(420, 'Mehmed', 'XXX', 1, 45, 7, '', 'ML_VRD_TMT_d11172', NULL),
(421, 'Nuri', 'Mehmed', 1, 46, 7, '', 'ML_VRD_TMT_d11172', NULL),
(422, 'İsmail', 'Ahmed', 1, 47, 7, 'Kadar ittüğü', 'ML_VRD_TMT_d11172', NULL),
(423, 'Mustafa', 'Ali', 1, 48, 7, 'Deftardar Cami', 'ML_VRD_TMT_d11172', NULL),
(424, 'Davud', 'Mustafa', 1, 49, 7, '', 'ML_VRD_TMT_d11172', NULL),
(425, 'Emin', 'Kasim', 1, 50, 7, '', 'ML_VRD_TMT_d11172', NULL),
(426, 'Hacı Seydi', 'Süleyman', 1, 51, 7, '', 'ML_VRD_TMT_d11172', NULL),
(427, 'Mehmed', 'Osman', 1, 52, 7, '', 'ML_VRD_TMT_d11172', NULL),
(428, 'Mustafa', 'Hüseyyin', 1, 53, 7, '', 'ML_VRD_TMT_d11172', NULL),
(429, 'Osman', 'Abdullah', 1, 54, 7, '', 'ML_VRD_TMT_d11172', NULL),
(430, 'Osman', 'Ahmed', 1, 55, 7, '', 'ML_VRD_TMT_d11172', NULL),
(431, 'Muvettin', 'İbrahim', 1, 56, 7, '', 'ML_VRD_TMT_d11172', NULL),
(432, 'Osman', 'İbrahim', 1, 57, 7, '', 'ML_VRD_TMT_d11172', NULL),
(433, 'Hüseyyin', 'Süleyman', 1, 58, 7, '', 'ML_VRD_TMT_d11172', NULL),
(434, 'Ahmed', 'Mehmed', 1, 59, 7, '', 'ML_VRD_TMT_d11172', NULL),
(435, 'Mustafa', 'Seydi', 1, 60, 7, '', 'ML_VRD_TMT_d11172', NULL),
(436, 'Hüseyyin', 'Tahir', 1, 61, 7, '', 'ML_VRD_TMT_d11172', NULL),
(437, 'Süleyman', 'Kamir', 1, 62, 7, '', 'ML_VRD_TMT_d11172', NULL),
(438, 'Mustafa', 'İslam', 1, 63, 7, '', 'ML_VRD_TMT_d11172', NULL),
(439, 'Şerif Ali', 'Ahmed', 1, 64, 7, '', 'ML_VRD_TMT_d11172', NULL),
(440, 'Başar', 'Feyzo', 1, 65, 7, '', 'ML_VRD_TMT_d11172', NULL),
(441, 'Mustafa', 'Yaşo', 1, 66, 7, '', 'ML_VRD_TMT_d11172', NULL),
(442, 'Malik', 'Yusuf', 1, 67, 7, '', 'ML_VRD_TMT_d11172', NULL),
(443, 'Derviş', 'Ali', 1, 68, 7, '', 'ML_VRD_TMT_d11172', NULL),
(444, 'Mustafa', 'Feyzullah', 1, 69, 7, '', 'ML_VRD_TMT_d11172', NULL),
(445, 'Derviş Süleyman', 'Başir', 1, 70, 7, 'İhtiyar ve alil', 'ML_VRD_TMT_d11172', NULL),
(446, 'Mehmed', 'Hüseyyin', 1, 71, 7, 'var', 'ML_VRD_TMT_d11172', NULL),
(447, 'Mustafa', 'Süleyman', 1, 72, 7, '', 'ML_VRD_TMT_d11172', NULL),
(448, 'Hüseyyin', 'Mustafa', 1, 73, 7, '', 'ML_VRD_TMT_d11172', NULL),
(449, 'Hasan', 'İbrahim', 1, 74, 7, '', 'ML_VRD_TMT_d11172', NULL),
(450, 'Yahya', 'Süleyman', 1, 75, 7, '', 'ML_VRD_TMT_d11172', NULL),
(451, 'Adem', 'Osman', 1, 76, 7, '', 'ML_VRD_TMT_d11172', NULL),
(452, 'Süleyman', 'İsmail', 1, 77, 7, '', 'ML_VRD_TMT_d11172', NULL),
(453, 'Hüseyyin', 'Haydar', 1, 78, 7, 'gelir uygulandı', 'ML_VRD_TMT_d11172', NULL),
(454, 'Salih', 'Hasan', 1, 79, 7, '', 'ML_VRD_TMT_d11172', NULL),
(455, 'Kasım', 'Süleyman', 1, 80, 7, '', 'ML_VRD_TMT_d11172', NULL),
(456, 'XXX', 'Ali', 1, 81, 7, '', 'ML_VRD_TMT_d11172', NULL),
(457, 'Süleyman', 'XXX', 1, 82, 7, 'kadar ettiği +', 'ML_VRD_TMT_d11172', NULL),
(458, 'XXX', 'Mustafa', 1, 83, 7, '', 'ML_VRD_TMT_d11172', NULL),
(459, 'Zekir', 'XXX', 1, 84, 7, '', 'ML_VRD_TMT_d11172', NULL),
(460, 'Başar', 'XXX', 1, 85, 7, '', 'ML_VRD_TMT_d11172', NULL),
(461, 'Numan', 'Yusuf', 1, 86, 7, '', 'ML_VRD_TMT_d11172', NULL),
(462, '', 'Adem bin Osman', 16, 86, 7, 'Timar, yetim ve başka', 'ML_VRD_TMT_d11172', NULL),
(463, '', 'Salih valad Sadik', 16, 86, 7, 'yetim ve başka', 'ML_VRD_TMT_d11172', NULL),
(464, 'Ahmed', 'Mehmed', 1, 87, 7, '', 'ML_VRD_TMT_d11172', NULL),
(465, 'Ali', 'Abdullah', 1, 88, 7, '', 'ML_VRD_TMT_d11172', NULL),
(466, 'XXX', 'İsamil', 1, 89, 7, '', 'ML_VRD_TMT_d11172', NULL),
(467, 'İbrahim', 'Abdullah', 1, 90, 7, '', 'ML_VRD_TMT_d11172', NULL),
(468, 'Halil', 'Mehmed', 1, 91, 7, 'Damadıyla bir hanede olup', 'ML_VRD_TMT_d11172', NULL),
(469, 'Ahmed', 'Fazlı', 1, 92, 7, '', 'ML_VRD_TMT_d11172', NULL),
(470, 'Hasan', 'Osman', 1, 93, 7, '', 'ML_VRD_TMT_d11172', NULL),
(471, 'XXX', 'Nuri', 1, 94, 7, '', 'ML_VRD_TMT_d11172', NULL),
(472, 'Halil', 'İbrahim', 1, 95, 7, '', 'ML_VRD_TMT_d11172', NULL),
(473, 'Şerif Osman', 'Mustafa', 1, 96, 7, '', 'ML_VRD_TMT_d11172', NULL),
(474, 'Mustafa', 'Abdullah', 1, 97, 7, '', 'ML_VRD_TMT_d11172', NULL),
(475, 'Mustafa', 'Hüseyyin', 1, 98, 7, '', 'ML_VRD_TMT_d11172', NULL),
(476, 'Bekir', 'Mehmed', 1, 99, 7, '', 'ML_VRD_TMT_d11172', NULL),
(477, 'Mehmed', 'Süleyman', 1, 100, 7, '', 'ML_VRD_TMT_d11172', NULL),
(478, 'İbrahim', 'Mustafa', 1, 101, 7, '', 'ML_VRD_TMT_d11172', NULL),
(479, 'Murad', 'Zeynel', 1, 102, 7, '', 'ML_VRD_TMT_d11172', NULL),
(480, 'Salih', 'Mehmed', 1, 103, 7, '', 'ML_VRD_TMT_d11172', NULL),
(481, 'Numan', 'Hasan', 1, 1, 11, '', 'ML_VRD_TMT_d17494', NULL),
(482, 'Mahmud', 'Hacı Mehmed', 1, 2, 11, '', 'ML_VRD_TMT_d17494', NULL),
(483, 'Halid', 'Kahraman', 1, 3, 11, '', 'ML_VRD_TMT_d17494', NULL),
(484, 'İbrahim', 'Feyzullah', 1, 4, 11, '', 'ML_VRD_TMT_d17494', NULL),
(485, 'Derviş Hüseyyin', 'Hasan', 1, 5, 11, '', 'ML_VRD_TMT_d17494', NULL),
(486, 'Osman', 'Mehmed', 1, 6, 11, '', 'ML_VRD_TMT_d17494', NULL),
(487, 'Mehmed', 'Abdullah', 1, 7, 11, 'Çarşı Bakıcı', 'ML_VRD_TMT_d17494', NULL),
(488, 'XXX', '', 1, 8, 11, 'Leskofça  karyesi', 'ML_VRD_TMT_d17494', NULL),
(489, 'Süleyman', 'Ali', 1, 9, 11, '', 'ML_VRD_TMT_d17494', NULL),
(490, 'Mehmed', 'Hasan', 1, 10, 11, '', 'ML_VRD_TMT_d17494', NULL),
(491, 'Salih', 'Recep', 1, 11, 11, '', 'ML_VRD_TMT_d17494', NULL),
(492, 'Şakir', 'XXX', 1, 12, 11, '', 'ML_VRD_TMT_d17494', NULL),
(493, 'XXX', 'Musa', 1, 13, 11, '', 'ML_VRD_TMT_d17494', NULL),
(494, 'Mehmed', 'Ali', 1, 14, 11, '', 'ML_VRD_TMT_d17494', NULL),
(495, 'Mustafa', 'Mehmed', 1, 15, 11, '', 'ML_VRD_TMT_d17494', NULL),
(496, 'Yusuf', 'Abdullah', 1, 16, 11, '', 'ML_VRD_TMT_d17494', NULL),
(497, 'Ali', 'Ahmad', 12, 16, 11, 'merkum hanesi olmayup mustafa ağa hanesinde ikamet', 'ML_VRD_TMT_d17494', NULL),
(498, 'Bahram', 'Abdi', 1, 17, 11, '', 'ML_VRD_TMT_d17494', NULL),
(499, 'Hayrullah', 'Osman', 1, 18, 11, '', 'ML_VRD_TMT_d17494', NULL),
(500, 'İbrahim', 'Halil', 1, 19, 11, '', 'ML_VRD_TMT_d17494', NULL),
(501, 'Hüseyyin', 'Mustafa', 1, 0, 11, '', 'ML_VRD_TMT_d17494', NULL),
(502, 'İbrahim', 'XXX', 1, 20, 11, '', 'ML_VRD_TMT_d17494', NULL),
(503, 'Latif', 'Feyzullah', 1, 21, 11, '', 'ML_VRD_TMT_d17494', NULL),
(504, 'Osman', 'Ali', 1, 22, 11, '', 'ML_VRD_TMT_d17494', NULL),
(505, 'Şerif', 'Mehmed', 12, 22, 11, 'Keçeci Osman yanında ikamet', 'ML_VRD_TMT_d17494', NULL),
(506, 'Mehmed', 'Abdullah', 1, 23, 11, '', 'ML_VRD_TMT_d17494', NULL),
(507, 'Yaşar', 'Mehmed', 1, 24, 11, '', 'ML_VRD_TMT_d17494', NULL),
(508, 'Zeynel', 'Abdullah', 1, 25, 11, '', 'ML_VRD_TMT_d17494', NULL),
(509, 'Yusuf', 'Hasan', 1, 26, 11, 'Süvar', 'ML_VRD_TMT_d17494', NULL),
(510, 'Murad', 'Ali', 1, 27, 11, '', 'ML_VRD_TMT_d17494', NULL),
(511, 'Süleyman', 'Feyzullah', 1, 28, 11, '', 'ML_VRD_TMT_d17494', NULL),
(512, 'Süleyman', 'Salman', 1, 29, 11, '', 'ML_VRD_TMT_d17494', NULL),
(513, 'Mustafa', 'Feyzullah', 1, 30, 11, '', 'ML_VRD_TMT_d17494', NULL),
(514, 'Ahmed', 'Mehmed', 1, 31, 11, '', 'ML_VRD_TMT_d17494', NULL),
(515, 'Seydi', 'Kurtuş', 1, 32, 11, 'Süvar', 'ML_VRD_TMT_d17494', NULL),
(516, 'Yaşar', 'Ali', 1, 33, 11, '', 'ML_VRD_TMT_d17494', NULL),
(517, 'Lütfi', 'Beşir', 1, 34, 11, '', 'ML_VRD_TMT_d17494', NULL),
(518, 'Halil', 'Abdullah', 1, 35, 11, '', 'ML_VRD_TMT_d17494', NULL),
(519, 'Osman', 'Ali', 1, 36, 11, '', 'ML_VRD_TMT_d17494', NULL),
(520, 'Hasan', 'Salih', 1, 37, 11, '', 'ML_VRD_TMT_d17494', NULL),
(521, 'Ömer', 'Mehmed', 1, 38, 11, '', 'ML_VRD_TMT_d17494', NULL),
(522, 'Ahmed', 'Ali', 1, 39, 11, '', 'ML_VRD_TMT_d17494', NULL),
(523, 'Mustafa', 'İsmail', 1, 40, 11, '', 'ML_VRD_TMT_d17494', NULL),
(524, 'XXX', 'XXX', 1, 41, 11, '', 'ML_VRD_TMT_d17494', NULL),
(525, 'Yaşar', 'Ahmed', 1, 42, 11, '', 'ML_VRD_TMT_d17494', NULL),
(526, 'Abdullah', 'Abdullah', 1, 43, 11, '', 'ML_VRD_TMT_d17494', NULL),
(527, 'Halid', '', 1, 44, 11, '', 'ML_VRD_TMT_d17494', NULL),
(528, 'Süleyman', 'Selim', 1, 45, 11, '', 'ML_VRD_TMT_d17494', NULL),
(529, 'Halid', 'Mustafa', 1, 46, 11, '', 'ML_VRD_TMT_d17494', NULL),
(530, 'Salih', 'Mehmed', 1, 47, 11, '', 'ML_VRD_TMT_d17494', NULL),
(531, 'xxx', '', 1, 48, 11, 'Süvar', 'ML_VRD_TMT_d17494', NULL),
(532, 'Ali valad İbrahim halilesi', '', 1, 49, 11, '', 'ML_VRD_TMT_d17494', NULL),
(533, 'Ahmed', 'Mehmed', 1, 50, 11, '', 'ML_VRD_TMT_d17494', NULL),
(534, 'Ali', 'Mehmed', 1, 51, 11, '', 'ML_VRD_TMT_d17494', NULL),
(535, 'Ahmed Sipahi', 'Mehmed', 1, 52, 11, '', 'ML_VRD_TMT_d17494', NULL),
(536, 'Mustafa', 'Ahmed', 14, 52, 11, 'Dayısı Ahmed Sipahi (Salcı)', 'ML_VRD_TMT_d17494', NULL),
(537, 'Sadik', 'İbrahim', 1, 53, 11, '', 'ML_VRD_TMT_d17494', NULL),
(538, '', 'Osman', 1, 54, 11, '', 'ML_VRD_TMT_d17494', NULL),
(539, 'Halil', 'Osman', 1, 55, 11, '', 'ML_VRD_TMT_d17494', NULL),
(540, 'Ahmed', 'Ali', 1, 56, 11, '', 'ML_VRD_TMT_d17494', NULL),
(541, 'Arif', 'Ramiş', 1, 57, 11, 'Semendire Sancağı Sipahi', 'ML_VRD_TMT_d17494', NULL),
(542, 'Züneyyir', 'Hüseyyin', 1, 58, 11, '', 'ML_VRD_TMT_d17494', NULL),
(543, 'Said', 'İslam', 1, 59, 11, '', 'ML_VRD_TMT_d17494', NULL),
(544, 'Hasan', 'Hasan', 1, 60, 11, '', 'ML_VRD_TMT_d17494', NULL),
(545, 'Şakir', 'Abdullah', 1, 61, 11, '', 'ML_VRD_TMT_d17494', NULL),
(546, 'Süleyman', 'Fazlı', 1, 62, 11, '', 'ML_VRD_TMT_d17494', NULL),
(547, 'Salıh', 'Mustafa', 1, 63, 11, 'Hanesi olmayup...', 'ML_VRD_TMT_d17494', NULL),
(548, 'Metiş', 'İsmail', 1, 64, 11, '', 'ML_VRD_TMT_d17494', NULL),
(549, 'Salih', 'İbiş', 1, 65, 11, 'İki seneden beri sırplı tarafına ticaret tarikle gitmiştir', 'ML_VRD_TMT_d17494', NULL),
(550, 'Kavri', '', 1, 66, 11, '', 'ML_VRD_TMT_d17494', NULL),
(551, 'Said', 'İbrahim', 1, 67, 11, '', 'ML_VRD_TMT_d17494', NULL),
(552, 'xxx', '', 1, 68, 11, '', 'ML_VRD_TMT_d17494', NULL),
(553, 'Süleyman', 'Ali', 1, 69, 11, '', 'ML_VRD_TMT_d17494', NULL),
(554, 'Süleyman', 'Halid', 1, 70, 11, '', 'ML_VRD_TMT_d17494', NULL),
(555, 'Ali', 'Bekir', 1, 71, 11, 'kime', 'ML_VRD_TMT_d17494', NULL),
(556, 'Mutiş', 'Mahmed', 1, 72, 11, '', 'ML_VRD_TMT_d17494', NULL),
(557, '', 'Oğlu', 5, 72, 11, '', 'ML_VRD_TMT_d17494', NULL),
(558, 'Raşid  ', 'Osman', 1, 73, 11, '', 'ML_VRD_TMT_d17494', NULL),
(559, 'Emin', 'Ali', 1, 74, 11, '', 'ML_VRD_TMT_d17494', NULL),
(560, 'Hasan', 'Süleyman', 1, 75, 11, '', 'ML_VRD_TMT_d17494', NULL),
(561, 'Şaban', 'Mustafa', 1, 76, 11, '', 'ML_VRD_TMT_d17494', NULL),
(562, 'Kadri', 'Mustafa', 1, 77, 11, '', 'ML_VRD_TMT_d17494', NULL),
(563, 'Emin', 'Hasan', 1, 78, 11, '', 'ML_VRD_TMT_d17494', NULL),
(564, 'Mehmed', 'Veysel', 1, 79, 11, '', 'ML_VRD_TMT_d17494', NULL),
(565, 'Salih', 'Kerim', 1, 80, 11, '', 'ML_VRD_TMT_d17494', NULL),
(566, 'Letif', 'Kasim', 1, 81, 11, '', 'ML_VRD_TMT_d17494', NULL),
(567, 'Ramid', 'Abdi', 1, 82, 11, '', 'ML_VRD_TMT_d17494', NULL),
(568, '', 'Süleyman', 1, 83, 11, '', 'ML_VRD_TMT_d17494', NULL),
(569, 'Ahmed', '', 1, 84, 11, '', 'ML_VRD_TMT_d17494', NULL),
(570, 'Mustafa', 'Seydi', 1, 85, 11, '', 'ML_VRD_TMT_d17494', NULL),
(571, 'Said', 'Halil', 1, 86, 11, '', 'ML_VRD_TMT_d17494', NULL),
(572, 'Osman', 'Mehmed', 1, 87, 11, 'Üç seneden beri ticaret tarikiyle sırplı tarafına gitmiştir', 'ML_VRD_TMT_d17494', NULL),
(573, 'Abdurahman', 'Arif', 1, 88, 11, '', 'ML_VRD_TMT_d17494', NULL),
(574, 'Yusuf', 'Abdullah', 1, 89, 11, '', 'ML_VRD_TMT_d17494', NULL),
(575, 'Hasan', 'Mehmed', 1, 90, 11, 'Ticaret tarikiyle sırplı tarafına gitmiştir', 'ML_VRD_TMT_d17494', NULL),
(576, 'Maksud', 'Osman', 1, 91, 11, '', 'ML_VRD_TMT_d17494', NULL),
(577, 'Abdullah', 'Adem', 1, 92, 11, '', 'ML_VRD_TMT_d17494', NULL),
(578, 'Salih', 'Abdullah', 1, 93, 11, '', 'ML_VRD_TMT_d17494', NULL),
(579, 'Hüseyyin', 'Osman', 1, 94, 11, '', 'ML_VRD_TMT_d17494', NULL),
(580, 'Salih', 'Abdi', 1, 95, 11, '', 'ML_VRD_TMT_d17494', NULL),
(581, 'Şaban', 'Osman', 1, 96, 11, '', 'ML_VRD_TMT_d17494', NULL),
(582, 'Abdul', 'Yusuf', 1, 97, 11, '', 'ML_VRD_TMT_d17494', NULL),
(583, '', 'Sadik', 1, 98, 11, '', 'ML_VRD_TMT_d17494', NULL),
(584, 'Mustafa ', 'Mihram', 1, 99, 11, '', 'ML_VRD_TMT_d17494', NULL),
(585, 'Abdi', 'Mehmed', 1, 100, 11, '', 'ML_VRD_TMT_d17494', NULL),
(586, 'Salih', 'Hüseyyin', 1, 101, 11, '', 'ML_VRD_TMT_d17494', NULL),
(587, 'Ali', 'Mehmed', 1, 102, 11, '', 'ML_VRD_TMT_d17494', NULL),
(588, 'Halil', 'İlyas', 1, 103, 11, '', 'ML_VRD_TMT_d17494', NULL),
(589, 'Said', 'Hasan', 1, 104, 11, 'erbab--ı ziraattan olup', 'ML_VRD_TMT_d17494', NULL),
(590, 'Oğulları Yahya ve Hüseyyin', '', 5, 104, 11, '', 'ML_VRD_TMT_d17494', NULL),
(591, 'Ahmed', 'Salih', 1, 105, 11, '', 'ML_VRD_TMT_d17494', NULL),
(592, 'Mehmed', 'Hasan', 1, 106, 11, '', 'ML_VRD_TMT_d17494', NULL),
(593, 'Selih', 'Arif', 1, 107, 11, 'Üç sene akdem Filibe tarafına gitmiş', 'ML_VRD_TMT_d17494', NULL),
(594, 'Mustafa', 'Abdullah', 1, 108, 11, '', 'ML_VRD_TMT_d17494', NULL),
(595, 'Sadik', 'İbrahim', 1, 109, 11, '', 'ML_VRD_TMT_d17494', NULL),
(596, 'Mürad', 'Süleyman', 1, 110, 11, '', 'ML_VRD_TMT_d17494', NULL),
(597, 'Numan', 'Mustafa', 1, 111, 11, '', 'ML_VRD_TMT_d17494', NULL),
(598, 'Mehmed', 'Lütfi', 1, 112, 11, '', 'ML_VRD_TMT_d17494', NULL),
(599, 'Metiş', 'Nezir', 1, 113, 11, '', 'ML_VRD_TMT_d17494', NULL),
(600, 'Ali', 'Mehmed', 1, 114, 11, '', 'ML_VRD_TMT_d17494', NULL),
(601, 'Hasan', 'Osman', 1, 115, 11, 'Çarşı Bakıcı', 'ML_VRD_TMT_d17494', NULL),
(602, 'Süleyman', 'Salman', 1, 116, 11, '', 'ML_VRD_TMT_d17494', NULL),
(603, 'Ahmed', 'Mustafa', 1, 117, 11, '', 'ML_VRD_TMT_d17494', NULL),
(604, '', 'Abdullah', 1, 118, 11, '', 'ML_VRD_TMT_d17494', NULL),
(605, 'Hüseyyin', 'Hüseyyin', 1, 119, 11, '', 'ML_VRD_TMT_d17494', NULL),
(606, 'Said', 'Abdi', 1, 120, 11, '', 'ML_VRD_TMT_d17494', NULL),
(607, 'Sadik', 'Tahir', 1, 121, 11, '', 'ML_VRD_TMT_d17494', NULL),
(608, 'Şaban', 'Receb', 1, 122, 11, 'Bağ Bakıcı', 'ML_VRD_TMT_d17494', NULL),
(609, 'Selih', 'Abdullah', 1, 123, 11, '', 'ML_VRD_TMT_d17494', NULL),
(610, '', 'Abdullah', 1, 124, 11, '', 'ML_VRD_TMT_d17494', NULL),
(611, 'İbrahim', 'Süleyman', 1, 125, 11, '', 'ML_VRD_TMT_d17494', NULL),
(612, 'Selim', 'İsmail', 1, 126, 11, '', 'ML_VRD_TMT_d17494', NULL),
(613, 'Ali', 'İsmail', 1, 127, 11, '', 'ML_VRD_TMT_d17494', NULL),
(614, 'Letif', 'İsmail', 1, 128, 11, '', 'ML_VRD_TMT_d17494', NULL),
(615, 'Mustafa', 'İslam', 1, 129, 11, 'Niş Ehvalında', 'ML_VRD_TMT_d17494', NULL),
(616, 'Zako', 'Maksud', 1, 130, 11, '', 'ML_VRD_TMT_d17494', NULL),
(617, 'Salih', 'Ali', 1, 131, 11, '', 'ML_VRD_TMT_d17494', NULL),
(618, 'Mürad', 'Ömer', 1, 132, 11, '', 'ML_VRD_TMT_d17494', NULL),
(619, '', 'Selim', 1, 133, 11, '', 'ML_VRD_TMT_d17494', NULL),
(620, 'Mustafa', '', 1, 134, 11, '', 'ML_VRD_TMT_d17494', NULL),
(621, '', 'Kurto', 1, 135, 11, '', 'ML_VRD_TMT_d17494', NULL),
(622, 'Selim', 'Mehmed', 1, 136, 11, '', 'ML_VRD_TMT_d17494', NULL),
(623, 'Süleyman', '', 1, 137, 11, '', 'ML_VRD_TMT_d17494', NULL),
(624, 'Sakir', 'Mustafa', 1, 138, 11, '', 'ML_VRD_TMT_d17494', NULL),
(625, 'Metiş', 'Osman', 1, 139, 11, '', 'ML_VRD_TMT_d17494', NULL),
(626, 'Süleyman', 'Aruc', 1, 140, 11, '', 'ML_VRD_TMT_d17494', NULL),
(627, 'Salih', 'Abdi', 1, 141, 11, '', 'ML_VRD_TMT_d17494', NULL),
(628, 'Abdi', 'Süleyman', 1, 142, 11, '', 'ML_VRD_TMT_d17494', NULL),
(629, 'Mehmed', 'İsmail', 1, 143, 11, 'Leskofça kazasında Buryane karyesinde', 'ML_VRD_TMT_d17494', NULL),
(630, 'Mustafa', 'Ahmed', 1, 144, 11, '', 'ML_VRD_TMT_d17494', NULL),
(631, 'Mustafa', 'Murassal', 1, 145, 11, '', 'ML_VRD_TMT_d17494', NULL),
(632, 'Emin', 'Hacı Abdullah', 1, 146, 11, '', 'ML_VRD_TMT_d17494', NULL),
(633, 'Bayram', 'Yusuf', 1, 147, 11, 'Postane', 'ML_VRD_TMT_d17494', NULL),
(634, 'Hüseyyin', 'İsmail', 1, 148, 11, 'Leskofçadan Niş bir sene akdem icare ile ikamet etmiş', 'ML_VRD_TMT_d17494', NULL),
(635, 'Selim', 'Haydar', 1, 149, 11, '', 'ML_VRD_TMT_d17494', NULL),
(636, 'Letif', 'Ali', 1, 150, 11, '', 'ML_VRD_TMT_d17494', NULL),
(637, 'Süleyman', 'İbrahim', 1, 151, 11, '', 'ML_VRD_TMT_d17494', NULL),
(638, 'Hüseyyin', 'Mehmed', 1, 152, 11, '', 'ML_VRD_TMT_d17494', NULL),
(639, 'Reşid', 'Abdullah', 1, 153, 11, '', 'ML_VRD_TMT_d17494', NULL),
(640, 'Said', 'xxx', 1, 154, 11, '', 'ML_VRD_TMT_d17494', NULL),
(641, 'xxx', 'xxx', 1, 155, 11, '', 'ML_VRD_TMT_d17494', NULL),
(642, 'Şaban', 'Haydar', 1, 156, 11, '', 'ML_VRD_TMT_d17494', NULL),
(643, 'Salih', 'Halil', 1, 157, 11, '', 'ML_VRD_TMT_d17494', NULL),
(644, 'Kanbar', 'Zanbar', 1, 158, 11, '', 'ML_VRD_TMT_d17494', NULL),
(645, 'Hacı Abdullah', 'Abdullah', 1, 159, 11, 'mecnun', 'ML_VRD_TMT_d17494', NULL),
(646, 'İbrahim', 'Abdullah', 1, 160, 11, '', 'ML_VRD_TMT_d17494', NULL),
(647, 'Abdi', 'Hüseyyin', 1, 161, 11, '', 'ML_VRD_TMT_d17494', NULL),
(648, 'Mehmed', 'Abdullah', 1, 162, 11, '', 'ML_VRD_TMT_d17494', NULL),
(649, 'Aruc', 'İbrahim', 1, 163, 11, 'ürgüp kazasında süleyman Karyesinde emlakı', 'ML_VRD_TMT_d17494', NULL),
(650, '', 'oğlu Salih', 5, 163, 11, '', 'ML_VRD_TMT_d17494', NULL),
(651, 'İbrahim', 'Ali', 1, 164, 11, '', 'ML_VRD_TMT_d17494', NULL),
(652, '', 'Salih', 1, 165, 11, '', 'ML_VRD_TMT_d17494', NULL),
(653, 'Fazlı', 'İslam', 1, 166, 11, 'bir sene akdemce Üsküp tarafına gitmiş hala gelmemiş', 'ML_VRD_TMT_d17494', NULL),
(654, 'Nezir', 'İsmail', 1, 167, 11, '', 'ML_VRD_TMT_d17494', NULL),
(655, 'Fettah', 'Ömer', 1, 168, 11, '', 'ML_VRD_TMT_d17494', NULL),
(656, '', 'karındaşı Behram', 4, 168, 11, '', 'ML_VRD_TMT_d17494', NULL),
(657, 'Osman', 'Abdullah', 1, 169, 11, '', 'ML_VRD_TMT_d17494', NULL),
(658, 'Abdurrahman', 'Hasan', 1, 170, 11, 'merkum hanesinde gayrı bir nesnesi olmayup iki sene akdemce kısmet arzusuyla diyar-ı garbete gitmiş olduğu makam na malum', 'ML_VRD_TMT_d17494', NULL),
(659, 'Hasan', 'Süleyman', 1, 171, 11, '', 'ML_VRD_TMT_d17494', NULL),
(660, 'Ali', 'Hacu İbrahim', 1, 172, 11, '', 'ML_VRD_TMT_d17494', NULL),
(661, 'Ramo', 'Halil', 1, 173, 11, '', 'ML_VRD_TMT_d17494', NULL),
(662, 'Mehmed', 'Ali', 1, 174, 11, '', 'ML_VRD_TMT_d17494', NULL),
(663, 'İbrahim', 'Mehmed', 1, 175, 11, '', 'ML_VRD_TMT_d17494', NULL),
(664, '', 'Salman', 1, 176, 11, '', 'ML_VRD_TMT_d17494', NULL),
(665, 'Ruhan', 'Ömer', 1, 177, 11, '', 'ML_VRD_TMT_d17494', NULL),
(666, 'Ali', 'Zenber', 1, 178, 11, '', 'ML_VRD_TMT_d17494', NULL),
(667, 'Yaşar', 'Hasan', 1, 179, 11, 'Berberlik ile sırplı tarafına gitmiştir', 'ML_VRD_TMT_d17494', NULL),
(668, 'Mustafa', 'Muammer', 1, 180, 11, '', 'ML_VRD_TMT_d17494', NULL),
(669, 'Mutiş', 'Abdi', 1, 181, 11, 'nesnesi yok iki büçük sene akdem kısmet arzusuyla Bosna tarafına gitmiştir', 'ML_VRD_TMT_d17494', NULL),
(670, 'Lütfi', 'Zekir', 1, 182, 11, '', 'ML_VRD_TMT_d17494', NULL),
(671, 'Ömer', 'Süleyman', 1, 183, 11, 'Belgrada gitmiş', 'ML_VRD_TMT_d17494', NULL),
(672, 'Receb', 'Mehmed', 1, 184, 11, 'Süvar', 'ML_VRD_TMT_d17494', NULL),
(673, 'Arif', 'Kaytas', 1, 185, 11, '', 'ML_VRD_TMT_d17494', NULL),
(674, 'Halim', 'Bekir', 1, 186, 11, '', 'ML_VRD_TMT_d17494', NULL),
(675, 'Osman', 'Yusuf', 1, 187, 11, '', 'ML_VRD_TMT_d17494', NULL),
(676, 'Süleyman', '', 1, 188, 11, '', 'ML_VRD_TMT_d17494', NULL),
(677, 'Mustafa', 'Ali ', 1, 189, 11, '', 'ML_VRD_TMT_d17494', NULL),
(678, 'Yakub', 'Tahir', 1, 190, 11, '', 'ML_VRD_TMT_d17494', NULL),
(679, 'Ali', 'İslam', 1, 191, 11, 'üç sene akdemce sırplı tarafına gitmiştir', 'ML_VRD_TMT_d17494', NULL),
(680, 'Hüseyyin', 'İsmail', 1, 192, 11, '', 'ML_VRD_TMT_d17494', NULL),
(681, 'Hüseyyin', 'Halil', 1, 193, 11, '', 'ML_VRD_TMT_d17494', NULL),
(682, 'Receb', 'Hüseyyin', 1, 194, 11, '2 sene akdemce Belgrada gitmiş', 'ML_VRD_TMT_d17494', NULL),
(683, 'Abdurrahman', 'Osman', 1, 195, 11, '', 'ML_VRD_TMT_d17494', NULL),
(684, 'Mehmed', 'Halil', 1, 196, 11, '', 'ML_VRD_TMT_d17494', NULL),
(685, 'Reco', 'Maksud', 1, 197, 11, '', 'ML_VRD_TMT_d17494', NULL),
(686, 'Zeynel', 'Maksud', 1, 198, 11, '', 'ML_VRD_TMT_d17494', NULL),
(687, 'İsmail', 'Osman', 1, 199, 11, '', 'ML_VRD_TMT_d17494', NULL),
(688, 'Abdullütf', 'Arslan', 1, 200, 11, '', 'ML_VRD_TMT_d17494', NULL),
(689, 'Hüseyyin', 'Mustafa', 1, 201, 11, '', 'ML_VRD_TMT_d17494', NULL),
(690, 'Emin', 'Hasan', 1, 202, 11, '', 'ML_VRD_TMT_d17494', NULL),
(691, 'Bahram', 'Abdullah', 1, 203, 11, 'bargir ile', 'ML_VRD_TMT_d17494', NULL),
(692, 'Ali', '', 1, 204, 11, '', 'ML_VRD_TMT_d17494', NULL),
(693, 'Salih', 'Süleyman', 1, 205, 11, '', 'ML_VRD_TMT_d17494', NULL),
(694, 'Ali', 'Musa', 1, 206, 11, '', 'ML_VRD_TMT_d17494', NULL),
(695, 'Hacı Rüstem', 'Yahya', 1, 207, 11, '', 'ML_VRD_TMT_d17494', NULL),
(696, 'Nezir', 'Said', 1, 208, 11, '', 'ML_VRD_TMT_d17494', NULL),
(697, 'Salih', 'Veysel', 1, 209, 11, '', 'ML_VRD_TMT_d17494', NULL),
(698, '', 'Veysel', 1, 210, 11, '', 'ML_VRD_TMT_d17494', NULL),
(699, 'Abdi', 'İlyas', 1, 211, 11, '', 'ML_VRD_TMT_d17494', NULL),
(700, 'Yaşar', 'İbrahim', 1, 212, 11, 'Hatib', 'ML_VRD_TMT_d17494', NULL),
(701, 'Seyyid Abdurrahman Efendi', 'Seyyid Müftü Mustafa Efendi', 1, 1, 9, 'Mevla-ı Kiram', 'ML_VRD_TMT_d16403', NULL),
(702, '', 'kardeşı zadesi iştiraken', 4, 1, 9, '', 'ML_VRD_TMT_d16403', NULL),
(703, '', '', 14, 1, 9, '', 'ML_VRD_TMT_d16403', NULL);
INSERT INTO `household` (`household_id`, `member_forname`, `member_surname`, `fk_household_member_type_id`, `household_number`, `fk_location_name_id`, `notes`, `archive_code`, `page`) VALUES
(704, 'Osman', 'Mehmed', 1, 2, 9, '', 'ML_VRD_TMT_d16403', NULL),
(705, 'Şeyh Said Efendi', 'Şeyh Ahmed Efendi', 1, 3, 9, '', 'ML_VRD_TMT_d16403', NULL),
(706, 'Salih', 'Ali', 1, 4, 9, '', 'ML_VRD_TMT_d16403', NULL),
(707, 'Ahmed', 'Salman', 1, 5, 9, '', 'ML_VRD_TMT_d16403', NULL),
(708, 'Halil', 'Mustafa', 1, 6, 9, 'dört sene akdem Rusçuk tarafına gitmiştir', 'ML_VRD_TMT_d16403', NULL),
(709, 'Hasan', 'Yusuf', 1, 7, 9, '', 'ML_VRD_TMT_d16403', NULL),
(710, 'Osman', 'Yahya', 1, 8, 9, 'Mevala-i Keram Abdurrahman Efendiye tabi', 'ML_VRD_TMT_d16403', NULL),
(711, 'Ömer', 'Salih', 1, 9, 9, 'bir sene akdem Edirne tarafına gitmiştir', 'ML_VRD_TMT_d16403', NULL),
(712, 'Adil', 'Feyzullah', 1, 10, 9, 'bir sene akdem Leskofçadan Nişe gelup temettuatları Leskofçada', 'ML_VRD_TMT_d16403', NULL),
(713, 'Mehmed Bey', 'Ali Paşa', 1, 11, 9, '', 'ML_VRD_TMT_d16403', NULL),
(714, '', 'halilesi', 3, 11, 9, '', 'ML_VRD_TMT_d16403', NULL),
(715, 'merhum Hacı Ahmed Ağa zevcesi Selime Hatun', '', 1, 12, 9, '', 'ML_VRD_TMT_d16403', NULL),
(716, 'Mustafa', 'Osman', 17, 12, 9, 'Hacı Ahmed Ağanın torunu; iki yaşında; İsmail valad Recep', 'ML_VRD_TMT_d16403', NULL),
(717, 'Mehmed', 'Ahmed', 1, 13, 9, '', 'ML_VRD_TMT_d16403', NULL),
(718, 'Ahmed', 'Hasan', 1, 14, 9, '', 'ML_VRD_TMT_d16403', NULL),
(719, 'Ali Efendi', 'Hacı Yaşar', 1, 15, 9, 'Gümrük Katibi', 'ML_VRD_TMT_d16403', NULL),
(720, 'Salim', 'Mustafa', 1, 16, 9, '', 'ML_VRD_TMT_d16403', NULL),
(721, 'Hüseyyin', 'Ali', 1, 17, 9, '', 'ML_VRD_TMT_d16403', NULL),
(722, 'Mustafa', 'Ahmed ', 1, 18, 9, '', 'ML_VRD_TMT_d16403', NULL),
(723, ' İsmail', 'Receb', 1, 19, 9, '', 'ML_VRD_TMT_d16403', NULL),
(724, '', 'yetim Mustafa valad Osman', 16, 19, 9, '', 'ML_VRD_TMT_d16403', NULL),
(725, 'Kara Mustafa', 'Ahmed', 1, 20, 9, '', 'ML_VRD_TMT_d16403', NULL),
(726, 'Hasan', 'Abdullah', 1, 21, 9, '', 'ML_VRD_TMT_d16403', NULL),
(727, 'Osman Efendi', 'Süleyman', 1, 22, 9, '', 'ML_VRD_TMT_d16403', NULL),
(728, 'Hacı Yusuf', 'Salman', 1, 23, 9, '', 'ML_VRD_TMT_d16403', NULL),
(729, 'Mehmed', 'Ahmed', 1, 24, 9, 'iki yaşında; Şahin valad Yaşo', 'ML_VRD_TMT_d16403', NULL),
(730, 'Memiş', 'Mustafa', 1, 25, 9, 'Bağ Bakıcı', 'ML_VRD_TMT_d16403', NULL),
(731, 'Kahraman', 'Mürad', 1, 26, 9, '', 'ML_VRD_TMT_d16403', NULL),
(732, 'Abdullah', 'Mehmed', 1, 27, 9, 'iki sene önce Alacahisara gitmiş; emlak halilesinin', 'ML_VRD_TMT_d16403', NULL),
(733, 'Hacı Emin', 'Ömer', 1, 28, 9, 'ikamet olduğu hane halilesinin', 'ML_VRD_TMT_d16403', NULL),
(734, 'Halil', 'Hasan', 1, 29, 9, '', 'ML_VRD_TMT_d16403', NULL),
(735, 'Abu Bekir', 'Salih', 1, 30, 9, '', 'ML_VRD_TMT_d16403', NULL),
(736, 'İsmail', 'Zeynel', 1, 31, 9, 'bir sene akdem İskenderiye tarafına gitmiştir', 'ML_VRD_TMT_d16403', NULL),
(737, 'Salim', 'Hacı Derviş', 1, 32, 9, '', 'ML_VRD_TMT_d16403', NULL),
(738, 'Abu Bekir', 'Ömer', 1, 33, 9, '', 'ML_VRD_TMT_d16403', NULL),
(739, 'Mehmed', 'Hasan', 1, 34, 9, '', 'ML_VRD_TMT_d16403', NULL),
(740, 'Hacı Abdullah', 'Hüseyyin', 1, 35, 9, 'Mevalla-iKiramdan Abdurrahman Efendiye tabi', 'ML_VRD_TMT_d16403', NULL),
(741, 'Abu Bekir', 'İbrahim', 1, 36, 9, '', 'ML_VRD_TMT_d16403', NULL),
(742, 'Mustafa', 'Osman', 1, 37, 9, '', 'ML_VRD_TMT_d16403', NULL),
(743, 'Süleyman', 'Hasan', 1, 38, 9, 'beşinci alay/dördüncü tabur/sağ kol', 'ML_VRD_TMT_d16403', NULL),
(744, 'Hasan', 'Ömer', 1, 39, 9, '', 'ML_VRD_TMT_d16403', NULL),
(745, 'Ömer', 'Abdullah', 1, 40, 9, '', 'ML_VRD_TMT_d16403', NULL),
(746, 'Arif', 'Ali', 1, 41, 9, '', 'ML_VRD_TMT_d16403', NULL),
(747, 'İbrahim Efendi', 'Emin', 1, 42, 9, '', 'ML_VRD_TMT_d16403', NULL),
(748, 'Ömer', 'Mehmed', 1, 43, 9, 'emlakı Leskofçada', 'ML_VRD_TMT_d16403', NULL),
(749, 'Halil', 'Süleyman', 1, 44, 9, 'An asli Kafovada Ömer Mh Dört sene önce gelmiştir', 'ML_VRD_TMT_d16403', NULL),
(750, 'Abdulletif', 'İbrahim', 1, 45, 9, '', 'ML_VRD_TMT_d16403', NULL),
(751, 'Şahbaz', 'Halil', 1, 46, 9, '', 'ML_VRD_TMT_d16403', NULL),
(752, 'Mehmed', 'Memiş', 1, 47, 9, '', 'ML_VRD_TMT_d16403', NULL),
(753, 'Ahmed', 'Hüseyyin', 1, 48, 9, '', 'ML_VRD_TMT_d16403', NULL),
(754, 'Zeynel', 'Hüseyyin', 1, 49, 9, '', 'ML_VRD_TMT_d16403', NULL),
(755, 'Hacı Kütaş', 'Hacı Bekir', 1, 50, 9, '', 'ML_VRD_TMT_d16403', NULL),
(756, '', 'oğlu İsmail Ağa', 5, 51, 9, 'Birinci', 'ML_VRD_TMT_d16403', NULL),
(757, 'İbrahim', 'Mustafa', 1, 51, 9, '', 'ML_VRD_TMT_d16403', NULL),
(758, 'İbrahim', 'Ali', 1, 52, 9, '', 'ML_VRD_TMT_d16403', NULL),
(759, 'İsmail', 'Ali', 1, 53, 9, '', 'ML_VRD_TMT_d16403', NULL),
(760, 'Ahmed', 'İbrahim', 1, 54, 9, 'Şagird', 'ML_VRD_TMT_d16403', NULL),
(761, 'Ali', 'Mehmed', 1, 55, 9, '', 'ML_VRD_TMT_d16403', NULL),
(762, 'Mehmed', 'Osman', 1, 56, 9, '', 'ML_VRD_TMT_d16403', NULL),
(763, 'Receb', 'Hüseyyin', 1, 57, 9, '', 'ML_VRD_TMT_d16403', NULL),
(764, 'Mürad', 'Salman', 1, 58, 9, '', 'ML_VRD_TMT_d16403', NULL),
(765, 'Hüseyyin', 'Kurto', 1, 59, 9, '', 'ML_VRD_TMT_d16403', NULL),
(766, 'Ali', 'Salman', 1, 60, 9, '', 'ML_VRD_TMT_d16403', NULL),
(767, 'Abdullah', 'İsmail', 1, 61, 9, '', 'ML_VRD_TMT_d16403', NULL),
(768, 'Süleyman', 'Mursil', 1, 62, 9, '', 'ML_VRD_TMT_d16403', NULL),
(769, '', 'Oğlu  Hasan', 5, 62, 9, '', 'ML_VRD_TMT_d16403', NULL),
(770, '', 'Süleyman', 1, 63, 9, 'bir sen once x2 Gelmiştir', 'ML_VRD_TMT_d16403', NULL),
(771, 'Ömer', 'Mahmud', 1, 64, 9, '', 'ML_VRD_TMT_d16403', NULL),
(772, 'Halil', 'Mustafa', 1, 65, 9, '', 'ML_VRD_TMT_d16403', NULL),
(773, 'Hüseyyin', 'Salih', 1, 66, 9, '', 'ML_VRD_TMT_d16403', NULL),
(774, '', 'Biraderi Raşid', 4, 66, 9, '', 'ML_VRD_TMT_d16403', NULL),
(775, 'Kurto', 'Tahir', 1, 67, 9, '', 'ML_VRD_TMT_d16403', NULL),
(776, 'Mehmed', 'Ahmed', 1, 68, 9, '', 'ML_VRD_TMT_d16403', NULL),
(777, 'Mustafa', 'Ali', 1, 69, 9, '', 'ML_VRD_TMT_d16403', NULL),
(778, 'Tosun İbrahim', 'Mustafa', 1, 70, 9, 'Mevalla-i Kiramdan Abdurrahman Efendiye tabi', 'ML_VRD_TMT_d16403', NULL),
(779, 'Süleyman', 'Osman', 1, 71, 9, '', 'ML_VRD_TMT_d16403', NULL),
(780, 'Hasan', 'Unreadable', 1, 72, 9, '', 'ML_VRD_TMT_d16403', NULL),
(781, 'Şerif', 'Salih', 1, 73, 9, '', 'ML_VRD_TMT_d16403', NULL),
(782, 'Mehmed', 'Abdulfettah', 1, 74, 9, '', 'ML_VRD_TMT_d16403', NULL),
(783, 'Tosun', 'Ali', 1, 75, 9, '', 'ML_VRD_TMT_d16403', NULL),
(784, 'Zeynel', 'Hüseyyin', 1, 76, 9, '', 'ML_VRD_TMT_d16403', NULL),
(785, 'İdris', 'Ali', 1, 77, 9, 'iki sene akdem İskenderiye tarafına gitmiştir', 'ML_VRD_TMT_d16403', NULL),
(786, 'Hüseyyin', 'Memiş', 1, 78, 9, '', 'ML_VRD_TMT_d16403', NULL),
(787, 'Ömer', 'Hüseyyin', 1, 79, 9, '', 'ML_VRD_TMT_d16403', NULL),
(788, 'Mehmed', 'İslam', 1, 80, 9, '', 'ML_VRD_TMT_d16403', NULL),
(789, 'Hasan', 'Yaşo', 1, 81, 9, '', 'ML_VRD_TMT_d16403', NULL),
(790, 'Mustafa', 'Bektaş', 1, 82, 9, '', 'ML_VRD_TMT_d16403', NULL),
(791, 'Mustafa', 'Ahmed', 1, 83, 9, '', 'ML_VRD_TMT_d16403', NULL),
(792, 'Mahmed', 'Maslı', 1, 84, 9, '', 'ML_VRD_TMT_d16403', NULL),
(793, 'Süleyman', 'Ali', 1, 85, 9, '', 'ML_VRD_TMT_d16403', NULL),
(794, 'Hacı Ömer', 'Mahmud', 1, 86, 9, 'yemenici eskicisi', 'ML_VRD_TMT_d16403', NULL),
(795, 'Sadık', 'İbrahim', 1, 87, 9, '', 'ML_VRD_TMT_d16403', NULL),
(796, 'Mehmed', 'İbrahim', 1, 88, 9, 'emlak halilesinin', 'ML_VRD_TMT_d16403', NULL),
(797, 'Mahmud', 'Abdullah', 1, 89, 9, 'iki sene akdemce Selanikeye gitmiştir', 'ML_VRD_TMT_d16403', NULL),
(798, 'Tahir', 'Mustafa', 1, 90, 9, '', 'ML_VRD_TMT_d16403', NULL),
(799, 'Şahin Abdurrahman', 'Yaşo', 1, 91, 9, '', 'ML_VRD_TMT_d16403', NULL),
(800, 'İbrahim', 'Ahmed', 1, 92, 9, '', 'ML_VRD_TMT_d16403', NULL),
(801, 'Hasan', 'Ali', 1, 93, 9, '', 'ML_VRD_TMT_d16403', NULL),
(802, 'Süleyman', 'Ömer', 1, 94, 9, '', 'ML_VRD_TMT_d16403', NULL),
(803, 'Ahmed', 'Kadri', 1, 95, 9, '', 'ML_VRD_TMT_d16403', NULL),
(804, 'Halil', 'Ahmed', 1, 96, 9, '', 'ML_VRD_TMT_d16403', NULL),
(805, 'Mustafa', 'Osman', 1, 97, 9, '', 'ML_VRD_TMT_d16403', NULL),
(806, 'İsmail', 'Abbullah', 1, 98, 9, '', 'ML_VRD_TMT_d16403', NULL),
(807, 'Mehmed', 'Ali', 1, 99, 9, '', 'ML_VRD_TMT_d16403', NULL),
(808, 'İbrahim', 'İbrahim', 1, 100, 9, '', 'ML_VRD_TMT_d16403', NULL),
(809, 'Fazlı', 'İsmail', 1, 101, 9, '', 'ML_VRD_TMT_d16403', NULL),
(810, 'Arif', 'Osman', 1, 102, 9, 'kahveci tabi', 'ML_VRD_TMT_d16403', NULL),
(811, 'Mustafa', 'Mehmed', 1, 103, 9, '', 'ML_VRD_TMT_d16403', NULL),
(812, 'Fazlı', 'Abdullah', 1, 104, 9, '', 'ML_VRD_TMT_d16403', NULL),
(813, 'Abdulkerim', 'Bahram', 1, 105, 9, '', 'ML_VRD_TMT_d16403', NULL),
(814, 'Halil', 'Ali', 1, 106, 9, '', 'ML_VRD_TMT_d16403', NULL),
(815, 'Halil', 'Abbas', 1, 107, 9, '', 'ML_VRD_TMT_d16403', NULL),
(816, 'Mutiş', 'Mustafa', 1, 108, 9, '', 'ML_VRD_TMT_d16403', NULL),
(817, 'İsamil', 'Ağuş', 1, 109, 9, '', 'ML_VRD_TMT_d16403', NULL),
(818, 'Bektaş', 'Osman', 1, 110, 9, '', 'ML_VRD_TMT_d16403', NULL),
(819, 'Osman', 'Osman', 1, 111, 9, '', 'ML_VRD_TMT_d16403', NULL),
(820, 'Derviş', 'Bekir', 1, 112, 9, '5 yaşında; validesi', 'ML_VRD_TMT_d16403', NULL),
(821, 'Osman', 'Ali', 1, 113, 9, 'nazir hasan hanesinde icar ile olduğu', 'ML_VRD_TMT_d16403', NULL),
(822, 'Selim', 'Abdullah', 1, 114, 9, '', 'ML_VRD_TMT_d16403', NULL),
(823, 'Abdulletif', 'Mustafa', 1, 115, 9, '', 'ML_VRD_TMT_d16403', NULL),
(824, 'Ali', 'Ahmed', 1, 116, 9, '', 'ML_VRD_TMT_d16403', NULL),
(825, 'Süleyman', 'Abdulletif', 1, 117, 9, 'Mehmed Emin Hanesinde icar ile sakin olduğu', 'ML_VRD_TMT_d16403', NULL),
(826, 'İbrahim', 'Abdullah', 1, 118, 9, 'üç sene akdem Belgrad canibine gitmiş', 'ML_VRD_TMT_d16403', NULL),
(827, 'İbrahim', 'Ali', 1, 119, 9, '', 'ML_VRD_TMT_d16403', NULL),
(828, 'Zakarya', 'Abdullah', 1, 120, 9, 'emlak hane dahi validesinin', 'ML_VRD_TMT_d16403', NULL),
(829, 'Mehmed', 'Abu Bekir', 1, 121, 9, '', 'ML_VRD_TMT_d16403', NULL),
(830, 'Ahmed', 'Mustafa', 1, 122, 9, '', 'ML_VRD_TMT_d16403', NULL),
(831, 'Dürsü Bakire', 'Hasan', 1, 123, 9, 'iki yaşında/tüccar Çelebi mh cedid', 'ML_VRD_TMT_d16403', NULL),
(832, 'Ahmed', 'Abdullah', 1, 0, 9, '', 'ML_VRD_TMT_d16403', NULL),
(833, 'Ahmed', 'Mehmed', 1, 0, 9, 'kara kul hanede sakin', 'ML_VRD_TMT_d16403', NULL),
(834, 'Bayram', 'Zeynel', 1, 1, 10, '', 'ML_VRD_TMT_d11059', NULL),
(835, 'Ahmed', 'Şerif', 1, 2, 10, '', 'ML_VRD_TMT_d11059', NULL),
(836, 'Abdulkadir', 'İsmail', 1, 3, 10, '', 'ML_VRD_TMT_d11059', NULL),
(837, 'Ali', 'Mustafa', 1, 4, 10, 'berberlik zanatıyla sırp tarafına gitmiş', 'ML_VRD_TMT_d11059', NULL),
(838, 'Hüseyyin', 'Ali', 1, 5, 10, '', 'ML_VRD_TMT_d11059', NULL),
(839, 'Abdurrahmab', 'Feyzullah', 1, 6, 10, '', 'ML_VRD_TMT_d11059', NULL),
(840, 'Mustafa', 'Halil', 1, 7, 10, '', 'ML_VRD_TMT_d11059', NULL),
(841, 'Abdurrahman', 'Osman', 1, 8, 10, '', 'ML_VRD_TMT_d11059', NULL),
(842, 'Salih', 'Ahmed ', 1, 9, 10, 'vakf etmekçi dükkanının üç sihm hissede bir sihm hissesi:58', 'ML_VRD_TMT_d11059', NULL),
(843, 'Hacı Hafız', '', 1, 10, 10, '!! Mahallesinde kain dakakin kıta 3', 'ML_VRD_TMT_d11059', NULL),
(844, '', 'Halile', 3, 10, 10, '', 'ML_VRD_TMT_d11059', NULL),
(845, 'İsmail Efendi', 'Mehmed', 1, 11, 10, '', 'ML_VRD_TMT_d11059', NULL),
(846, '', 'Halile', 3, 11, 10, '', 'ML_VRD_TMT_d11059', NULL),
(847, 'Hüseyyin', 'Numan', 1, 12, 10, '', 'ML_VRD_TMT_d11059', NULL),
(848, 'Ali', 'Bayram', 1, 13, 10, '', 'ML_VRD_TMT_d11059', NULL),
(849, 'Said', 'Adem', 1, 14, 10, '', 'ML_VRD_TMT_d11059', NULL),
(850, 'Şerif İbrahim', 'Emin', 1, 15, 10, '', 'ML_VRD_TMT_d11059', NULL),
(851, 'Abdi', 'Mehmed', 1, 16, 10, '', 'ML_VRD_TMT_d11059', NULL),
(852, 'Mürad', 'Derviş', 1, 17, 10, '', 'ML_VRD_TMT_d11059', NULL),
(853, 'Yahya', 'Mehmed', 1, 18, 10, 'İki seneden beri Belgrad tarafına gitmiştir', 'ML_VRD_TMT_d11059', NULL),
(854, 'Mustafa', 'Osman', 1, 20, 10, 'muezzin', 'ML_VRD_TMT_d11059', NULL),
(855, 'Mehmed', 'Abdullah', 1, 19, 10, 'makdem', 'ML_VRD_TMT_d11059', NULL),
(856, 'Mehmed Efendi', 'Ömer', 1, 21, 10, '', 'ML_VRD_TMT_d11059', NULL),
(857, 'İbrahim', 'Mehmed', 1, 22, 10, '', 'ML_VRD_TMT_d11059', NULL),
(858, 'Hüseyyin', 'Abdullah', 1, 23, 10, '', 'ML_VRD_TMT_d11059', NULL),
(859, 'Hüseyyin', 'Ali ', 1, 24, 10, '', 'ML_VRD_TMT_d11059', NULL),
(860, 'Mehmed', 'Yahya', 1, 25, 10, '', 'ML_VRD_TMT_d11059', NULL),
(861, 'Abdurrahman', 'Hacı Osman', 1, 26, 10, 'Vahisi Abdullahoğlu Hüseyyin Ağa', 'ML_VRD_TMT_d11059', NULL),
(862, 'Hacı Ali', 'Mustafa', 1, 27, 10, '', 'ML_VRD_TMT_d11059', NULL),
(863, 'Ömer', 'Hacı Emin', 1, 28, 10, '', 'ML_VRD_TMT_d11059', NULL),
(864, '', 'Halile', 3, 28, 10, '', 'ML_VRD_TMT_d11059', NULL),
(865, 'Mustafa', 'Salih', 1, 29, 10, '', 'ML_VRD_TMT_d11059', NULL),
(866, 'Abdullah', 'İbrahim', 1, 30, 10, '', 'ML_VRD_TMT_d11059', NULL),
(867, 'Ali', 'Adem', 1, 31, 10, '', 'ML_VRD_TMT_d11059', NULL),
(868, 'Ahmed', 'Hasan', 1, 32, 10, '', 'ML_VRD_TMT_d11059', NULL),
(869, 'Başar', 'Hasan', 1, 33, 10, 'Hatib', 'ML_VRD_TMT_d11059', NULL),
(870, 'Süleyman', 'Yun', 1, 34, 10, '', 'ML_VRD_TMT_d11059', NULL),
(871, 'Hasan', 'Süleyman', 1, 35, 10, '', 'ML_VRD_TMT_d11059', NULL),
(872, 'Hasan', 'Mehmed', 1, 36, 10, '', 'ML_VRD_TMT_d11059', NULL),
(873, 'Mutiş', 'Hasan', 1, 37, 10, '', 'ML_VRD_TMT_d11059', NULL),
(874, 'Mehmed', 'Receb', 1, 38, 10, '', 'ML_VRD_TMT_d11059', NULL),
(875, 'Tomo ', 'Rayko', 1, 1, 20, '', 'ML_VRD_TMT_d11170', NULL),
(876, 'Yovan', 'Ratko', 1, 2, 20, '', 'ML_VRD_TMT_d11170', NULL),
(877, 'Milenko', 'Çvetko', 1, 3, 20, '', 'ML_VRD_TMT_d11170', NULL),
(878, 'Tamo', '', 1, 4, 20, '', 'ML_VRD_TMT_d11170', NULL),
(879, 'Çvetko', 'Marinko', 1, 5, 20, '', 'ML_VRD_TMT_d11170', NULL),
(880, 'xxx', 'Radoyko', 1, 6, 20, 'zevci!!!', 'ML_VRD_TMT_d11170', NULL),
(881, 'xxx', '', 1, 7, 20, '', 'ML_VRD_TMT_d11170', NULL),
(882, 'İstano', 'Rasto', 1, 8, 20, 'zevci!!!', 'ML_VRD_TMT_d11170', NULL),
(883, 'İstifan', 'İstanko', 1, 9, 20, 'Kato zevci', 'ML_VRD_TMT_d11170', NULL),
(884, 'İstamenko', 'İstoyan', 1, 10, 20, '', 'ML_VRD_TMT_d11170', NULL),
(885, 'Milivoye', 'Krsto', 1, 11, 20, '', 'ML_VRD_TMT_d11170', NULL),
(886, 'Yanko', 'İstoyan', 1, 12, 20, '', 'ML_VRD_TMT_d11170', NULL),
(887, 'Milivoye', '', 1, 13, 20, '', 'ML_VRD_TMT_d11170', NULL),
(888, 'Milenko', 'Krsto', 1, 14, 20, '', 'ML_VRD_TMT_d11170', NULL),
(889, 'Yovançe', 'Marko', 1, 15, 20, '', 'ML_VRD_TMT_d11170', NULL),
(890, 'Yayna', 'Dimitre', 1, 16, 20, '', 'ML_VRD_TMT_d11170', NULL),
(891, 'Pavon', 'Rayko', 1, 17, 20, '', 'ML_VRD_TMT_d11170', NULL),
(892, 'Gozradan', 'Pavle', 1, 18, 20, '', 'ML_VRD_TMT_d11170', NULL),
(893, 'Krsto', '', 1, 19, 20, '', 'ML_VRD_TMT_d11170', NULL),
(894, 'Marko', 'İstamenko', 1, 20, 20, '', 'ML_VRD_TMT_d11170', NULL),
(895, 'Mladen', 'Kurye', 1, 21, 20, '', 'ML_VRD_TMT_d11170', NULL),
(896, 'Marinko', 'Gorgi', 1, 22, 20, '', 'ML_VRD_TMT_d11170', NULL),
(897, 'Yovançe', 'Gorgi', 1, 23, 20, '', 'ML_VRD_TMT_d11170', NULL),
(898, 'Gorgi', 'Nişo', 1, 24, 20, '', 'ML_VRD_TMT_d11170', NULL),
(899, 'xxx', 'İstifan', 1, 25, 20, '', 'ML_VRD_TMT_d11170', NULL),
(900, 'Radoy', 'Velko', 1, 26, 20, '', 'ML_VRD_TMT_d11170', NULL),
(901, 'Pitre', 'İstoyan', 1, 1, 24, '', 'ML_VRD_TMT_d11142', NULL),
(902, 'İstoyan', 'Blagoye', 1, 2, 24, '', 'ML_VRD_TMT_d11142', NULL),
(903, 'Taso', 'Pitre', 1, 3, 24, '', 'ML_VRD_TMT_d11142', NULL),
(904, 'Çako', '', 1, 4, 24, '', 'ML_VRD_TMT_d11142', NULL),
(905, 'Marko', 'Pitre', 1, 5, 24, '', 'ML_VRD_TMT_d11142', NULL),
(906, 'İstoiko', 'İstanko', 1, 6, 24, '', 'ML_VRD_TMT_d11142', NULL),
(907, 'İstanoye', 'Risto', 1, 7, 24, '', 'ML_VRD_TMT_d11142', NULL),
(908, 'Jivko', 'İstifan', 1, 8, 24, '', 'ML_VRD_TMT_d11142', NULL),
(909, 'xxx', '', 1, 9, 24, '', 'ML_VRD_TMT_d11142', NULL),
(910, 'Mito', 'İstoiko', 1, 10, 24, '', 'ML_VRD_TMT_d11142', NULL),
(911, 'Rankel', 'Miladin', 1, 11, 24, '', 'ML_VRD_TMT_d11142', NULL),
(912, 'Todorçe', 'İstifan', 1, 12, 24, '', 'ML_VRD_TMT_d11142', NULL),
(913, 'Vuçko', 'İstanko', 1, 13, 24, '', 'ML_VRD_TMT_d11142', NULL),
(914, 'Mihalko', 'Miloş', 1, 14, 24, '', 'ML_VRD_TMT_d11142', NULL),
(915, 'Dinka', '', 1, 15, 24, '', 'ML_VRD_TMT_d11142', NULL),
(916, 'İstifan', '', 1, 16, 24, 'Mihalko valad Miloşun hanesinde kira ile', 'ML_VRD_TMT_d11142', NULL),
(917, 'Kosto', 'Marko', 1, 17, 24, 'Mihalko valad Miloşun hanesinde kira ile', 'ML_VRD_TMT_d11142', NULL),
(918, 'Kole', '', 1, 18, 24, '', 'ML_VRD_TMT_d11142', NULL),
(919, 'Yovançe', 'Çutko', 1, 19, 24, '', 'ML_VRD_TMT_d11142', NULL),
(920, 'İstoiko', 'Yovan', 1, 20, 24, '', 'ML_VRD_TMT_d11142', NULL),
(921, 'İzdravko', 'İstifan', 1, 21, 24, '', 'ML_VRD_TMT_d11142', NULL),
(922, 'Milko', 'Petko', 1, 22, 24, '', 'ML_VRD_TMT_d11142', NULL),
(923, 'Aniçe', '', 1, 23, 24, '', 'ML_VRD_TMT_d11142', NULL),
(924, 'Yovançe', 'İstoyçe', 1, 24, 24, '', 'ML_VRD_TMT_d11142', NULL),
(925, 'Vane', 'İstifan', 1, 25, 24, 'Yovançe valad İsotyçe hanesinde kira ile', 'ML_VRD_TMT_d11142', NULL),
(926, 'İstamenko', 'Petre', 1, 26, 24, '', 'ML_VRD_TMT_d11142', NULL),
(927, 'İstanko', 'İspahoye', 1, 27, 24, '', 'ML_VRD_TMT_d11142', NULL),
(928, 'Gorgi', 'Vidun', 1, 28, 24, '', 'ML_VRD_TMT_d11142', NULL),
(929, 'Yovançe', 'Bogdan', 1, 29, 24, '', 'ML_VRD_TMT_d11142', NULL),
(930, 'Anto', 'İstanoye', 1, 30, 24, '', 'ML_VRD_TMT_d11142', NULL),
(931, 'Velko', 'Çvetko', 1, 31, 24, '', 'ML_VRD_TMT_d11142', NULL),
(932, 'Golub', 'Nikola', 1, 32, 24, '', 'ML_VRD_TMT_d11142', NULL),
(933, 'Goro', 'Bojo', 1, 33, 24, '', 'ML_VRD_TMT_d11142', NULL),
(934, 'Nedo', '', 1, 34, 24, '', 'ML_VRD_TMT_d11142', NULL),
(935, 'Lazar', 'İzdravko', 1, 35, 24, '', 'ML_VRD_TMT_d11142', NULL),
(936, 'İlya', 'Milko', 1, 36, 24, '', 'ML_VRD_TMT_d11142', NULL),
(937, 'Triçko', 'Pitre', 1, 37, 24, '', 'ML_VRD_TMT_d11142', NULL),
(938, 'İzlatko', 'Kure', 1, 38, 24, '', 'ML_VRD_TMT_d11142', NULL),
(939, 'İstoyan', 'Anto', 1, 39, 24, '', 'ML_VRD_TMT_d11142', NULL),
(940, 'L', '', 1, 40, 24, '', 'ML_VRD_TMT_d11142', NULL),
(941, 'Dino', 'Pavle', 1, 41, 24, '', 'ML_VRD_TMT_d11142', NULL),
(942, 'L', 'Petre', 1, 42, 24, '', 'ML_VRD_TMT_d11142', NULL),
(943, 'Gorgi', 'Yovan', 1, 43, 24, '', 'ML_VRD_TMT_d11142', NULL),
(944, 'Mişo', 'İlya', 1, 44, 24, '', 'ML_VRD_TMT_d11142', NULL),
(945, 'Milko', 'Mişo', 1, 45, 24, '', 'ML_VRD_TMT_d11142', NULL),
(946, 'Kiro', 'Yovan', 1, 46, 24, '', 'ML_VRD_TMT_d11142', NULL),
(947, 'Petre', 'Yovan', 1, 47, 24, '', 'ML_VRD_TMT_d11142', NULL),
(948, 'Taso', 'Yovo', 1, 48, 24, '', 'ML_VRD_TMT_d11142', NULL),
(949, 'Lalo', 'Yovan', 1, 49, 24, '', 'ML_VRD_TMT_d11142', NULL),
(950, 'Çvetan', 'Anto', 1, 50, 24, '', 'ML_VRD_TMT_d11142', NULL),
(951, 'Gorgi', 'Mito', 1, 51, 24, '', 'ML_VRD_TMT_d11142', NULL),
(952, 'Mito', 'İstoiko', 1, 52, 24, '', 'ML_VRD_TMT_d11142', NULL),
(953, 'Krsto', 'Yovan', 1, 53, 24, '', 'ML_VRD_TMT_d11142', NULL),
(954, 'Mitre', '', 1, 54, 24, '', 'ML_VRD_TMT_d11142', NULL),
(955, 'Girko', 'Jivko', 1, 55, 24, '', 'ML_VRD_TMT_d11142', NULL),
(956, 'Tomo ', 'Dule', 1, 56, 24, '', 'ML_VRD_TMT_d11142', NULL),
(957, 'Yanko', 'İlya', 1, 57, 24, '', 'ML_VRD_TMT_d11142', NULL),
(958, 'İstamenko', 'Çvetko', 1, 58, 24, '', 'ML_VRD_TMT_d11142', NULL),
(959, 'Rankel', 'İstoyan', 1, 59, 24, '', 'ML_VRD_TMT_d11142', NULL),
(960, 'İstanko', 'Yanko', 1, 60, 24, '', 'ML_VRD_TMT_d11142', NULL),
(961, 'Mirko', 'Despot', 1, 61, 24, '', 'ML_VRD_TMT_d11142', NULL),
(962, 'İstanko', 'İstifan', 1, 62, 24, '', 'ML_VRD_TMT_d11142', NULL),
(963, 'İstoiko', 'Risto', 1, 63, 24, '', 'ML_VRD_TMT_d11142', NULL),
(964, 'Anastas', 'Marko', 1, 1, 23, '', 'ML_VRD_TMT_d11153', NULL),
(965, 'Gorgi', 'Anastas', 1, 2, 23, '', 'ML_VRD_TMT_d11153', NULL),
(966, 'Kustadin', 'Balaş', 1, 3, 23, '', 'ML_VRD_TMT_d11153', NULL),
(967, 'xxx', 'Yovan', 1, 4, 23, '', 'ML_VRD_TMT_d11153', NULL),
(968, 'Gorgi', 'Yanko', 1, 5, 23, '', 'ML_VRD_TMT_d11153', NULL),
(969, 'Petre', 'İspaso', 1, 6, 23, '!!!', 'ML_VRD_TMT_d11153', NULL),
(970, 'L', 'İstifan', 1, 7, 23, '', 'ML_VRD_TMT_d11153', NULL),
(971, 'Rayko', 'İstoyan', 1, 8, 23, '', 'ML_VRD_TMT_d11153', NULL),
(972, 'Jivko', 'İstifan', 1, 9, 23, '', 'ML_VRD_TMT_d11153', NULL),
(973, 'Mito', '', 1, 10, 23, '', 'ML_VRD_TMT_d11153', NULL),
(974, 'L', '', 1, 11, 23, 've erbab-ı Ticaret', 'ML_VRD_TMT_d11153', NULL),
(975, 'İstanoye', 'Yovo', 1, 12, 23, '', 'ML_VRD_TMT_d11153', NULL),
(976, 'Matko', 'Todor', 1, 13, 23, 'yetim Vahisi Alekso', 'ML_VRD_TMT_d11153', NULL),
(977, 'Mladen', 'Petre', 1, 14, 23, 'Terzi Eskicisi', 'ML_VRD_TMT_d11153', NULL),
(978, 'Dino', 'İstanoye', 1, 15, 23, '', 'ML_VRD_TMT_d11153', NULL),
(979, 'Taso', 'İstoyan', 1, 16, 23, '', 'ML_VRD_TMT_d11153', NULL),
(980, 'Mito', 'Miloyko', 1, 17, 23, '', 'ML_VRD_TMT_d11153', NULL),
(981, 'Mile ', 'Jivadin', 1, 18, 23, '', 'ML_VRD_TMT_d11153', NULL),
(982, 'Kuro', 'Spaso', 1, 19, 23, '', 'ML_VRD_TMT_d11153', NULL),
(983, 'Petre', 'Yovan', 1, 20, 23, 'İcar ile papuççu Dinonun hanesinde/ Vahisi Dino', 'ML_VRD_TMT_d11153', NULL),
(984, 'Kosto', 'Mitre', 1, 21, 23, '', 'ML_VRD_TMT_d11153', NULL),
(985, 'Done', 'Marko', 1, 22, 23, '', 'ML_VRD_TMT_d11153', NULL),
(986, 'Yovançe', 'Marko', 1, 23, 23, '', 'ML_VRD_TMT_d11153', NULL),
(987, 'Miça', 'Marko', 1, 24, 23, 'vahisi kendi validesi', 'ML_VRD_TMT_d11153', NULL),
(988, 'Gorgi', 'İstifan', 1, 25, 23, '', 'ML_VRD_TMT_d11153', NULL),
(989, 'Taso', 'Miloyko', 1, 26, 23, '', 'ML_VRD_TMT_d11153', NULL),
(990, 'Taso', 'Koço', 1, 27, 23, '', 'ML_VRD_TMT_d11153', NULL),
(991, 'Gorgi', 'Çvetko', 1, 28, 23, '', 'ML_VRD_TMT_d11153', NULL),
(992, 'İzdravko', 'Mladen', 1, 29, 23, '', 'ML_VRD_TMT_d11153', NULL),
(993, 'Gorgi', 'Nasto', 1, 30, 23, '', 'ML_VRD_TMT_d11153', NULL),
(994, 'Taso', 'Jivko', 1, 31, 23, '', 'ML_VRD_TMT_d11153', NULL),
(995, 'Taso', 'Marko', 1, 32, 23, '', 'ML_VRD_TMT_d11153', NULL),
(996, 'Golub', 'Jiva', 1, 33, 23, '', 'ML_VRD_TMT_d11153', NULL),
(997, 'L', 'Taso', 1, 34, 23, '', 'ML_VRD_TMT_d11153', NULL),
(998, 'Mito', 'İstoyan', 1, 35, 23, 'yıkarıda not var', 'ML_VRD_TMT_d11153', NULL),
(999, 'Yovançe', 'Demyan', 1, 36, 23, '', 'ML_VRD_TMT_d11153', NULL),
(1000, 'L', '', 1, 37, 23, '', 'ML_VRD_TMT_d11153', NULL),
(1001, 'Nikola', 'İstanko', 1, 38, 23, '', 'ML_VRD_TMT_d11153', NULL),
(1002, 'Kostandin', 'Nikolça', 1, 39, 23, '', 'ML_VRD_TMT_d11153', NULL),
(1003, 'Vane', 'Vuçko', 1, 40, 23, '', 'ML_VRD_TMT_d11153', NULL),
(1004, 'Dino', 'Rasto', 1, 41, 23, '', 'ML_VRD_TMT_d11153', NULL),
(1005, 'Koço', 'İstanko', 1, 42, 23, '', 'ML_VRD_TMT_d11153', NULL),
(1006, 'Kosto', 'İstanko', 1, 43, 23, '', 'ML_VRD_TMT_d11153', NULL),
(1007, 'Petre', 'İstifan', 1, 44, 23, '', 'ML_VRD_TMT_d11153', NULL),
(1008, 'Hacı Boyo', 'İvanko', 1, 45, 23, '', 'ML_VRD_TMT_d11153', NULL),
(1009, 'Bogdan', 'Nikola', 1, 46, 23, '', 'ML_VRD_TMT_d11153', NULL),
(1010, 'Mito', 'Mişo', 1, 47, 23, '', 'ML_VRD_TMT_d11153', NULL),
(1011, 'Marko', 'İstoyan', 1, 48, 23, '', 'ML_VRD_TMT_d11153', NULL),
(1012, 'Mitre', 'Nikola', 1, 49, 23, '', 'ML_VRD_TMT_d11153', NULL),
(1013, 'İstoyança', 'Trçko', 1, 50, 23, '', 'ML_VRD_TMT_d11153', NULL),
(1014, 'Petre', 'Taso', 1, 51, 23, '', 'ML_VRD_TMT_d11153', NULL),
(1015, 'Yovançe', 'İzdravko', 1, 52, 23, '', 'ML_VRD_TMT_d11153', NULL),
(1016, 'Rajo', 'Rasto', 1, 53, 23, '', 'ML_VRD_TMT_d11153', NULL),
(1017, 'Mito', 'Jivko', 1, 54, 23, '', 'ML_VRD_TMT_d11153', NULL),
(1018, 'Yovançe', 'Marko', 1, 55, 23, '', 'ML_VRD_TMT_d11153', NULL),
(1019, 'İstamenko', 'Nikola', 1, 56, 23, '', 'ML_VRD_TMT_d11153', NULL),
(1020, 'İstanoyle', 'Milenko', 1, 57, 23, '', 'ML_VRD_TMT_d11153', NULL),
(1021, 'Milenko', 'Yovan', 1, 58, 23, '', 'ML_VRD_TMT_d11153', NULL),
(1022, 'Yoço', 'İstoyan', 1, 59, 23, '', 'ML_VRD_TMT_d11153', NULL),
(1023, 'İstoyan', 'Raşo', 1, 60, 23, '', 'ML_VRD_TMT_d11153', NULL),
(1024, 'L', '.', 1, 61, 23, 'zevci!!!', 'ML_VRD_TMT_d11153', NULL),
(1025, 'Nişo', 'Peşo', 1, 62, 23, '61 numaralı hane sahibinin kira ile', 'ML_VRD_TMT_d11153', NULL),
(1026, 'İstoyan', 'Miladin', 1, 63, 23, '61 numaralı hane sahibinin kira ile', 'ML_VRD_TMT_d11153', NULL),
(1027, 'İstamenko', '', 1, 64, 23, '61 numaralı hane sahibinin kira ile', 'ML_VRD_TMT_d11153', NULL),
(1028, 'Miloyko', 'Marko', 1, 65, 23, '', 'ML_VRD_TMT_d11153', NULL),
(1029, 'Tırçko', 'Todor', 1, 66, 23, '', 'ML_VRD_TMT_d11153', NULL),
(1030, 'Risto', 'Lazar', 1, 67, 23, '', 'ML_VRD_TMT_d11153', NULL),
(1031, 'İstoyan', 'Miliye', 1, 68, 23, 'meslek doğru mu ', 'ML_VRD_TMT_d11153', NULL),
(1032, 'İzdravko', 'Mile', 1, 69, 23, '', 'ML_VRD_TMT_d11153', NULL),
(1033, 'Gorgi', 'Mile', 1, 70, 23, '', 'ML_VRD_TMT_d11153', NULL),
(1034, 'İstoyko', 'Radosav', 1, 71, 23, '', 'ML_VRD_TMT_d11153', NULL),
(1035, 'İstanko', '', 1, 72, 23, '', 'ML_VRD_TMT_d11153', NULL),
(1036, 'Nikola', '', 1, 73, 23, '', 'ML_VRD_TMT_d11153', NULL),
(1037, 'Mito', 'İstoyan', 1, 74, 23, '', 'ML_VRD_TMT_d11153', NULL),
(1038, '', '', 1, 0, 23, 'hanesi olmayup...', 'ML_VRD_TMT_d11153', NULL),
(1039, 'Todorça', 'Kuko', 1, 75, 23, 'vahisi kendi validesi', 'ML_VRD_TMT_d11153', NULL),
(1040, 'xxx', '', 1, 76, 23, '', 'ML_VRD_TMT_d11153', NULL),
(1041, 'Vidoyko', 'Golub', 1, 77, 23, '', 'ML_VRD_TMT_d11153', NULL),
(1042, 'Raşo', 'Rayko', 1, 78, 23, 'Yedi Sene Akdem Belgrada Gitmiş', 'ML_VRD_TMT_d11153', NULL),
(1043, 'Risto', 'İlya', 1, 79, 23, '', 'ML_VRD_TMT_d11153', NULL),
(1044, 'Mihalko', 'İstoyan', 1, 80, 23, 'Kovaç', 'ML_VRD_TMT_d11153', NULL),
(1045, 'Pavle', 'Mitre', 1, 81, 23, '', 'ML_VRD_TMT_d11153', NULL),
(1046, 'Simo', 'Kuro', 1, 82, 23, '', 'ML_VRD_TMT_d11153', NULL),
(1047, 'Lazar', 'Daçko', 1, 83, 23, '', 'ML_VRD_TMT_d11153', NULL),
(1048, 'İzdravko', 'Nikola', 1, 84, 23, '', 'ML_VRD_TMT_d11153', NULL),
(1049, 'İstoyança', 'Mitre', 1, 85, 23, '', 'ML_VRD_TMT_d11153', NULL),
(1050, 'Lazar', 'İstamenko', 1, 86, 23, '', 'ML_VRD_TMT_d11153', NULL),
(1051, 'Risto', 'Panapot', 1, 87, 23, 'an asl-ı Bayna kazasında Papanofo Karyesi on beş sene akdem Nişe geldi (Simitçi)', 'ML_VRD_TMT_d11153', NULL),
(1052, 'Risto', 'Jivko', 1, 1, 16, 'Hacı  Kef Vav Kaf Vav', 'ML_VRD_TMT_d17196', NULL),
(1053, 'Çako', 'Kosto', 1, 2, 16, 'Risto hanesinde ikamet', 'ML_VRD_TMT_d17196', NULL),
(1054, 'Nikola', 'Petre', 1, 3, 16, 'Risto hanesinde ikamet', 'ML_VRD_TMT_d17196', NULL),
(1055, 'Peco', 'Velko', 1, 4, 16, '', 'ML_VRD_TMT_d17196', NULL),
(1056, 'İstoyan', 'Nişo', 1, 5, 16, 'Peco hanesinde', 'ML_VRD_TMT_d17196', NULL),
(1057, 'Miloş', 'Jivko', 1, 6, 16, 'Peco hanesinde', 'ML_VRD_TMT_d17196', NULL),
(1058, 'L', 'Yovan', 1, 7, 16, '', 'ML_VRD_TMT_d17196', NULL),
(1059, 'Petre', 'Miladin', 1, 8, 16, '', 'ML_VRD_TMT_d17196', NULL),
(1060, 'Mito', 'Jivko', 1, 9, 16, '', 'ML_VRD_TMT_d17196', NULL),
(1061, 'Mişo', 'Andriya', 1, 10, 16, 'Mito hanesinde ikamet', 'ML_VRD_TMT_d17196', NULL),
(1062, 'Marko', 'Yovan', 1, 11, 16, '', 'ML_VRD_TMT_d17196', NULL),
(1063, 'Koço', 'Jivko', 1, 12, 16, '', 'ML_VRD_TMT_d17196', NULL),
(1064, 'İstanko', 'Petko', 1, 13, 16, '', 'ML_VRD_TMT_d17196', NULL),
(1065, 'Marko', 'Todor', 1, 14, 16, '', 'ML_VRD_TMT_d17196', NULL),
(1066, 'Çvetan', 'İstifan', 1, 15, 16, 'Üç sene akdemce !!!! Çok önemli', 'ML_VRD_TMT_d17196', NULL),
(1067, 'Niko', 'Jivko', 1, 16, 16, '', 'ML_VRD_TMT_d17196', NULL),
(1068, 'Mihalko', 'İstoyan', 1, 17, 16, '', 'ML_VRD_TMT_d17196', NULL),
(1069, 'Koso', 'Petko', 1, 18, 16, '', 'ML_VRD_TMT_d17196', NULL),
(1070, 'Mirte', 'İstoyançe', 1, 19, 16, 'Koso hanesinde', 'ML_VRD_TMT_d17196', NULL),
(1071, 'İstanko', 'Yanko', 1, 20, 16, '', 'ML_VRD_TMT_d17196', NULL),
(1072, 'Kosto', 'Pavle', 1, 21, 16, '', 'ML_VRD_TMT_d17196', NULL),
(1073, 'Gorgi', 'Mitre', 1, 22, 16, 'kosto hanesinde', 'ML_VRD_TMT_d17196', NULL),
(1074, 'Petre', 'Kosto', 1, 23, 16, '', 'ML_VRD_TMT_d17196', NULL),
(1075, 'İstoyan', '', 1, 24, 16, 'petre hanesinde', 'ML_VRD_TMT_d17196', NULL),
(1076, 'Milenko', 'Nikola', 1, 25, 16, '', 'ML_VRD_TMT_d17196', NULL),
(1077, 'İstamenko', 'Miladin', 1, 26, 16, '', 'ML_VRD_TMT_d17196', NULL),
(1078, 'Duno', 'Mihailo', 1, 27, 16, '', 'ML_VRD_TMT_d17196', NULL),
(1079, 'Dimitre', 'Bora', 1, 28, 16, '', 'ML_VRD_TMT_d17196', NULL),
(1080, 'Yovan', 'Miço', 1, 29, 16, 'vahisi kendi validesi', 'ML_VRD_TMT_d17196', NULL),
(1081, 'Yanko', 'İlya', 1, 30, 16, '', 'ML_VRD_TMT_d17196', NULL),
(1082, 'İstoyanko', 'İzdravko', 1, 31, 16, '', 'ML_VRD_TMT_d17196', NULL),
(1083, 'Yovançe', 'Yanko', 1, 32, 16, '', 'ML_VRD_TMT_d17196', NULL),
(1084, 'Sotir', 'Mane', 1, 33, 16, '', 'ML_VRD_TMT_d17196', NULL),
(1085, 'Toşo', 'Petko', 1, 34, 16, '', 'ML_VRD_TMT_d17196', NULL),
(1086, 'Petre', 'Dimitre', 1, 35, 16, 'vahisi kendi validesi', 'ML_VRD_TMT_d17196', NULL),
(1087, 'Radoyko', 'Petre', 1, 36, 16, 'nikolcaya tabi', 'ML_VRD_TMT_d17196', NULL),
(1088, 'İstanko', 'Petko', 1, 37, 16, '', 'ML_VRD_TMT_d17196', NULL),
(1089, 'İstifan ', 'Petko', 1, 38, 16, '', 'ML_VRD_TMT_d17196', NULL),
(1090, 'Yovan', 'Veçko', 1, 39, 16, '', 'ML_VRD_TMT_d17196', NULL),
(1091, 'Petre', 'Jivadin', 1, 40, 16, '', 'ML_VRD_TMT_d17196', NULL),
(1092, 'Miliye', 'Jivko', 1, 41, 16, '', 'ML_VRD_TMT_d17196', NULL),
(1093, 'Petko', 'Despot', 1, 42, 16, '', 'ML_VRD_TMT_d17196', NULL),
(1094, 'Mito', 'Bojidar', 1, 43, 16, ' Tabi', 'ML_VRD_TMT_d17196', NULL),
(1095, 'Paço', 'İlya', 1, 44, 16, '', 'ML_VRD_TMT_d17196', NULL),
(1096, 'Gorgi', 'İvanko', 1, 45, 16, 'Paço hanesinde', 'ML_VRD_TMT_d17196', NULL),
(1097, 'Marko ', 'Dimitre', 1, 46, 16, 'Paço hanesinde', 'ML_VRD_TMT_d17196', NULL),
(1098, 'L', '', 1, 47, 16, 'kosto tedirkane', 'ML_VRD_TMT_d17196', NULL),
(1099, 'Aleksa', 'İstanimir', 1, 48, 16, '', 'ML_VRD_TMT_d17196', NULL),
(1100, 'Petko', 'Çvetko', 1, 49, 16, '', 'ML_VRD_TMT_d17196', NULL),
(1101, 'L', 'Nikola', 1, 50, 16, '', 'ML_VRD_TMT_d17196', NULL),
(1102, 'Rayko', 'Velko', 1, 51, 16, '', 'ML_VRD_TMT_d17196', NULL),
(1103, 'Miloyka', 'Milenko', 1, 0, 16, 'İcarsız Raykonun hanesinde', 'ML_VRD_TMT_d17196', NULL),
(1104, 'L', 'Rafael', 1, 0, 16, 'külliyede ikamet', 'ML_VRD_TMT_d17196', NULL),
(1105, 'Petre', 'Mito', 1, 52, 16, '', 'ML_VRD_TMT_d17196', NULL),
(1106, 'Milko', 'Çvetko', 1, 53, 16, '', 'ML_VRD_TMT_d17196', NULL),
(1107, 'Yanko', 'Demyan', 1, 54, 16, 'Sırplı tarafına gitmiş', 'ML_VRD_TMT_d17196', NULL),
(1108, 'Dimitre', 'Manço', 1, 55, 16, '', 'ML_VRD_TMT_d17196', NULL),
(1109, 'Mariya', 'Antonas', 1, 56, 16, 'Dimitre hanesi icar ile', 'ML_VRD_TMT_d17196', NULL),
(1110, 'İstana', 'Todor', 1, 0, 16, 'İki sene akdemce Belgrada gitmiş fakat hanesi icara vermiş olduğu', 'ML_VRD_TMT_d17196', NULL),
(1111, 'Vidoyko', 'Jivoyko', 1, 57, 16, 'İstana hanesinde ikamet', 'ML_VRD_TMT_d17196', NULL),
(1112, 'Yovan', 'Maryan', 1, 58, 16, '', 'ML_VRD_TMT_d17196', NULL),
(1113, 'L', 'İstamenko', 1, 59, 16, '', 'ML_VRD_TMT_d17196', NULL),
(1114, 'Mile', 'Dimitre', 1, 60, 16, '', 'ML_VRD_TMT_d17196', NULL),
(1115, 'Antonas', 'Yovan', 1, 61, 16, '', 'ML_VRD_TMT_d17196', NULL),
(1116, 'Koço', 'Krsto', 1, 62, 16, '', 'ML_VRD_TMT_d17196', NULL),
(1117, 'Petre', 'Petko', 1, 63, 16, '', 'ML_VRD_TMT_d17196', NULL),
(1118, 'Mila', 'Gorgi', 1, 64, 16, '', 'ML_VRD_TMT_d17196', NULL),
(1119, 'Marco', 'Çvetko', 1, 65, 16, '', 'ML_VRD_TMT_d17196', NULL),
(1120, 'Marya', 'Miladin', 1, 66, 16, '', 'ML_VRD_TMT_d17196', NULL),
(1121, 'Taso', 'Nikola', 1, 67, 16, 'Hacı Nişo hanesinde icar ile', 'ML_VRD_TMT_d17196', NULL),
(1122, 'İlya', 'Nişo', 1, 68, 16, '', 'ML_VRD_TMT_d17196', NULL),
(1123, 'Dimitre', 'Harcı Yovan', 1, 69, 16, 'on yaşında vasileri terzi ticaretten valad İstanko zimmi', 'ML_VRD_TMT_d17196', NULL),
(1124, 'Petre', 'Nikola', 1, 70, 16, 'Dimitre hanesi icar ile', 'ML_VRD_TMT_d17196', NULL),
(1125, 'Nikola', 'Mihal', 1, 71, 16, 'hanesi olmayup...', 'ML_VRD_TMT_d17196', NULL),
(1126, 'Mile', 'Harcı Maco', 1, 72, 16, '', 'ML_VRD_TMT_d17196', NULL),
(1127, 'İstoyanka', 'Mihaylo', 1, 73, 16, 'zevci Harcı Tano hanesinde ikamet', 'ML_VRD_TMT_d17196', NULL),
(1128, 'xxx', 'İstoşo', 1, 74, 19, '', 'ML_VRD_TMT_d17196', NULL),
(1129, 'Marko', 'Risto', 1, 75, 19, '', 'ML_VRD_TMT_d17196', NULL),
(1130, 'Tola', 'Nikola', 1, 76, 19, '', 'ML_VRD_TMT_d17196', NULL),
(1131, 'İstamenko', 'Paun', 1, 77, 19, '', 'ML_VRD_TMT_d17196', NULL),
(1132, 'Rankel', 'Miladin', 1, 78, 18, '', 'ML_VRD_TMT_d17196', NULL),
(1133, 'Çvetan', 'İstoyan', 1, 79, 18, 'kosto hanesinde', 'ML_VRD_TMT_d17196', NULL),
(1134, 'İstoilko', 'İstanko', 1, 80, 18, '', 'ML_VRD_TMT_d17196', NULL),
(1135, 'Çoko', 'Mitre', 1, 81, 18, '', 'ML_VRD_TMT_d17196', NULL),
(1136, 'xxx', 'Manco', 1, 82, 18, '', 'ML_VRD_TMT_d17196', NULL),
(1137, 'Todorca', 'Petko', 1, 83, 18, 'kosto hanesinde', 'ML_VRD_TMT_d17196', NULL),
(1138, 'Acı Toşo', 'Krsto', 1, 84, 18, '', 'ML_VRD_TMT_d17196', NULL),
(1139, 'Todorca', 'İstoyan', 1, 85, 18, '', 'ML_VRD_TMT_d17196', NULL),
(1140, 'Gorgi', 'Yanko', 1, 86, 18, '', 'ML_VRD_TMT_d17196', NULL),
(1141, 'Yovança', 'Nikola', 1, 87, 18, '', 'ML_VRD_TMT_d17196', NULL),
(1142, 'Miloş', 'Yovo', 1, 88, 18, 'erbab-ı ticaretiyle ehl-i zanattan', 'ML_VRD_TMT_d17196', NULL),
(1143, 'İstamenko', 'İstanko', 1, 89, 18, 'Miloş hanesinde', 'ML_VRD_TMT_d17196', NULL),
(1144, 'Taso', 'Marko', 1, 90, 18, '', 'ML_VRD_TMT_d17196', NULL),
(1145, '', 'Şeriki İstanoye', 18, 90, 18, 'koyun ve keçi mesailerinden', 'ML_VRD_TMT_d17196', NULL),
(1146, 'Yovança', 'Petre', 1, 91, 18, '', 'ML_VRD_TMT_d17196', NULL),
(1147, 'xxx', 'Acı Mito', 1, 92, 19, '', 'ML_VRD_TMT_d17196', NULL),
(1148, 'Gorgi', 'Acı Peşo', 1, 93, 19, '', 'ML_VRD_TMT_d17196', NULL),
(1149, 'Acı Kuko', 'Todor', 1, 94, 19, '', 'ML_VRD_TMT_d17196', NULL),
(1150, '', 'Damadı Nikola', 19, 94, 19, '', 'ML_VRD_TMT_d17196', NULL),
(1151, 'Acı Todor', 'Acı Gire', 1, 95, 19, '', 'ML_VRD_TMT_d17196', NULL),
(1152, 'Dimitre', 'Alekso', 1, 96, 19, 'kosto hanesinde', 'ML_VRD_TMT_d17196', NULL),
(1153, 'Nikola', '', 1, 97, 19, '', 'ML_VRD_TMT_d17196', NULL),
(1154, 'Kosto', '', 1, 98, 19, 'Avrupa Ticareti Hizmetkarı', 'ML_VRD_TMT_d17196', NULL),
(1155, 'xxx', 'Kosto', 1, 99, 19, '', 'ML_VRD_TMT_d17196', NULL),
(1156, 'Mago', 'Bole', 1, 0, 19, 'İstriyo hanesinde', 'ML_VRD_TMT_d17196', NULL),
(1157, 'Goşo', 'Nedelko', 1, 100, 19, '', 'ML_VRD_TMT_d17196', NULL),
(1158, 'Nikola', 'Bogdan', 1, 101, 19, '', 'ML_VRD_TMT_d17196', NULL),
(1159, 'Antonas', 'Risto', 1, 102, 19, 'İstriyo hanesinde', 'ML_VRD_TMT_d17196', NULL),
(1160, 'Kosto', 'Todor', 1, 103, 19, '', 'ML_VRD_TMT_d17196', NULL),
(1161, 'Marko', 'Kosto', 1, 104, 19, 'Terziye ait', 'ML_VRD_TMT_d17196', NULL),
(1162, 'Yovanko', 'Mladen', 1, 105, 19, '', 'ML_VRD_TMT_d17196', NULL),
(1163, 'Borofir', '', 1, 106, 19, 'kosto bazarkara tabi', 'ML_VRD_TMT_d17196', NULL),
(1164, 'Mestiçe', 'Manco', 1, 107, 19, '', 'ML_VRD_TMT_d17196', NULL),
(1165, 'Tane', 'İzdravko', 1, 108, 19, 'yıkarıadaki hanesinde', 'ML_VRD_TMT_d17196', NULL),
(1166, 'İgnat', 'Kuro', 1, 109, 19, 'kosto hanesinde', 'ML_VRD_TMT_d17196', NULL),
(1167, 'Koço', 'Blagoye', 1, 110, 19, 'kosto hanesinde', 'ML_VRD_TMT_d17196', NULL),
(1168, 'Liforiye', 'Nikola', 1, 111, 19, 'külliyede ikamet ve başka not (sucun)', 'ML_VRD_TMT_d17196', NULL),
(1169, 'L', '', 1, 112, 19, '', 'ML_VRD_TMT_d17196', NULL),
(1170, 'Miladin', 'Yovan', 1, 113, 19, 'jivko hanesinde ikamet', 'ML_VRD_TMT_d17196', NULL),
(1171, 'Krsto', 'Çvetko', 1, 114, 19, '', 'ML_VRD_TMT_d17196', NULL),
(1172, 'L', 'Çvetko', 1, 115, 19, '', 'ML_VRD_TMT_d17196', NULL),
(1173, 'Jivko', '', 1, 116, 19, 'sadece ticaret yazılıyordu', 'ML_VRD_TMT_d17196', NULL),
(1174, 'İgnat', 'Koço', 1, 117, 19, 'kardeşiyle beraber', 'ML_VRD_TMT_d17196', NULL),
(1175, 'Gorgi', 'Yova', 1, 118, 19, 'mesinçe hanesinde', 'ML_VRD_TMT_d17196', NULL),
(1176, 'Mitiçe', 'İgnat', 1, 119, 19, '', 'ML_VRD_TMT_d17196', NULL),
(1177, 'Mimalaki', 'Kostantin', 1, 120, 19, 'Mersumun hanesi olmayup karındaşı yanında ___ vergisi ve ticareti maen olup fakat emlakı ____ olduğu ehl-i snaat ittüğü', 'ML_VRD_TMT_d17196', NULL),
(1178, 'L', 'Yovanço', 1, 121, 19, '', 'ML_VRD_TMT_d17196', NULL),
(1179, 'L', 'İliya', 1, 122, 19, 'Külliyede sakin fi asli ', 'ML_VRD_TMT_d17196', NULL),
(1180, 'Mito ', 'İstanko', 1, 123, 19, '', 'ML_VRD_TMT_d17196', NULL),
(1181, 'Nikola', 'İstanko', 1, 124, 19, '', 'ML_VRD_TMT_d17196', NULL),
(1182, 'Mihalko', 'Pavle', 1, 125, 19, '', 'ML_VRD_TMT_d17196', NULL),
(1183, 'Nikola', 'İstriyo', 1, 126, 19, '', 'ML_VRD_TMT_d17196', NULL),
(1184, 'Petko', 'Todor', 1, 127, 19, '', 'ML_VRD_TMT_d17196', NULL),
(1185, 'Milenko', 'Jivko', 1, 128, 19, 'Petko hanesinde', 'ML_VRD_TMT_d17196', NULL),
(1186, 'Mito ', 'Todor', 1, 129, 19, '', 'ML_VRD_TMT_d17196', NULL),
(1187, 'İstoyan', 'Gorgi', 1, 130, 19, '', 'ML_VRD_TMT_d17196', NULL),
(1188, 'Jivko', 'Vasilko', 1, 131, 19, '', 'ML_VRD_TMT_d17196', NULL),
(1189, 'Milenko', 'Jivko', 1, 132, 19, '', 'ML_VRD_TMT_d17196', NULL),
(1190, 'İstoyan', 'Pavle', 1, 133, 19, '', 'ML_VRD_TMT_d17196', NULL),
(1191, 'Mihalça', 'Pavle', 1, 134, 19, '', 'ML_VRD_TMT_d17196', NULL),
(1192, 'Anto', '', 1, 135, 19, 'Mersum on üç sene akdemce Belgrada vürud eylemiş hanesi boş kapalı icara ile vermemiş ittüğü', 'ML_VRD_TMT_d17196', NULL),
(1193, 'Mişo', '', 1, 136, 19, 'Anto hanesinde', 'ML_VRD_TMT_d17196', NULL),
(1194, 'L', 'Rayko', 1, 137, 19, 'Kirada ikamet', 'ML_VRD_TMT_d17196', NULL),
(1195, 'Nako', 'Nikola', 1, 138, 19, '', 'ML_VRD_TMT_d17196', NULL),
(1196, 'Yovanko', 'Golub', 1, 139, 19, 'Nako hanesinde', 'ML_VRD_TMT_d17196', NULL),
(1197, 'İstoyko', 'Demyan', 1, 140, 19, 'Nako hanesinde', 'ML_VRD_TMT_d17196', NULL),
(1198, 'Mihaylo', 'Jivko', 1, 141, 19, 'Nako hanesinde', 'ML_VRD_TMT_d17196', NULL),
(1199, 'Acı Çiko ', 'Petre', 1, 142, 19, '', 'ML_VRD_TMT_d17196', NULL),
(1200, 'Kuro ', 'İstanko', 1, 143, 19, '', 'ML_VRD_TMT_d17196', NULL),
(1201, 'Acı Mişo', 'İstanko', 1, 144, 19, '', 'ML_VRD_TMT_d17196', NULL),
(1202, 'Koço', 'İstoyan', 1, 145, 19, '', 'ML_VRD_TMT_d17196', NULL),
(1203, '', 'Damadı Gorgi', 19, 145, 19, '', 'ML_VRD_TMT_d17196', NULL),
(1204, 'İstoyan', 'Radovan', 1, 146, 19, '', 'ML_VRD_TMT_d17196', NULL),
(1205, 'İstoyan', 'Krsto', 1, 147, 19, '', 'ML_VRD_TMT_d17196', NULL),
(1206, 'Petre', 'Yovan', 1, 148, 19, '', 'ML_VRD_TMT_d17196', NULL),
(1207, 'xxx', '', 1, 149, 19, '', 'ML_VRD_TMT_d17196', NULL),
(1208, 'Mito ', 'İstoyanko', 1, 150, 19, ' Hanesinde', 'ML_VRD_TMT_d17196', NULL),
(1209, 'Koço', 'Petre', 1, 151, 19, ' Hanesinde', 'ML_VRD_TMT_d17196', NULL),
(1210, 'Nikola', 'Yovan', 1, 152, 19, '', 'ML_VRD_TMT_d17196', NULL),
(1211, 'Mihalko', 'Marko', 1, 153, 19, '', 'ML_VRD_TMT_d17196', NULL),
(1212, 'Petko', 'Gorgi', 1, 154, 19, '', 'ML_VRD_TMT_d17196', NULL),
(1213, 'L', 'İstoyan', 1, 155, 19, '', 'ML_VRD_TMT_d17196', NULL),
(1214, 'Yovo', 'İstanko', 1, 156, 19, 'İtibarlu Sermaye', 'ML_VRD_TMT_d17196', NULL),
(1215, 'İstoyança', 'Manco', 1, 157, 19, '', 'ML_VRD_TMT_d17196', NULL),
(1216, 'Krsto ', 'Lazo', 1, 158, 19, '', 'ML_VRD_TMT_d17196', NULL),
(1217, 'Taso', 'Risto', 1, 159, 19, '', 'ML_VRD_TMT_d17196', NULL),
(1218, 'Miço', 'Toşo', 1, 160, 19, 'iktidarsoz', 'ML_VRD_TMT_d17196', NULL),
(1219, 'Laçika', 'İvostol', 1, 161, 19, '', 'ML_VRD_TMT_d17196', NULL),
(1220, 'Svetor', 'Dimitre', 1, 162, 19, '', 'ML_VRD_TMT_d17196', NULL),
(1221, 'Mile', 'İliya', 1, 163, 19, 'sermayesinden', 'ML_VRD_TMT_d17196', NULL),
(1222, 'Gorgi', 'Mito', 1, 164, 19, '', 'ML_VRD_TMT_d17196', NULL),
(1223, 'Kole', '', 1, 165, 19, '', 'ML_VRD_TMT_d17196', NULL),
(1224, 'Kosto', 'Duyko', 1, 166, 19, '', 'ML_VRD_TMT_d17196', NULL),
(1225, 'Mito ', 'İstanko', 1, 167, 19, 'Terzi Eskici', 'ML_VRD_TMT_d17196', NULL),
(1226, 'Risto', 'İstanko', 1, 168, 19, '', 'ML_VRD_TMT_d17196', NULL),
(1227, 'Gorgi', 'Papas Rankel', 1, 169, 19, '', 'ML_VRD_TMT_d17196', NULL),
(1228, 'Tane', 'Rankel', 1, 170, 19, '', 'ML_VRD_TMT_d17196', NULL),
(1229, 'Çvetko', 'Petre', 1, 171, 19, '', 'ML_VRD_TMT_d17196', NULL),
(1230, 'Mihalko', 'İliya', 1, 172, 19, '', 'ML_VRD_TMT_d17196', NULL),
(1231, 'İstifan', 'İsvilen', 1, 173, 19, 'hanesi olamyup', 'ML_VRD_TMT_d17196', NULL),
(1232, 'Manoylo', 'Panyo', 1, 174, 19, '', 'ML_VRD_TMT_d17196', NULL),
(1233, 'L', 'İstifan', 1, 175, 19, '', 'ML_VRD_TMT_d17196', NULL),
(1234, 'İstoyanko', 'Krsto', 1, 176, 19, '', 'ML_VRD_TMT_d17196', NULL),
(1235, 'Dino', 'Nasto', 1, 177, 19, '', 'ML_VRD_TMT_d17196', NULL),
(1236, 'Kostantin', 'Koço', 1, 178, 19, 'Dino hanesinde', 'ML_VRD_TMT_d17196', NULL),
(1237, 'İstoyan', 'Miladin', 1, 179, 19, '', 'ML_VRD_TMT_d17196', NULL),
(1238, 'İstanko', '', 1, 180, 19, 'muaflık hakkında not', 'ML_VRD_TMT_d17196', NULL),
(1239, 'Petre', 'Yovan', 1, 181, 19, '', 'ML_VRD_TMT_d17196', NULL),
(1240, 'Haco', 'Dino', 1, 182, 19, '', 'ML_VRD_TMT_d17196', NULL),
(1241, 'Acı Mihail', 'Acı Tane', 1, 183, 19, '', 'ML_VRD_TMT_d17196', NULL),
(1242, 'Mito ', 'Anastas', 1, 184, 19, 'İtibarlü', 'ML_VRD_TMT_d17196', NULL),
(1243, 'Miloş', 'Yovan', 1, 0, 19, '', 'ML_VRD_TMT_d17196', NULL),
(1244, 'Yovan', 'Milko', 1, 185, 19, '', 'ML_VRD_TMT_d17196', NULL),
(1245, 'L', '', 1, 186, 19, '', 'ML_VRD_TMT_d17196', NULL),
(1246, 'Papas Milovan', '', 1, 187, 19, '', 'ML_VRD_TMT_d17196', NULL),
(1247, 'Papas Mito', 'Miladin', 1, 190, 19, '', 'ML_VRD_TMT_d17196', NULL),
(1248, 'Tane', 'İstanko', 1, 191, 19, '', 'ML_VRD_TMT_d17196', NULL),
(1249, 'Lx3', 'Yovan', 1, 192, 19, '', 'ML_VRD_TMT_d17196', NULL),
(1250, 'İstoyko', 'Dimitre', 1, 1, 22, '', 'ML_VRD_TMT_d17196', NULL),
(1251, 'Acı Naun', 'Yanko', 1, 2, 22, '', 'ML_VRD_TMT_d17196', NULL),
(1252, 'Kiliyanta', 'Dimitre', 1, 3, 22, 'Selanikten gelüp Niş osto bazir Kan katib Acı Naun Hanesinde kain', 'ML_VRD_TMT_d17196', NULL),
(1253, 'Dimitre', 'Gorgi', 1, 4, 22, 'Acı Naun hanesinde', 'ML_VRD_TMT_d17196', NULL),
(1254, 'Todor', 'Dimo', 1, 5, 22, 'başka emlakı Manastır kazasında  Karyesinde', 'ML_VRD_TMT_d17196', NULL),
(1255, 'Petko', 'Radoyko', 1, 6, 22, 'Yanko hanesinde ikamet', 'ML_VRD_TMT_d17196', NULL),
(1256, 'Pavle', 'Nikolça', 1, 7, 22, 'Hancı hanesinde', 'ML_VRD_TMT_d17196', NULL),
(1257, 'İstanko', 'İliya', 1, 8, 22, '', 'ML_VRD_TMT_d17196', NULL),
(1258, 'Milenko', 'Velko', 1, 9, 22, '', 'ML_VRD_TMT_d17196', NULL),
(1259, 'Mito', 'Todor', 1, 10, 22, '', 'ML_VRD_TMT_d17196', NULL),
(1260, 'Mihal', 'Dono', 1, 11, 22, 'Sırplı tarafına gitmişti', 'ML_VRD_TMT_d17196', NULL),
(1261, 'Kure', 'İstoyan', 1, 12, 22, '', 'ML_VRD_TMT_d17196', NULL),
(1262, 'Zuzu', '', 1, 13, 22, '', 'ML_VRD_TMT_d17196', NULL),
(1263, 'Taso', 'x2', 1, 14, 22, '', 'ML_VRD_TMT_d17196', NULL),
(1264, 'İzlatko', 'Petre', 1, 15, 22, '', 'ML_VRD_TMT_d17196', NULL),
(1265, 'Alekso', 'İstanko', 1, 16, 22, 'İzdravko hanesinde', 'ML_VRD_TMT_d17196', NULL),
(1266, 'Panço', 'Mişo', 1, 0, 22, '', 'ML_VRD_TMT_d17196', NULL),
(1267, 'İstifan', 'İzdravko', 1, 1, 29, '', 'ML_VRD_TMT_d17196', NULL),
(1268, 'Trapko', 'İyovan', 1, 2, 29, '', 'ML_VRD_TMT_d17196', NULL),
(1269, 'Miliye', 'Nişo', 1, 3, 29, '', 'ML_VRD_TMT_d17196', NULL),
(1270, 'Çonko', 'İstoyko', 1, 1, 25, '', 'ML_VRD_TMT_d17196', NULL),
(1271, 'Pavle', 'İzdravko', 1, 2, 25, '', 'ML_VRD_TMT_d17196', NULL),
(1272, 'Yanko', 'İstoyko', 1, 1, 28, '', 'ML_VRD_TMT_d17196', NULL),
(1273, 'İstamenko', 'İstoyko', 1, 2, 28, '', 'ML_VRD_TMT_d17196', NULL),
(1274, 'İstoyan', 'Kurp', 1, 3, 28, '', 'ML_VRD_TMT_d17196', NULL),
(1275, 'Milko', 'Kure', 1, 4, 28, '', 'ML_VRD_TMT_d17196', NULL),
(1276, 'Nikola', 'Lazar', 1, 1, 14, '', 'ML_VRD_TMT_d11025', NULL),
(1277, 'İspaso', 'Yovan', 1, 2, 14, '', 'ML_VRD_TMT_d11025', NULL),
(1278, 'İstanoye', 'İstoyadin', 1, 3, 14, '', 'ML_VRD_TMT_d11025', NULL),
(1279, 'Mito', 'Mitre', 1, 4, 14, '', 'ML_VRD_TMT_d11025', NULL),
(1280, 'Rankel', 'İstoyko', 1, 5, 14, '', 'ML_VRD_TMT_d11025', NULL),
(1281, 'Yovo', 'İstoyko', 1, 6, 14, '', 'ML_VRD_TMT_d11025', NULL),
(1282, 'İstanso', 'Milenko', 1, 7, 14, '', 'ML_VRD_TMT_d11025', NULL),
(1283, 'Mito', 'Risto', 1, 8, 14, '', 'ML_VRD_TMT_d11025', NULL),
(1284, 'Petre', 'Risto', 1, 9, 14, '', 'ML_VRD_TMT_d11025', NULL),
(1285, 'Gorki', 'İyovan', 1, 10, 14, '', 'ML_VRD_TMT_d11025', NULL),
(1286, 'Mile', 'Kufo', 1, 11, 14, '', 'ML_VRD_TMT_d11025', NULL),
(1287, 'İstanoye', 'Miladin', 1, 12, 14, 'Tüfekçi', 'ML_VRD_TMT_d11025', NULL),
(1288, 'Vaso', 'Miladin', 1, 13, 14, '', 'ML_VRD_TMT_d11025', NULL),
(1289, 'İstoyan', 'Krsto', 1, 14, 14, '', 'ML_VRD_TMT_d11025', NULL),
(1290, 'Çonko', 'Marinko', 1, 15, 14, '', 'ML_VRD_TMT_d11025', NULL),
(1291, 'Petre', 'İstoyan', 1, 16, 14, '', 'ML_VRD_TMT_d11025', NULL),
(1292, 'İstamenko', 'Goko', 1, 17, 14, '', 'ML_VRD_TMT_d11025', NULL),
(1293, 'Vlayko', 'Nikola', 1, 18, 14, '', 'ML_VRD_TMT_d11025', NULL),
(1294, 'Nasko', 'Yovan', 1, 19, 14, '', 'ML_VRD_TMT_d11025', NULL),
(1295, 'İstoyko', 'Yovan', 1, 20, 14, '', 'ML_VRD_TMT_d11025', NULL),
(1296, 'İliya', 'İstamenko', 1, 21, 14, '', 'ML_VRD_TMT_d11025', NULL),
(1297, 'Miliye', 'Miladin', 1, 22, 14, '', 'ML_VRD_TMT_d11025', NULL),
(1298, 'Mahilo', 'Dimitre', 1, 23, 14, '', 'ML_VRD_TMT_d11025', NULL),
(1299, 'Pero', 'Yovan', 1, 24, 14, '', 'ML_VRD_TMT_d11025', NULL),
(1300, 'Mani', 'Dimitre', 1, 25, 14, '', 'ML_VRD_TMT_d11025', NULL),
(1301, 'Çonko', 'Milifoye', 1, 26, 14, '', 'ML_VRD_TMT_d11025', NULL),
(1302, 'Mihilo', 'İliya', 1, 27, 14, '', 'ML_VRD_TMT_d11025', NULL),
(1303, 'Gorki', 'İstoyan', 1, 28, 14, '', 'ML_VRD_TMT_d11025', NULL),
(1304, 'Çvetan', 'İstoyan', 1, 29, 14, '', 'ML_VRD_TMT_d11025', NULL),
(1305, 'Todor', 'İstanko', 1, 30, 14, '', 'ML_VRD_TMT_d11025', NULL),
(1306, 'Koko', '', 1, 31, 14, '', 'ML_VRD_TMT_d11025', NULL),
(1307, 'İstifan', 'Velko', 1, 32, 14, 'Kalıpçı', 'ML_VRD_TMT_d11025', NULL),
(1308, 'Antanas', 'Gorki', 1, 33, 14, '', 'ML_VRD_TMT_d11025', NULL),
(1309, 'Naso', 'Mitre', 1, 34, 14, '', 'ML_VRD_TMT_d11025', NULL),
(1310, 'İzdravko', 'İstoyko', 1, 35, 14, '', 'ML_VRD_TMT_d11025', NULL),
(1311, 'İzdravko', 'Mitre', 1, 36, 14, '', 'ML_VRD_TMT_d11025', NULL),
(1312, 'Milko', 'Mitre', 1, 37, 14, '', 'ML_VRD_TMT_d11025', NULL),
(1313, 'Gorki', 'İstoyan', 1, 38, 14, '', 'ML_VRD_TMT_d11025', NULL),
(1314, 'İstoso', 'Nişo', 1, 39, 14, '', 'ML_VRD_TMT_d11025', NULL),
(1315, 'Nikola', 'Yanko', 1, 40, 14, '', 'ML_VRD_TMT_d11025', NULL),
(1316, 'xxx', '', 1, 41, 14, '', 'ML_VRD_TMT_d11025', NULL),
(1317, 'Angelko', 'Çvetko', 1, 42, 14, '', 'ML_VRD_TMT_d11025', NULL),
(1318, 'Lazar', 'Nişo', 1, 43, 14, '', 'ML_VRD_TMT_d11025', NULL),
(1319, 'Rayko', '', 1, 44, 14, '', 'ML_VRD_TMT_d11025', NULL),
(1320, 'xxx', 'Rankel', 1, 45, 14, '', 'ML_VRD_TMT_d11025', NULL),
(1321, 'xxx', 'Milutin', 1, 46, 14, '', 'ML_VRD_TMT_d11025', NULL),
(1322, 'Gorki', '', 1, 47, 14, '', 'ML_VRD_TMT_d11025', NULL),
(1323, 'Milko', 'İstifan', 1, 48, 14, '', 'ML_VRD_TMT_d11025', NULL),
(1324, 'İzdravko', '', 1, 49, 14, '', 'ML_VRD_TMT_d11025', NULL),
(1325, 'İstamen', 'Tayko', 1, 1, 13, '', 'ML_VRD_TMT_d11024', NULL),
(1326, 'Yovan', 'Mişo', 1, 2, 13, '', 'ML_VRD_TMT_d11024', NULL),
(1327, 'İstoyko', 'Velko', 1, 3, 13, '', 'ML_VRD_TMT_d11024', NULL),
(1328, 'Mladen', '', 1, 4, 13, '', 'ML_VRD_TMT_d11024', NULL),
(1329, 'Krsto', 'Pavle', 1, 5, 13, '', 'ML_VRD_TMT_d11024', NULL),
(1330, 'İspasa', 'İstamen', 1, 6, 13, '', 'ML_VRD_TMT_d11024', NULL),
(1331, 'Gogo', 'Filip', 1, 7, 13, '', 'ML_VRD_TMT_d11024', NULL),
(1332, 'Risto', 'Mişo', 1, 8, 13, '', 'ML_VRD_TMT_d11024', NULL),
(1333, 'Kole', 'Biço', 1, 9, 13, '', 'ML_VRD_TMT_d11024', NULL),
(1334, 'Kiro', 'Mito', 1, 10, 13, '', 'ML_VRD_TMT_d11024', NULL),
(1335, 'Krsto', 'Jivko', 1, 11, 13, '', 'ML_VRD_TMT_d11024', NULL),
(1336, 'Jivko', 'Rayko', 1, 12, 13, '', 'ML_VRD_TMT_d11024', NULL),
(1337, 'Gogo', 'Baun', 1, 13, 13, '', 'ML_VRD_TMT_d11024', NULL),
(1338, 'İstoyan', 'Baun', 1, 14, 13, '', 'ML_VRD_TMT_d11024', NULL),
(1339, ' İstanko', '', 1, 15, 13, '', 'ML_VRD_TMT_d11024', NULL),
(1340, 'Çone', 'Yovan', 1, 16, 13, '', 'ML_VRD_TMT_d11024', NULL),
(1341, 'İçvetko', 'İgnat', 1, 17, 13, '', 'ML_VRD_TMT_d11024', NULL),
(1342, 'Postul', 'İstoyan', 1, 18, 13, '', 'ML_VRD_TMT_d11024', NULL),
(1343, 'Corco', 'Petre', 1, 19, 13, '', 'ML_VRD_TMT_d11024', NULL),
(1344, 'Jivko', 'Petre', 1, 20, 13, '', 'ML_VRD_TMT_d11024', NULL),
(1345, 'İçvetko', 'Petre', 1, 21, 13, '', 'ML_VRD_TMT_d11024', NULL),
(1346, 'Petre', '', 1, 22, 13, '', 'ML_VRD_TMT_d11024', NULL),
(1347, 'İspasa', 'Radona', 1, 23, 13, '', 'ML_VRD_TMT_d11024', NULL),
(1348, 'Milenko', 'Risto', 1, 24, 13, 'Vila Yedine gitmiştir', 'ML_VRD_TMT_d11024', NULL),
(1349, 'Yovan', 'Todor', 1, 25, 13, '', 'ML_VRD_TMT_d11024', NULL),
(1350, 'Savo', 'İstamen', 1, 26, 13, '', 'ML_VRD_TMT_d11024', NULL),
(1351, 'Yova', 'Anto', 1, 27, 13, '', 'ML_VRD_TMT_d11024', NULL),
(1352, 'Petre', 'Mladen', 1, 28, 13, '', 'ML_VRD_TMT_d11024', NULL),
(1353, 'Mitre', 'Yovan', 1, 29, 13, '', 'ML_VRD_TMT_d11024', NULL),
(1354, 'Kole', 'Yanko', 1, 30, 13, '', 'ML_VRD_TMT_d11024', NULL),
(1355, 'Gorki', 'Ranço', 1, 31, 13, '', 'ML_VRD_TMT_d11024', NULL),
(1356, ' İspas', '..', 1, 32, 13, '', 'ML_VRD_TMT_d11024', NULL),
(1357, 'Risto', 'Milenko', 1, 33, 13, '', 'ML_VRD_TMT_d11024', NULL),
(1358, 'Mito', '', 1, 34, 13, '', 'ML_VRD_TMT_d11024', NULL),
(1359, 'Anto', 'İzlatko', 1, 35, 13, '', 'ML_VRD_TMT_d11024', NULL),
(1360, 'Baun', 'Marko', 1, 36, 13, '', 'ML_VRD_TMT_d11024', NULL),
(1361, 'Manço', 'Todor', 1, 37, 13, '', 'ML_VRD_TMT_d11024', NULL),
(1362, 'Velko', 'Yovan', 1, 38, 13, '', 'ML_VRD_TMT_d11024', NULL),
(1363, 'Yovan', 'İstoyan', 1, 39, 13, '', 'ML_VRD_TMT_d11024', NULL),
(1364, 'Manço', 'Andriyo', 1, 40, 13, '', 'ML_VRD_TMT_d11024', NULL),
(1365, 'Mito', 'İliya', 1, 41, 13, '', 'ML_VRD_TMT_d11024', NULL),
(1366, 'Kiro', 'Petre', 1, 42, 13, '', 'ML_VRD_TMT_d11024', NULL),
(1367, 'Bone', 'Mişo', 1, 43, 13, '', 'ML_VRD_TMT_d11024', NULL),
(1368, 'Gospodin', 'Nikola', 1, 44, 13, 'Papasıyla beraber', 'ML_VRD_TMT_d11024', NULL),
(1369, 'İstoyça', 'Marinko', 1, 45, 13, '', 'ML_VRD_TMT_d11024', NULL),
(1370, 'Jivko', 'İstifan', 1, 46, 13, '', 'ML_VRD_TMT_d11024', NULL),
(1371, 'Kiro', 'Yakim', 1, 47, 13, '', 'ML_VRD_TMT_d11024', NULL),
(1372, 'Korgo', 'İstoiko', 1, 48, 13, 'karındaşıyla beraber', 'ML_VRD_TMT_d11024', NULL),
(1373, 'Yovan', 'Kole', 1, 49, 13, '', 'ML_VRD_TMT_d11024', NULL),
(1374, 'Kole', 'İstanko', 1, 50, 13, '', 'ML_VRD_TMT_d11024', NULL),
(1375, 'İko', 'İstifan', 1, 51, 13, '', 'ML_VRD_TMT_d11024', NULL),
(1376, 'İvlatko', 'Miladin', 1, 52, 13, '', 'ML_VRD_TMT_d11024', NULL),
(1377, 'Kole', 'İstoin', 1, 53, 13, '', 'ML_VRD_TMT_d11024', NULL),
(1378, 'Jivko', 'Bore', 1, 54, 13, '', 'ML_VRD_TMT_d11024', NULL),
(1379, 'Yanko', 'Toşa', 1, 55, 13, '', 'ML_VRD_TMT_d11024', NULL),
(1380, 'Kole', 'Mitre', 1, 56, 13, '', 'ML_VRD_TMT_d11024', NULL),
(1381, 'Kosto', 'Lilo', 1, 57, 13, '', 'ML_VRD_TMT_d11024', NULL),
(1382, 'Goke', '', 1, 58, 13, '', 'ML_VRD_TMT_d11024', NULL),
(1383, 'Petre', 'Yovan', 1, 59, 13, '', 'ML_VRD_TMT_d11024', NULL),
(1384, 'Korgo', 'Papaz İliya', 1, 60, 13, '', 'ML_VRD_TMT_d11024', NULL),
(1385, 'Yovan', '', 1, 61, 13, '', 'ML_VRD_TMT_d11024', NULL),
(1386, 'Milko', 'Lazar', 1, 62, 13, '', 'ML_VRD_TMT_d11024', NULL),
(1387, 'İçvetko', 'İvlatko', 1, 63, 13, '', 'ML_VRD_TMT_d11024', NULL),
(1388, 'İstoyan', 'Korgo', 1, 64, 13, '', 'ML_VRD_TMT_d11024', NULL),
(1389, 'Pona', 'İçvetko', 1, 65, 13, 'Nasran', 'ML_VRD_TMT_d11024', NULL),
(1390, 'İpko', 'Risto', 1, 66, 13, '', 'ML_VRD_TMT_d11024', NULL),
(1391, 'Toşa', 'Mitre', 1, 67, 13, '', 'ML_VRD_TMT_d11024', NULL),
(1392, 'xxx', 'Krsto', 1, 68, 13, '', 'ML_VRD_TMT_d11024', NULL),
(1393, 'Mito', 'Korgo', 1, 69, 13, '', 'ML_VRD_TMT_d11024', NULL),
(1394, 'Miladin', 'Yovan', 1, 70, 13, '', 'ML_VRD_TMT_d11024', NULL),
(1395, 'İstoyan', 'İgnat', 1, 71, 13, '', 'ML_VRD_TMT_d11024', NULL),
(1396, 'Vidin', 'Yanko', 1, 72, 13, '', 'ML_VRD_TMT_d11024', NULL),
(1397, 'Velko', 'Todor', 1, 73, 13, '', 'ML_VRD_TMT_d11024', NULL),
(1398, 'Bostol', 'Ranco', 1, 74, 13, '', 'ML_VRD_TMT_d11024', NULL);
INSERT INTO `household` (`household_id`, `member_forname`, `member_surname`, `fk_household_member_type_id`, `household_number`, `fk_location_name_id`, `notes`, `archive_code`, `page`) VALUES
(1399, 'İstanco', 'Toşa', 1, 75, 13, '', 'ML_VRD_TMT_d11024', NULL),
(1400, 'Baun', 'Kole', 1, 76, 13, '', 'ML_VRD_TMT_d11024', NULL),
(1401, 'Marko', '', 1, 77, 13, '', 'ML_VRD_TMT_d11024', NULL),
(1402, 'Manço', 'Nikola', 1, 78, 13, '', 'ML_VRD_TMT_d11024', NULL),
(1403, 'Çole', 'Kole', 1, 79, 13, '', 'ML_VRD_TMT_d11024', NULL),
(1404, 'Jivko', 'Kole', 1, 80, 13, '', 'ML_VRD_TMT_d11024', NULL),
(1405, 'İstifan', 'Mlaco', 1, 81, 13, '', 'ML_VRD_TMT_d11024', NULL),
(1406, 'İspasa', 'İstanoye', 1, 82, 13, '', 'ML_VRD_TMT_d11024', NULL),
(1407, 'İstanko', 'Mato', 1, 83, 13, '', 'ML_VRD_TMT_d11024', NULL),
(1408, 'Çuno', 'Velko', 1, 1, 12, '', 'ML_VRD_TMT_d11138', NULL),
(1409, 'Jivko', 'Marinko', 1, 2, 12, '', 'ML_VRD_TMT_d11138', NULL),
(1410, 'Yovo', 'Subotin', 1, 3, 12, '', 'ML_VRD_TMT_d11138', NULL),
(1411, 'İspasa', 'Yanko', 1, 4, 12, '', 'ML_VRD_TMT_d11138', NULL),
(1412, 'Çvele', 'Trçko', 1, 5, 12, '', 'ML_VRD_TMT_d11138', NULL),
(1413, 'Banayot', 'Çvele', 1, 6, 12, '', 'ML_VRD_TMT_d11138', NULL),
(1414, 'Mato', 'Marko', 1, 7, 12, '', 'ML_VRD_TMT_d11138', NULL),
(1415, 'Petre', 'Yovan', 1, 8, 12, '', 'ML_VRD_TMT_d11138', NULL),
(1416, 'Çole', 'Matko', 1, 9, 12, '', 'ML_VRD_TMT_d11138', NULL),
(1417, 'Kiro', 'Nikola', 1, 10, 12, '', 'ML_VRD_TMT_d11138', NULL),
(1418, 'Biço', 'Boşko', 1, 11, 12, 'mersum kadar Oldupundand temettuatından sırf nazar olunmuş', 'ML_VRD_TMT_d11138', NULL),
(1419, 'Kole', 'Velko', 1, 12, 12, '', 'ML_VRD_TMT_d11138', NULL),
(1420, 'Ranço', 'Mişo', 1, 13, 12, '', 'ML_VRD_TMT_d11138', NULL),
(1421, 'Pavle', 'Mişo', 1, 14, 12, '', 'ML_VRD_TMT_d11138', NULL),
(1422, 'Kiro', 'Mişo', 1, 15, 12, '', 'ML_VRD_TMT_d11138', NULL),
(1423, 'İstoyan', 'Mişo', 1, 16, 12, '', 'ML_VRD_TMT_d11138', NULL),
(1424, 'Bone', 'Anto', 1, 17, 12, '', 'ML_VRD_TMT_d11138', NULL),
(1425, 'Yanko', 'Yovan', 1, 18, 12, '', 'ML_VRD_TMT_d11138', NULL),
(1426, 'Miloye', 'Yovan', 1, 19, 12, '', 'ML_VRD_TMT_d11138', NULL),
(1427, 'Banayot', 'Bano', 1, 20, 12, '', 'ML_VRD_TMT_d11138', NULL),
(1428, 'Korgo', 'Tipko', 1, 21, 12, '', 'ML_VRD_TMT_d11138', NULL),
(1429, 'Neşo', 'İzdravko', 1, 22, 12, '', 'ML_VRD_TMT_d11138', NULL),
(1430, 'Miladin', '...', 1, 23, 12, '', 'ML_VRD_TMT_d11138', NULL),
(1431, 'Toşa', 'İzdravko', 1, 24, 12, '', 'ML_VRD_TMT_d11138', NULL),
(1432, 'İstamen', 'Bozin', 1, 25, 12, '', 'ML_VRD_TMT_d11138', NULL),
(1433, 'Bano', 'Lilo', 1, 26, 12, '', 'ML_VRD_TMT_d11138', NULL),
(1434, 'Krsto', 'Başo', 1, 26, 12, '', 'ML_VRD_TMT_d11138', NULL),
(1435, 'Başo', 'Risto', 1, 27, 12, '', 'ML_VRD_TMT_d11138', NULL),
(1436, 'Trçko', 'Nikola', 1, 28, 12, '', 'ML_VRD_TMT_d11138', NULL),
(1437, 'Bano', 'Nikola', 1, 29, 12, '', 'ML_VRD_TMT_d11138', NULL),
(1438, 'Goke', 'İstanoye', 1, 30, 12, '', 'ML_VRD_TMT_d11138', NULL),
(1439, 'Pano', 'bavuna', 1, 31, 12, '', 'ML_VRD_TMT_d11138', NULL),
(1440, 'Angelko', 'Çvetko', 1, 32, 12, '', 'ML_VRD_TMT_d11138', NULL),
(1441, 'Mihail', 'Sokol', 1, 1, 15, '', 'ML_VRD_TMT_d11127', NULL),
(1442, 'Yone', 'Petre', 1, 2, 15, '', 'ML_VRD_TMT_d11127', NULL),
(1443, 'Krsto', 'Marko', 1, 3, 15, '', 'ML_VRD_TMT_d11127', NULL),
(1444, 'Bogdan', 'Uroş', 1, 1, 21, '', 'ML_VRD_TMT_d11133', NULL),
(1445, 'Yanko', 'İliya', 1, 2, 21, '', 'ML_VRD_TMT_d11133', NULL),
(1446, 'Krsto', 'Panayut', 1, 3, 21, '', 'ML_VRD_TMT_d11133', NULL),
(1447, 'Trpko', 'Dalçikoz', 1, 4, 21, '', 'ML_VRD_TMT_d11133', NULL),
(1448, NULL, NULL, 5, 2, 5, NULL, 'ML.VRD.TMT.d11036', NULL),
(1449, NULL, NULL, 4, 15, 5, NULL, 'ML.VRD.TMT.d11036', NULL),
(1450, NULL, NULL, 4, 15, 5, NULL, 'ML.VRD.TMT.d11036', NULL),
(1451, NULL, NULL, 5, 36, 5, NULL, 'ML.VRD.TMT.d11036', NULL),
(1452, NULL, NULL, 5, 39, 5, NULL, 'ML.VRD.TMT.d11036', NULL),
(1453, NULL, NULL, 5, 73, 5, NULL, 'ML.VRD.TMT.d11036', NULL),
(1454, NULL, NULL, 5, 83, 5, NULL, 'ML.VRD.TMT.d11036', NULL),
(1455, NULL, NULL, 5, 102, 5, NULL, 'ML.VRD.TMT.d11036', NULL),
(1456, NULL, NULL, 4, 117, 5, NULL, 'ML.VRD.TMT.d11036', NULL),
(1457, NULL, NULL, 8, 6, 6, NULL, 'ML.VRD.TMT.d11101', NULL),
(1458, NULL, NULL, 5, 68, 6, NULL, 'ML.VRD.TMT.d11101', NULL),
(1459, NULL, NULL, 21, 68, 6, NULL, 'ML.VRD.TMT.d11101', NULL),
(1460, NULL, NULL, 5, 79, 6, NULL, 'ML.VRD.TMT.d11101', NULL),
(1461, NULL, NULL, 5, 15, 4, NULL, 'ML.VRD.TMT.d11082', NULL),
(1462, NULL, NULL, 5, 16, 4, NULL, 'ML.VRD.TMT.d11082', NULL),
(1463, NULL, NULL, 5, 17, 4, NULL, 'ML.VRD.TMT.d11082', NULL),
(1464, NULL, NULL, 5, 18, 4, NULL, 'ML.VRD.TMT.d11082', NULL),
(1465, NULL, NULL, 5, 24, 4, NULL, 'ML.VRD.TMT.d11082', NULL),
(1466, NULL, NULL, 4, 30, 4, NULL, 'ML.VRD.TMT.d11082', NULL),
(1467, NULL, NULL, 5, 49, 4, NULL, 'ML.VRD.TMT.d11082', NULL),
(1468, NULL, NULL, 5, 58, 4, NULL, 'ML.VRD.TMT.d11082', NULL),
(1469, NULL, NULL, 5, 9999, 7, NULL, 'ML.VRD.TMT.d11172', NULL),
(1470, NULL, NULL, 5, 28, 7, NULL, 'ML.VRD.TMT.d11172', NULL),
(1471, NULL, NULL, 20, 30, 11, NULL, 'ML.VRD.TMT.d17494', NULL),
(1472, NULL, NULL, 5, 39, 11, NULL, 'ML.VRD.TMT.d17494', NULL),
(1473, NULL, NULL, 5, 71, 11, NULL, 'ML.VRD.TMT.d17494', NULL),
(1474, NULL, NULL, 5, 71, 11, NULL, 'ML.VRD.TMT.d17494', NULL),
(1475, NULL, NULL, 5, 92, 11, NULL, 'ML.VRD.TMT.d17494', NULL),
(1476, NULL, NULL, 5, 163, 11, NULL, 'ML.VRD.TMT.d17494', NULL),
(1477, NULL, NULL, 8, 164, 11, NULL, 'ML.VRD.TMT.d17494', NULL),
(1478, NULL, NULL, 5, 186, 11, NULL, 'ML.VRD.TMT.d17494', NULL),
(1479, NULL, NULL, 5, 196, 11, NULL, 'ML.VRD.TMT.d17494', NULL),
(1480, NULL, NULL, 5, 2, 9, NULL, 'ML.VRD.TMT.d16403', NULL),
(1481, NULL, NULL, 5, 68, 9, NULL, 'ML.VRD.TMT.d16403', NULL),
(1482, NULL, NULL, 20, 81, 9, NULL, 'ML.VRD.TMT.d16403', NULL),
(1483, NULL, NULL, 20, 83, 9, NULL, 'ML.VRD.TMT.d16403', NULL),
(1484, NULL, NULL, 20, 105, 9, NULL, 'ML.VRD.TMT.d16403', NULL),
(1485, NULL, NULL, 4, 12, 10, NULL, 'ML.VRD.TMT.d11059', NULL),
(1486, NULL, NULL, 4, 24, 10, NULL, 'ML.VRD.TMT.d11059', NULL);

-- --------------------------------------------------------

--
-- Table structure for table `household_member_type`
--

CREATE TABLE `household_member_type` (
  `household_member_type_id` int(11) NOT NULL,
  `type` varchar(250) NOT NULL,
  `type_en` varchar(250) NOT NULL
) ENGINE=InnoDB DEFAULT CHARSET=utf8;

--
-- Dumping data for table `household_member_type`
--

INSERT INTO `household_member_type` (`household_member_type_id`, `type`, `type_en`) VALUES
(1, 'hane reisi', 'head of household'),
(2, 'valide', 'mother'),
(3, 'halile', 'wife'),
(4, 'kardeş', 'brother'),
(5, 'oğul', 'son'),
(6, 'kemin', 'kemin'),
(7, 'hemşire', 'sister'),
(8, 'yeğen', 'nephew'),
(9, 'kayınvalide', 'mother-in-law'),
(10, 'öge oğul', 'adopted son'),
(11, 'peder', 'father'),
(12, 'hanesinde sakin', 'tenant'),
(13, 'öge kiz', 'adopted dauther'),
(14, 'akraba', 'cousin'),
(15, 'oğlunun halilesi', 'sons wife'),
(16, 'yetim', 'orphan'),
(17, 'torun', 'grand son'),
(18, 'şerik', 'coworker'),
(19, 'damat', 'son-in-law'),
(20, 'kayın', 'cousin-in-law'),
(21, 'köle', 'slave');

-- --------------------------------------------------------

--
-- Table structure for table `land`
--

CREATE TABLE `land` (
  `land_id` int(11) NOT NULL,
  `type` varchar(250) NOT NULL,
  `type_en` varchar(250) NOT NULL
) ENGINE=InnoDB DEFAULT CHARSET=utf8;

--
-- Dumping data for table `land`
--

INSERT INTO `land` (`land_id`, `type`, `type_en`) VALUES
(1, 'Gayri Mezru Tarla', 'Uncultivated Field'),
(2, 'Mezru Tarla', 'Cultivated Field'),
(3, 'İcar ile Verildiği Tarla', 'Field Given for Rent'),
(4, 'Müstecir Mezru Tarla', 'Field Taken for Rent'),
(5, 'Sebze Bahçesi', 'Vegetables Garden'),
(6, 'Bağ', 'Vineyard'),
(7, 'Çayır', 'Pasture'),
(8, 'Çiftlik', 'Farm');

-- --------------------------------------------------------

--
-- Table structure for table `land_household`
--

CREATE TABLE `land_household` (
  `land_household_id` int(11) NOT NULL,
  `fk_household_id` int(11) NOT NULL,
  `fk_land_id` int(11) NOT NULL,
  `area` int(11) DEFAULT NULL,
  `income` int(11) DEFAULT NULL,
  `payed_rent` int(11) DEFAULT NULL,
  `location` varchar(250) DEFAULT NULL,
  `description` varchar(250) DEFAULT NULL
) ENGINE=InnoDB DEFAULT CHARSET=utf8;

--
-- Dumping data for table `land_household`
--

INSERT INTO `land_household` (`land_household_id`, `fk_household_id`, `fk_land_id`, `area`, `income`, `payed_rent`, `location`, `description`) VALUES
(1, 1160, 1, 244, NULL, NULL, NULL, NULL),
(2, 326, 1, 120, NULL, NULL, NULL, NULL),
(3, 415, 1, 60, NULL, NULL, NULL, NULL),
(4, 1297, 1, 50, NULL, NULL, NULL, NULL),
(5, 535, 1, 36, NULL, NULL, NULL, NULL),
(6, 18, 1, 30, NULL, NULL, NULL, NULL),
(7, 121, 1, 29, NULL, NULL, NULL, NULL),
(8, 112, 1, 24, NULL, NULL, NULL, NULL),
(9, 1317, 1, 19, NULL, NULL, NULL, NULL),
(10, 126, 1, 18, NULL, NULL, NULL, NULL),
(11, 153, 1, 18, NULL, NULL, NULL, NULL),
(12, 239, 1, 14, NULL, NULL, NULL, NULL),
(13, 272, 1, 11, NULL, NULL, NULL, NULL),
(14, 118, 1, 10, NULL, NULL, NULL, NULL),
(15, 1281, 1, 5, NULL, NULL, NULL, NULL),
(16, 1296, 1, 5, NULL, NULL, NULL, NULL),
(17, 474, 1, 3, NULL, NULL, NULL, NULL),
(18, 1116, 1, 3, NULL, NULL, NULL, NULL),
(19, 510, 1, 2, NULL, NULL, NULL, NULL),
(20, 1234, 1, 2, NULL, NULL, NULL, NULL),
(21, 1144, 1, 2, NULL, NULL, NULL, NULL),
(22, 269, 1, 1, NULL, NULL, NULL, NULL),
(23, 1160, 2, 48, 855, NULL, '', NULL),
(24, 415, 2, 20, 261, NULL, '', NULL),
(25, 1297, 2, 9, 603, NULL, '', NULL),
(26, 535, 2, 11, 295, NULL, '', NULL),
(27, 112, 2, 18, 446, NULL, '', NULL),
(28, 126, 2, 18, 338, NULL, '', NULL),
(29, 239, 2, 13, 1125, NULL, '', NULL),
(30, 272, 2, 6, 0, NULL, '', NULL),
(31, 474, 2, 3, 34, NULL, '', NULL),
(32, 510, 2, 3, 45, NULL, '', NULL),
(33, 1144, 2, 6, 90, NULL, '', NULL),
(34, 1, 2, 4, 135, NULL, '', NULL),
(35, 2, 2, 60, 250, NULL, '', NULL),
(36, 6, 2, 25, 666, NULL, '', NULL),
(37, 13, 2, 40, 657, NULL, 'kotna', NULL),
(38, 17, 2, 3, 0, NULL, '', NULL),
(39, 20, 2, 36, 1004, NULL, '', NULL),
(40, 35, 2, 9, 216, NULL, '', NULL),
(41, 57, 2, 6, 135, NULL, 'şerikiye yarı gelir (Hacı Abdurrahman çiftliğinde meyhaneci İstoyan)', NULL),
(42, 72, 2, 69, 999, NULL, 'Goriçe', NULL),
(43, 75, 2, 14, 138, NULL, 'Lazar', NULL),
(44, 113, 2, 13, 266, NULL, '', NULL),
(45, 140, 2, 31, 383, NULL, '(bubna)', NULL),
(46, 211, 2, 5, 250, NULL, '', NULL),
(47, 298, 2, 100, 1620, NULL, '', NULL),
(48, 301, 2, 12, 338, NULL, '', NULL),
(49, 325, 2, 20, 108, NULL, '', NULL),
(50, 374, 2, 30, 0, NULL, '', NULL),
(51, 416, 2, 13, 495, NULL, '', NULL),
(52, 495, 2, 30, 648, NULL, '', NULL),
(53, 497, 2, 20, 337, NULL, '', NULL),
(54, 516, 2, 6, 99, NULL, '', NULL),
(55, 530, 2, 13, 221, NULL, '', NULL),
(56, 532, 2, 4, 108, NULL, '', NULL),
(57, 556, 2, 66, 936, NULL, '', NULL),
(58, 564, 2, 10, 166, NULL, '', NULL),
(59, 588, 2, 27, 671, NULL, '', NULL),
(60, 605, 2, 24, 315, NULL, '', NULL),
(61, 624, 2, 3, 61, NULL, '', NULL),
(62, 722, 2, 8, 180, NULL, 'bubna', NULL),
(63, 738, 2, 2, 18, NULL, 'topolniçe', NULL),
(64, 768, 2, 13, 230, NULL, '', NULL),
(65, 828, 2, 1, 18, NULL, '', NULL),
(66, 840, 2, 24, 450, NULL, '', NULL),
(67, 841, 2, 3, 50, NULL, '', NULL),
(68, 842, 2, 12, 250, NULL, '', NULL),
(69, 842, 2, 10, 400, NULL, '', NULL),
(70, 843, 2, 24, 437, NULL, '', NULL),
(71, 858, 2, 8, 200, NULL, '', NULL),
(72, 859, 2, 15, 375, NULL, '', NULL),
(73, 881, 2, 5, 0, NULL, '', NULL),
(74, 885, 2, 3, 0, NULL, '', NULL),
(75, 889, 2, 3, 0, NULL, '', NULL),
(76, 895, 2, 4, 0, NULL, '', NULL),
(77, 896, 2, 4, 0, NULL, '', NULL),
(78, 898, 2, 7, 0, NULL, '', NULL),
(79, 899, 2, 2, 0, NULL, '', NULL),
(80, 901, 2, 2, 0, NULL, '', NULL),
(81, 922, 2, 3, 0, NULL, '', NULL),
(82, 937, 2, 1, 0, NULL, '', NULL),
(83, 945, 2, 4, 169, NULL, '', NULL),
(84, 966, 2, 7, 90, NULL, '', NULL),
(85, 969, 2, 8, 225, NULL, '', NULL),
(86, 974, 2, 4, 68, NULL, '', NULL),
(87, 976, 2, 1, 23, NULL, '', NULL),
(88, 980, 2, 3, 128, NULL, '', NULL),
(89, 1005, 2, 3, 54, NULL, '', NULL),
(90, 1046, 2, 3, 67, NULL, '', NULL),
(91, 1055, 2, 5, 158, NULL, '', NULL),
(92, 1056, 2, 1, 36, NULL, '', NULL),
(93, 1062, 2, 2, 27, NULL, '', NULL),
(94, 1066, 2, 2, 36, NULL, '', NULL),
(95, 1076, 2, 19, 414, NULL, '', NULL),
(96, 1077, 2, 5, 104, NULL, '', NULL),
(97, 1081, 2, 8, 140, NULL, '', NULL),
(98, 1100, 2, 2, 54, NULL, '', NULL),
(99, 1122, 2, 2, 23, NULL, '', NULL),
(100, 1124, 2, 3, 41, NULL, '', NULL),
(101, 1136, 2, 12, 324, NULL, '', NULL),
(102, 1142, 2, 3, 81, NULL, '', NULL),
(103, 1146, 2, 12, 225, NULL, '', NULL),
(104, 1149, 2, 24, 490, NULL, '', NULL),
(105, 1155, 2, 1, 20, NULL, '', NULL),
(106, 1160, 2, 12, 0, NULL, 'ledkofçada', NULL),
(107, 1173, 2, 40, 774, NULL, '', NULL),
(108, 1177, 2, 20, 0, NULL, 'Ürgüp Kazasında', NULL),
(109, 1186, 2, 3, 67, NULL, '', NULL),
(110, 1190, 2, 3, 101, NULL, '', NULL),
(111, 1191, 2, 2, 68, NULL, '', NULL),
(112, 1201, 2, 3, 0, NULL, 'Ak Palanka', NULL),
(113, 1207, 2, 6, 140, NULL, '', NULL),
(114, 1212, 2, 2, 90, NULL, '', NULL),
(115, 1214, 2, 20, 338, NULL, '', NULL),
(116, 1250, 2, 3, 20, NULL, '', NULL),
(117, 1277, 2, 7, 131, NULL, '', NULL),
(118, 1325, 2, 3, 203, NULL, 'Mahoşniçe toprağında', NULL),
(119, 1326, 2, 3, 149, NULL, 'Rasniçe toprağında', NULL),
(120, 1327, 2, 15, 720, NULL, 'Toştina toprağında', NULL),
(121, 1328, 2, 8, 293, NULL, 'Vasniçe toprağında', NULL),
(122, 1329, 2, 2, 180, NULL, 'Rasniçe toprağında', NULL),
(123, 1330, 2, 10, 558, NULL, 'Toştina ve Mahosniçe toprağında', NULL),
(124, 1331, 2, 13, 877, NULL, 'Mahoşniçe ve İsmirzan ve Toşniçe topraklarında', NULL),
(125, 1332, 2, 8, 405, NULL, 'Mahoşniçe toprağında', NULL),
(126, 1333, 2, 8, 297, NULL, 'Mahoşniçe toprağında', NULL),
(127, 1335, 2, 5, 315, NULL, 'Mahoşniçe toprağında', NULL),
(128, 1338, 2, 4, 225, NULL, 'Trşniçe toprağında', NULL),
(129, 1339, 2, 4, 225, NULL, 'Mahoşniçe toprağında', NULL),
(130, 1340, 2, 4, 225, NULL, 'Mahoşniçe toprağında', NULL),
(131, 1341, 2, 2, 180, NULL, 'Rasniçe toprağında', NULL),
(132, 1342, 2, 9, 297, NULL, 'Mahoşniçe ve İsmirzan topraklarında', NULL),
(133, 1343, 2, 16, 720, NULL, 'Trsniçe ve ??? Topraklarında', NULL),
(134, 1344, 2, 24, 1620, NULL, 'Hrasniçe ve Kuliye ve İsdor topraklarında', NULL),
(135, 1345, 2, 9, 405, NULL, 'Toşniçe ve Hrasniçe topraklarında', NULL),
(136, 1356, 2, 6, 315, NULL, 'Sahodol toprağında', NULL),
(137, 1359, 2, 3, 225, NULL, 'Giraştiçe toprağında', NULL),
(138, 1361, 2, 5, 270, NULL, 'Mahoşniçe toprağında', NULL),
(139, 1363, 2, 6, 315, NULL, 'Mahoşniçe toprağında', NULL),
(140, 1365, 2, 3, 225, NULL, 'Mahosniçe toprağında', NULL),
(141, 1366, 2, 4, 270, NULL, 'Mahosniçe toprağında', NULL),
(142, 1367, 2, 6, 257, NULL, 'Mahosniçe toprağında', NULL),
(143, 1368, 2, 8, 315, NULL, 'Sudurka ve Mahosnşçe topraklarında', NULL),
(144, 1373, 2, 4, 297, NULL, 'İrazan toprağında', NULL),
(145, 1376, 2, 4, 225, NULL, 'Jukve toprağında', NULL),
(146, 1378, 2, 2, 144, NULL, 'Mahoşniçe', NULL),
(147, 1380, 2, 2, 185, NULL, 'Toşnin', NULL),
(148, 1381, 2, 2, 113, NULL, 'İsridan', NULL),
(149, 1385, 2, 6, 428, NULL, 'Mahoşniçe', NULL),
(150, 1386, 2, 4, 144, NULL, 'Mahoşniçe', NULL),
(151, 1389, 2, 3, 338, NULL, 'İrjan toprağında', NULL),
(152, 1392, 2, 8, 630, NULL, 'Blata toprağında', NULL),
(153, 1394, 2, 6, 518, NULL, 'Sudurun??? Toprağında', NULL),
(154, 1395, 2, 3, 387, NULL, 'İzvor toprağında', NULL),
(155, 1397, 2, 13, 387, NULL, 'Kulne toprağında', NULL),
(156, 1399, 2, 4, 297, NULL, 'Mahoşniçe toprağında', NULL),
(157, 1407, 2, 10, 495, NULL, 'Sodorok ve Kulne', NULL),
(158, 1409, 2, 4, 169, NULL, 'Mahoşniçe', NULL),
(159, 1411, 2, 2, 81, NULL, 'Rasniçe', NULL),
(160, 1413, 2, 4, 225, NULL, 'Mahoşniçe', NULL),
(161, 1415, 2, 8, 374, NULL, 'Rasniçe', NULL),
(162, 1419, 2, 15, 410, NULL, 'Rasniçe', NULL),
(163, 1420, 2, 2, 72, NULL, 'Mahoşniçe', NULL),
(164, 1421, 2, 2, 72, NULL, 'Mahoşniçe', NULL),
(165, 1423, 2, 2, 72, NULL, 'Mahoşniçe', NULL),
(166, 1424, 2, 12, 225, NULL, 'Mahoşniçe', NULL),
(167, 1425, 2, 10, 558, NULL, 'Mrasniçe', NULL),
(168, 1426, 2, 10, 558, NULL, 'Mrasniçe', NULL),
(169, 1427, 2, 28, 923, NULL, 'Toştine ve İrjana', NULL),
(170, 1428, 2, 18, 698, NULL, 'Rasniçe ve Mahosniçe', NULL),
(171, 1429, 2, 9, 315, NULL, 'Mahoşniçe', NULL),
(172, 1431, 2, 4, 162, NULL, 'Mahoşniçe', NULL),
(173, 1432, 2, 7, 324, NULL, 'Mahoşniçe Rasniçe', NULL),
(174, 1435, 2, 3, 203, NULL, 'Toşina', NULL),
(175, 1436, 2, 8, 315, NULL, 'Blata', NULL),
(176, 1437, 2, 3, 124, NULL, 'Mahoşniçe', NULL),
(177, 1438, 2, 5, 203, NULL, 'Mahoşniçe ve Toştina', NULL),
(178, 1440, 2, 6, 203, NULL, 'Trnana ve Semerdana', NULL),
(179, 1443, 2, 3, 45, NULL, '', NULL),
(180, 1444, 2, 4, 171, NULL, '', NULL),
(181, 57, 3, 90, 150, NULL, '', ''),
(182, 113, 3, 308, 293, NULL, '', ''),
(183, 211, 3, 36, 332, NULL, '', ''),
(184, 298, 3, 312, 765, NULL, '', ''),
(185, 325, 3, 20, 60, NULL, '', ''),
(186, 495, 3, 10, 25, NULL, '', ''),
(187, 497, 3, 50, 100, NULL, '', ''),
(188, 564, 3, 16, 50, NULL, '', ''),
(189, 722, 3, 120, 270, NULL, 'bubna', ''),
(190, 768, 3, 35, 65, NULL, '', ''),
(191, 842, 3, 60, 200, NULL, '', ''),
(192, 859, 3, 75, 250, NULL, '', ''),
(193, 974, 3, 8, 20, NULL, '', ''),
(194, 1077, 3, 2, 7, NULL, '', ''),
(195, 1136, 3, 16, 50, NULL, '', ''),
(196, 1149, 3, 127, 127, NULL, '', ''),
(197, 1214, 3, 15, 60, NULL, '', ''),
(198, 326, 3, 30, 90, NULL, 'Popofiçe', ''),
(199, 18, 3, 60, 60, NULL, 'Goriçe', ''),
(200, 121, 3, 40, 100, NULL, '', ''),
(201, 153, 3, 30, 60, NULL, '', ''),
(202, 118, 3, 10, 20, NULL, '', ''),
(203, 1, 3, 15, 15, NULL, '', ''),
(204, 7, 3, 210, 496, NULL, '', ''),
(205, 8, 3, 12, 120, NULL, '', ''),
(206, 14, 3, 108, 150, NULL, 'Boyna', 'nisf hisse'),
(207, 14, 3, 84, 75, NULL, 'Voynul', 'nisf hisse'),
(208, 18, 3, 48, 50, NULL, 'Taşlı Bayır', ''),
(209, 79, 3, 140, 140, NULL, '', ''),
(210, 97, 3, 80, 150, NULL, '', ''),
(211, 124, 3, 480, 600, NULL, '', ''),
(212, 134, 3, 3, 10, NULL, '', ''),
(213, 141, 3, 5, 40, NULL, 'Goriçe', ''),
(214, 146, 3, 30, 30, NULL, '', ''),
(215, 150, 3, 5, 20, NULL, '', ''),
(216, 164, 3, 9, 15, NULL, '', ''),
(217, 171, 3, 35, 80, NULL, '', ''),
(218, 176, 3, 7, 30, NULL, '', ''),
(219, 179, 3, 3, 35, NULL, '', ''),
(220, 193, 3, 120, 600, NULL, 'Taşlı Bayır Çiftlik civarında', ''),
(221, 212, 3, 3, 600, NULL, '', ''),
(222, 214, 3, 8, 90, NULL, '', ''),
(223, 215, 3, 7, 75, NULL, '', ''),
(224, 216, 3, 7, 75, NULL, '', ''),
(225, 250, 3, 3, 30, NULL, '', ''),
(226, 280, 3, 3, 75, NULL, '', ''),
(227, 282, 3, 5, 75, NULL, '', ''),
(228, 294, 3, 150, 300, NULL, '', ''),
(229, 299, 3, 385, 890, NULL, '', ''),
(230, 307, 3, 90, 210, NULL, 'Bayine Sahrası', ''),
(231, 307, 3, 72, 180, NULL, 'Macar Sahrası', ''),
(232, 308, 3, 17, 157, NULL, 'Taşlı Bayiri', ''),
(233, 308, 3, 18, 50, NULL, 'Bayine Sahrası', ''),
(234, 310, 3, 96, 150, NULL, '', ''),
(235, 314, 3, 48, 90, NULL, 'Bubna', ''),
(236, 318, 3, 504, 1260, NULL, 'Bayine Sahrası', ''),
(237, 318, 3, 96, 160, NULL, 'Bala İvorjina', ''),
(238, 329, 3, 210, 460, NULL, 'Macar Sahrasında', ''),
(239, 329, 3, 48, 180, NULL, 'Bayine Sahrası', ''),
(240, 329, 3, 60, 125, NULL, 'Pasye Polata', ''),
(241, 334, 3, 162, 440, NULL, 'Gabrofça', ''),
(242, 334, 3, 120, 450, NULL, 'Bayine Sahrası', ''),
(243, 335, 3, 150, 185, NULL, '', ''),
(244, 357, 3, 6, 30, NULL, '', ''),
(245, 405, 3, 15, 60, NULL, 'Maliçe', ''),
(246, 414, 3, 3, 38, NULL, '', ''),
(247, 417, 3, 24, 110, NULL, '', ''),
(248, 421, 3, 5, 75, NULL, '', ''),
(249, 425, 3, 7, 100, NULL, '', ''),
(250, 462, 3, 5, 62, NULL, '', ''),
(251, 463, 3, 2, 25, NULL, '', ''),
(252, 471, 3, 4, 10, NULL, '', ''),
(253, 497, 3, 12, 30, NULL, '', ''),
(254, 501, 3, 60, 125, NULL, 'Goriçe + Kovanlık', ''),
(255, 504, 3, 5, 10, NULL, '', ''),
(256, 558, 3, 20, 37, NULL, '', ''),
(257, 596, 3, 12, 25, NULL, '', ''),
(258, 689, 3, 6, 18, NULL, '', ''),
(259, 702, 3, 18, 83, NULL, '', ''),
(260, 707, 3, 20, 125, NULL, '', ''),
(261, 713, 3, 108, 160, NULL, 'Bubna', 'nisf hisse'),
(262, 713, 3, 84, 75, NULL, '???', 'nisf hisse'),
(263, 716, 3, 126, 200, NULL, '', ''),
(264, 728, 3, 20, 125, NULL, '', ''),
(265, 731, 3, 90, 144, NULL, '', ''),
(266, 774, 3, 50, 50, NULL, '', ''),
(267, 781, 3, 5, 15, NULL, '', ''),
(268, 795, 3, 18, 50, NULL, '', ''),
(269, 848, 3, 10, 75, NULL, '', ''),
(270, 850, 3, 56, 160, NULL, '', ''),
(271, 851, 3, 6, 20, NULL, '', ''),
(272, 852, 3, 6, 20, NULL, '', ''),
(273, 861, 3, 42, 100, NULL, '', ''),
(274, 955, 3, 13, 390, NULL, '', ''),
(275, 985, 3, 7, 40, NULL, '', ''),
(276, 986, 3, 7, 40, NULL, '', ''),
(277, 987, 3, 7, 40, NULL, '', ''),
(278, 1001, 3, 4, 10, NULL, '', ''),
(279, 1102, 3, 18, 40, NULL, '', ''),
(280, 1138, 3, 2, 12, NULL, '', ''),
(281, 1148, 3, 13, 30, NULL, '', ''),
(282, 1150, 3, 20, 20, NULL, '', ''),
(283, 1201, 3, 4, 20, NULL, '', ''),
(284, 1222, 3, 24, 50, NULL, '', ''),
(285, 1223, 3, 4, 15, NULL, '', ''),
(286, 1241, 3, 20, 25, NULL, '', ''),
(287, 1242, 3, 36, 50, NULL, '???', ''),
(288, 1242, 3, 12, 25, NULL, 'Zir ???', ''),
(289, 1267, 3, 6, 15, NULL, '', ''),
(290, 47, 3, 0, 250, NULL, 'Ravna', 'dönüm yazmıyor'),
(291, 703, 3, 0, 35, NULL, '', 'dönüm yazmıyor'),
(292, 703, 3, 0, 88, NULL, '', 'dönüm yazmıyor'),
(293, 716, 3, 0, 200, NULL, '', 'bit kita'),
(294, 985, 4, 1, 120, 15, NULL, ''),
(295, 1267, 4, 14, 336, 42, NULL, ''),
(296, 17, 4, 2, 0, 0, NULL, ''),
(297, 140, 4, 20, 0, 0, NULL, ''),
(298, 530, 4, 5, 80, 10, NULL, 'Abdurahman Ağaya'),
(299, 556, 4, 15, 160, 20, NULL, 'Kalede Hüseyyin Ağaya'),
(300, 605, 4, 27, 312, 39, NULL, ''),
(301, 840, 4, 4, 120, 0, NULL, ''),
(302, 841, 4, 5, 120, 0, NULL, ''),
(303, 885, 4, 2, 100, 13, NULL, ''),
(304, 889, 4, 4, 200, 25, NULL, ''),
(305, 895, 4, 4, 200, 25, NULL, ''),
(306, 896, 4, 4, 264, 33, NULL, ''),
(307, 899, 4, 4, 200, 25, NULL, ''),
(308, 980, 4, 5, 160, 20, NULL, ''),
(309, 1055, 4, 2, 48, 6, NULL, ''),
(310, 1066, 4, 4, 88, 11, NULL, ''),
(311, 1250, 4, 2, 32, 4, NULL, ''),
(312, 1277, 4, 2, 24, 3, NULL, ''),
(313, 1443, 4, 4, 54, 54, NULL, 'Nikoya'),
(314, 1317, 4, 3, 148, 19, NULL, 'Osman Ağa'),
(315, 1281, 4, 2, 40, 5, NULL, 'Mehmed???'),
(316, 1296, 4, 2, 56, 7, NULL, 'haca???'),
(317, 12, 4, 7, 100, 12, NULL, ''),
(318, 95, 4, 6, 100, 12, NULL, 'Trupala'),
(319, 96, 4, 4, 80, 10, NULL, ''),
(320, 128, 4, 9, 140, 17, NULL, ''),
(321, 172, 4, 8, 160, 20, NULL, ''),
(322, 195, 4, 20, 676, 84, NULL, ''),
(323, 297, 4, 12, 460, 0, NULL, ''),
(324, 336, 4, 52, 880, 110, NULL, ''),
(325, 341, 4, 5, 48, 6, NULL, ''),
(326, 484, 4, 2, 52, 7, NULL, ''),
(327, 498, 4, 5, 108, 14, NULL, 'Belotniçe Ağasına vermiş olduğu'),
(328, 529, 4, 4, 80, 10, NULL, 'debbağa balala ???'),
(329, 552, 4, 3, 60, 8, NULL, 'Mustafa Ağası yazılacağı'),
(330, 559, 4, 30, 210, 53, NULL, '210 şeriki kasap ???ya'),
(331, 571, 4, 3, 60, 8, NULL, ''),
(332, 576, 4, 5, 152, 19, NULL, ''),
(333, 583, 4, 5, 84, 11, NULL, ''),
(334, 584, 4, 40, 200, 25, NULL, ''),
(335, 589, 4, 8, 112, 14, NULL, ''),
(336, 591, 4, 3, 40, 5, NULL, ''),
(337, 595, 4, 4, 88, 11, NULL, ''),
(338, 599, 4, 5, 100, 13, NULL, ''),
(339, 611, 4, 2, 40, 5, NULL, ''),
(340, 617, 4, 3, 50, 6, NULL, ''),
(341, 631, 4, 7, 140, 18, NULL, ''),
(342, 642, 4, 4, 72, 9, NULL, ''),
(343, 643, 4, 4, 72, 9, NULL, ''),
(344, 649, 4, 2, 40, 5, NULL, ''),
(345, 652, 4, 4, 72, 9, NULL, ''),
(346, 659, 4, 12, 232, 29, NULL, ''),
(347, 660, 4, 3, 60, 7, NULL, ''),
(348, 684, 4, 6, 104, 13, NULL, ''),
(349, 723, 4, 4, 120, 15, NULL, 'mustafa valad osman'),
(350, 723, 4, 2, 40, 5, NULL, 'ali bey efendi'),
(351, 752, 4, 10, 144, 18, NULL, 'popofça'),
(352, 753, 4, 3, 60, 8, NULL, ''),
(353, 798, 4, 15, 248, 31, NULL, 'Deli Mustafa oğluna'),
(354, 798, 4, 3, 64, 8, NULL, 'Trupala Ağasına'),
(355, 799, 4, 4, 80, 10, NULL, 'Nikolca'),
(356, 818, 4, 3, 83, 11, NULL, ''),
(357, 862, 4, 2, 50, 0, NULL, ''),
(358, 863, 4, 2, 60, 0, NULL, ''),
(359, 871, 4, 2, 40, 0, NULL, ''),
(360, 875, 4, 2, 100, 13, NULL, ''),
(361, 876, 4, 4, 120, 15, NULL, ''),
(362, 877, 4, 3, 53, 6, NULL, ''),
(363, 878, 4, 3, 0, 0, NULL, '!'),
(364, 879, 4, 5, 132, 17, NULL, ''),
(365, 880, 4, 2, 80, 10, NULL, ''),
(366, 882, 4, 2, 50, 6, NULL, ''),
(367, 883, 4, 2, 0, 0, NULL, ''),
(368, 884, 4, 5, 200, 25, NULL, ''),
(369, 886, 4, 5, 80, 10, NULL, ''),
(370, 888, 4, 4, 100, 13, NULL, ''),
(371, 891, 4, 3, 110, 14, NULL, ''),
(372, 892, 4, 5, 0, 0, NULL, ''),
(373, 893, 4, 5, 0, 0, NULL, ''),
(374, 894, 4, 2, 0, 0, NULL, ''),
(375, 897, 4, 6, 232, 29, NULL, ''),
(376, 900, 4, 5, 100, 13, NULL, ''),
(377, 902, 4, 5, 232, 29, NULL, ''),
(378, 904, 4, 2, 0, 0, NULL, ''),
(379, 905, 4, 4, 102, 13, NULL, ''),
(380, 906, 4, 2, 0, 0, NULL, ''),
(381, 908, 4, 3, 16, 2, NULL, ''),
(382, 909, 4, 2, 32, 4, NULL, ''),
(383, 911, 4, 2, 0, 0, NULL, ''),
(384, 912, 4, 1, 0, 0, NULL, ''),
(385, 918, 4, 3, 80, 10, NULL, ''),
(386, 920, 4, 1, 0, 0, NULL, ''),
(387, 923, 4, 1, 0, 0, NULL, ''),
(388, 926, 4, 2, 0, 0, NULL, ''),
(389, 927, 4, 4, 100, 13, NULL, ''),
(390, 929, 4, 1, 32, 4, NULL, ''),
(391, 931, 4, 1, 0, 0, NULL, ''),
(392, 932, 4, 5, 150, 19, NULL, ''),
(393, 935, 4, 4, 16, 2, NULL, ''),
(394, 936, 4, 2, 0, 0, NULL, ''),
(395, 938, 4, 2, 80, 10, NULL, ''),
(396, 939, 4, 3, 32, 4, NULL, ''),
(397, 940, 4, 2, 0, 0, NULL, ''),
(398, 941, 4, 1, 32, 4, NULL, ''),
(399, 942, 4, 3, 80, 10, NULL, ''),
(400, 943, 4, 2, 80, 10, NULL, ''),
(401, 950, 4, 1, 0, 0, NULL, ''),
(402, 953, 4, 1, 32, 4, NULL, ''),
(403, 954, 4, 2, 32, 4, NULL, ''),
(404, 956, 4, 3, 0, 0, NULL, ''),
(405, 957, 4, 5, 200, 25, NULL, ''),
(406, 958, 4, 1, 0, 0, NULL, ''),
(407, 959, 4, 1, 32, 4, NULL, ''),
(408, 960, 4, 1, 64, 8, NULL, ''),
(409, 961, 4, 5, 56, 7, NULL, ''),
(410, 962, 4, 1, 32, 4, NULL, ''),
(411, 971, 4, 12, 328, 41, NULL, ''),
(412, 972, 4, 12, 264, 33, NULL, ''),
(413, 982, 4, 3, 48, 6, NULL, ''),
(414, 984, 4, 1, 400, 50, NULL, ''),
(415, 989, 4, 7, 104, 13, NULL, ''),
(416, 990, 4, 2, 62, 8, NULL, ''),
(417, 992, 4, 3, 208, 26, NULL, ''),
(418, 1003, 4, 2, 40, 5, NULL, ''),
(419, 1006, 4, 2, 72, 9, NULL, ''),
(420, 1009, 4, 5, 240, 30, NULL, ''),
(421, 1010, 4, 5, 108, 14, NULL, ''),
(422, 1012, 4, 1, 44, 6, NULL, ''),
(423, 1013, 4, 3, 48, 6, NULL, ''),
(424, 1014, 4, 3, 64, 8, NULL, ''),
(425, 1015, 4, 5, 72, 9, NULL, ''),
(426, 1016, 4, 2, 220, 28, NULL, ''),
(427, 1020, 4, 2, 48, 6, NULL, ''),
(428, 1021, 4, 4, 256, 32, NULL, ''),
(429, 1022, 4, 2, 40, 5, NULL, ''),
(430, 1023, 4, 2, 144, 18, NULL, ''),
(431, 1024, 4, 3, 56, 7, NULL, ''),
(432, 1025, 4, 2, 32, 4, NULL, ''),
(433, 1026, 4, 1, 16, 2, NULL, ''),
(434, 1028, 4, 3, 180, 23, NULL, ''),
(435, 1030, 4, 2, 32, 4, NULL, ''),
(436, 1031, 4, 3, 56, 7, NULL, ''),
(437, 1037, 4, 4, 104, 13, NULL, ''),
(438, 1039, 4, 2, 56, 7, NULL, ''),
(439, 1043, 4, 1, 24, 3, NULL, ''),
(440, 1044, 4, 5, 64, 8, NULL, ''),
(441, 1048, 4, 8, 123, 15, NULL, ''),
(442, 1049, 4, 1, 16, 2, NULL, ''),
(443, 1063, 4, 4, 88, 11, NULL, ''),
(444, 1067, 4, 1, 32, 4, NULL, ''),
(445, 1069, 4, 9, 176, 22, NULL, ''),
(446, 1072, 4, 2, 48, 6, NULL, ''),
(447, 1078, 4, 3, 180, 23, NULL, ''),
(448, 1118, 4, 2, 92, 12, NULL, ''),
(449, 1119, 4, 2, 32, 4, NULL, ''),
(450, 1127, 4, 2, 32, 4, NULL, ''),
(451, 1131, 4, 1, 32, 4, NULL, ''),
(452, 1137, 4, 2, 48, 6, NULL, ''),
(453, 1166, 4, 1, 32, 4, NULL, ''),
(454, 1167, 4, 1, 24, 3, NULL, ''),
(455, 1171, 4, 1, 24, 3, NULL, ''),
(456, 1189, 4, 1, 20, 3, NULL, ''),
(457, 1193, 4, 2, 40, 5, NULL, ''),
(458, 1231, 4, 6, 108, 14, NULL, ''),
(459, 1244, 4, 2, 40, 5, NULL, ''),
(460, 1255, 4, 1, 30, 4, NULL, ''),
(461, 1256, 4, 2, 48, 6, NULL, ''),
(462, 1261, 4, 2, 24, 3, NULL, ''),
(463, 1268, 4, 13, 186, 25, NULL, ''),
(464, 1269, 4, 13, 186, 25, NULL, ''),
(465, 1272, 4, 2, 64, 8, NULL, ''),
(466, 1273, 4, 4, 108, 14, NULL, ''),
(467, 1275, 4, 1, 16, 2, NULL, ''),
(468, 1276, 4, 1, 0, 0, NULL, ''),
(469, 1279, 4, 2, 32, 4, NULL, 'Osman Ağaya'),
(470, 1280, 4, 9, 229, 25, NULL, 'Ürgüplü ??? Ağaya'),
(471, 1282, 4, 2, 40, 5, NULL, '???'),
(472, 1284, 4, 1, 0, 0, NULL, ''),
(473, 1285, 4, 1, 40, 5, NULL, 'Mehmed???'),
(474, 1285, 4, 2, 250, 0, NULL, ''),
(475, 1286, 4, 2, 32, 4, NULL, 'Nişli Ali Ağaya'),
(476, 1287, 4, 7, 204, 26, NULL, 'Ürgüplü ??? Ağaya'),
(477, 1288, 4, 3, 146, 20, NULL, 'Ürgüplü ??? Ağaya'),
(478, 1289, 4, 2, 128, 16, NULL, 'Ürgüplü ??? Ağaya'),
(479, 1290, 4, 2, 80, 10, NULL, 'Nişli Ali Ağaya'),
(480, 1293, 4, 4, 40, 5, NULL, 'Osman***__'),
(481, 1294, 4, 3, 110, 14, NULL, '???hacı efendi'),
(482, 1295, 4, 3, 0, 0, NULL, ''),
(483, 1298, 4, 1, 0, 0, NULL, ''),
(484, 1299, 4, 2, 16, 2, NULL, 'Osman Ağaya'),
(485, 1300, 4, 2, 16, 2, NULL, 'Ürgüplü Süleyman Beye'),
(486, 1302, 4, 2, 0, 0, NULL, ''),
(487, 1303, 4, 1, 16, 2, NULL, 'Mutiş:::???'),
(488, 1304, 4, 2, 48, 6, NULL, '??? Ali'),
(489, 1305, 4, 1, 40, 5, NULL, 'Muezzin Süleymana'),
(490, 1306, 4, 1, 48, 6, NULL, 'Muezzin...'),
(491, 1309, 4, 2, 40, 5, NULL, 'ççç'),
(492, 1310, 4, 2, 48, 6, NULL, 'Osman Ağa'),
(493, 1311, 4, 1, 40, 5, NULL, 'Molla Yusuf Ürgüplü'),
(494, 1312, 4, 2, 80, 10, NULL, 'Nüfüs Naziri Ali Ağaya'),
(495, 1313, 4, 4, 48, 6, NULL, 'Nüfüs Naziri Ali Ağaya'),
(496, 1314, 4, 3, 96, 12, NULL, 'Osman Ağa'),
(497, 1315, 4, 4, 0, 0, NULL, ''),
(498, 1316, 4, 4, 48, 6, NULL, 'Osman Ağa'),
(499, 1318, 4, 3, 48, 6, NULL, 'Osman Ağa'),
(500, 1319, 4, 2, 0, 0, NULL, ''),
(501, 1322, 4, 2, 160, 20, NULL, 'Osman Ağa'),
(502, 1410, 4, 4, 36, 36, NULL, 'Şehirköy Mehmed Ağa temettuuna kayıt'),
(503, 1, 5, 6, 300, 0, '', 'kita - 2'),
(504, 14, 5, 5, 200, 0, 'Niş civarında', ''),
(505, 15, 5, 2, 0, 0, '', 'cedid'),
(506, 124, 5, 1, 50, 0, '', 'maktu'),
(507, 132, 5, 3, 300, 0, '', 'maktuan'),
(508, 141, 5, 4, 300, 0, '', ''),
(509, 153, 5, 5, 200, 0, '', ''),
(510, 179, 5, 4, 200, 0, '', ''),
(511, 298, 5, 12, 500, 0, '', ''),
(512, 299, 5, 6, 350, 0, '', ''),
(513, 301, 5, 2, 63, 0, '', ''),
(514, 329, 5, 5, 100, 0, '', 'kita 1'),
(515, 341, 5, 2, 130, 0, '', ''),
(516, 416, 5, 1, 9, 0, '', ''),
(517, 482, 5, 2, 50, 0, '', ''),
(518, 536, 5, 13, 250, 0, '', ''),
(519, 652, 5, 3, 27, 0, '', ''),
(520, 716, 5, 4, 130, 0, 'istanbul kapısı', ''),
(521, 721, 5, 6, 300, 0, 'belgrad mh', 'kita 2 '),
(522, 731, 5, 3, 260, 0, 'belgrad mahallesi', ''),
(523, 738, 5, 6, 60, 0, 'belgrad mahallesi', 'hisse 0.5'),
(524, 752, 5, 3, 200, 0, 'istanbul kapısı', 'hisse 0.66'),
(525, 792, 5, 4, 300, 0, 'belgrad mahallesi', ''),
(526, 857, 5, 2, 200, 0, '', ''),
(527, 945, 5, 3, 200, 25, '', ''),
(528, 1009, 5, 2, 540, 0, '', ''),
(529, 1021, 5, 1, 540, 0, '', ''),
(530, 1028, 5, 3, 290, 250, '', ''),
(531, 1069, 5, 1, 450, 0, '', ''),
(532, 1078, 5, 2, 560, 70, '', ''),
(533, 1081, 5, 1, 0, 100, '', ''),
(534, 1160, 5, 8, 0, 450, '', ''),
(535, 1297, 5, 2, 0, 200, '', ''),
(536, 1309, 5, 3, 500, 0, '', ''),
(537, 1317, 5, 2, 580, 0, '', ''),
(538, 1326, 5, 1, 50, 0, '', ''),
(539, 1331, 5, 1, 150, 0, '', ''),
(540, 1378, 5, 1, 100, 0, '', ''),
(541, 1393, 5, 2, 0, 90, '???', ''),
(542, 1395, 5, 1, 50, 0, '', ''),
(543, 1407, 5, 1, 30, 0, '', ''),
(544, 1427, 5, 2, 80, 0, '', ''),
(545, 1434, 5, 1, 100, 0, '', ''),
(546, 1435, 5, 1, 60, 0, '', ''),
(547, 1436, 5, 1, 120, 0, '', ''),
(548, 1437, 5, 2, 150, 0, '', ''),
(549, 1438, 5, 2, 300, 0, '', ''),
(550, 141, 5, 0, 0, 0, 'goriçe', 'kita 1 muattal'),
(551, 212, 5, 0, 100, 0, '', 'kita 1 '),
(552, 214, 5, 0, 250, 0, '', 'kita 1'),
(553, 272, 5, 0, 240, 0, '', 'kita 2'),
(554, 304, 5, 0, 62, 0, '', 'kita 1 hisse 0.25'),
(555, 415, 5, 0, 82, 0, '', 'kita 1 '),
(556, 701, 5, 0, 420, 0, '', 'kita 2'),
(557, 1201, 5, 0, 0, 300, '', 'kita 1'),
(558, 1, 6, 4, 48, NULL, '', ''),
(559, 15, 6, 8, 84, NULL, '', 'bir muattal'),
(560, 124, 6, 5, 37, NULL, '', ''),
(561, 132, 6, 2, 0, NULL, '', 'cedid'),
(562, 141, 6, 7, 120, NULL, '', ''),
(563, 153, 6, 6, 72, NULL, '', ''),
(564, 298, 6, 4, 72, NULL, '', ''),
(565, 301, 6, 3, 30, NULL, '', ''),
(566, 329, 6, 3, 48, NULL, '', ''),
(567, 341, 6, 4, 48, NULL, '', ''),
(568, 416, 6, 2, 12, NULL, '', ''),
(569, 536, 6, 3, 24, NULL, '', ''),
(570, 716, 6, 7, 60, NULL, 'vela lapola', ''),
(571, 721, 6, 3, 36, NULL, '', ''),
(572, 731, 6, 5, 60, NULL, '', ''),
(573, 792, 6, 6, 72, NULL, '', ''),
(574, 857, 6, 1, 0, NULL, '', 'muattal'),
(575, 1009, 6, 3, 72, NULL, '', ''),
(576, 1028, 6, 4, 72, NULL, '?', ''),
(577, 1069, 6, 4, 96, NULL, 'Girofça', ''),
(578, 1081, 6, 12, 168, NULL, '', ''),
(579, 1160, 6, 40, 600, NULL, '', '3 kita'),
(580, 1297, 6, 40, 720, NULL, '', ''),
(581, 1309, 6, 3, 72, NULL, '', ''),
(582, 1317, 6, 2, 24, NULL, '', ''),
(583, 1326, 6, 3, 300, NULL, '', ''),
(584, 1331, 6, 4, 300, NULL, '', ''),
(585, 1378, 6, 3, 150, NULL, '', ''),
(586, 1393, 6, 2, 120, NULL, '', ''),
(587, 1395, 6, 2, 75, NULL, '', ''),
(588, 1407, 6, 4, 450, NULL, '', ''),
(589, 1427, 6, 12, 600, NULL, '', ''),
(590, 1436, 6, 8, 525, NULL, '', ''),
(591, 1438, 6, 2, 90, NULL, '', ''),
(592, 212, 6, 5, 60, NULL, '', ''),
(593, 214, 6, 5, 60, NULL, '', ''),
(594, 272, 6, 15, 200, NULL, '', ''),
(595, 415, 6, 6, 60, NULL, '', ''),
(596, 1201, 6, 5, 60, NULL, '', ''),
(597, 1, 6, 2, 0, NULL, '', 'muattal'),
(598, 2, 6, 3, 36, NULL, '', ''),
(599, 6, 6, 3, 36, NULL, '', ''),
(600, 13, 6, 10, 120, NULL, '', ''),
(601, 18, 6, 2, 24, NULL, 'Goriçe', ''),
(602, 26, 6, 2, 36, NULL, '', ''),
(603, 28, 6, 2, 24, NULL, '', ''),
(604, 35, 6, 12, 132, NULL, 'goriçe', ''),
(605, 35, 6, 4, 0, NULL, '', 'cedid'),
(606, 38, 6, 0, 4, NULL, '', ''),
(607, 44, 6, 8, 90, NULL, '', ''),
(608, 46, 6, 2, 24, NULL, '', ''),
(609, 49, 6, 3, 36, NULL, '', ''),
(610, 62, 6, 3, 48, NULL, '', ''),
(611, 66, 6, 2, 24, NULL, '', ''),
(612, 72, 6, 7, 96, NULL, '', ''),
(613, 79, 6, 13, 192, NULL, '', '5 kita'),
(614, 81, 6, 2, 24, NULL, '', ''),
(615, 84, 6, 3, 24, NULL, '', ''),
(616, 89, 6, 2, 18, NULL, '', ''),
(617, 91, 6, 2, 0, NULL, '', ''),
(618, 92, 6, 1, 12, NULL, '', ''),
(619, 102, 6, 1, 12, NULL, '', ''),
(620, 111, 6, 3, 30, NULL, '', ''),
(621, 112, 6, 1, 0, NULL, '', 'cedid'),
(622, 115, 6, 7, 84, NULL, '', ''),
(623, 116, 6, 14, 138, NULL, '', ''),
(624, 118, 6, 14, 162, NULL, '', '3 kita'),
(625, 121, 6, 2, 30, NULL, '', ''),
(626, 128, 6, 3, 36, NULL, '', ''),
(627, 133, 6, 7, 84, NULL, '', ''),
(628, 134, 6, 2, 24, NULL, '', ''),
(629, 136, 6, 3, 60, NULL, '', ''),
(630, 138, 6, 3, 36, NULL, '', ''),
(631, 146, 6, 1, 12, NULL, '', ''),
(632, 149, 6, 1, 12, NULL, '', ''),
(633, 164, 6, 2, 18, NULL, '', ''),
(634, 165, 6, 4, 60, NULL, '', ''),
(635, 170, 6, 9, 120, NULL, '', '3 kita'),
(636, 176, 6, 2, 24, NULL, '', ''),
(637, 177, 6, 2, 24, NULL, '', ''),
(638, 177, 6, 5, 0, NULL, '', 'cedid'),
(639, 186, 6, 1, 12, NULL, '', ''),
(640, 188, 6, 9, 108, NULL, '', ''),
(641, 193, 6, 3, 60, NULL, '', ''),
(642, 194, 6, 2, 24, NULL, '', ''),
(643, 198, 6, 2, 0, NULL, '', ''),
(644, 206, 6, 2, 48, NULL, '', ''),
(645, 211, 6, 3, 36, NULL, '', ''),
(646, 213, 6, 5, 50, NULL, '', ''),
(647, 215, 6, 3, 36, NULL, '', ''),
(648, 216, 6, 10, 100, NULL, '', ''),
(649, 218, 6, 2, 36, NULL, '', ''),
(650, 224, 6, 2, 15, NULL, '', ''),
(651, 227, 6, 7, 84, NULL, '', ''),
(652, 228, 6, 5, 60, NULL, '', ''),
(653, 229, 6, 4, 72, NULL, '', ''),
(654, 231, 6, 4, 48, NULL, '', ''),
(655, 234, 6, 2, 24, NULL, '', ''),
(656, 235, 6, 5, 60, NULL, '', ''),
(657, 236, 6, 2, 24, NULL, '', ''),
(658, 239, 6, 12, 180, NULL, '', ''),
(659, 242, 6, 2, 24, NULL, '', ''),
(660, 246, 6, 3, 48, NULL, '', ''),
(661, 247, 6, 6, 72, NULL, '', ''),
(662, 249, 6, 1, 12, NULL, '', ''),
(663, 254, 6, 4, 12, NULL, '', ''),
(664, 258, 6, 2, 18, NULL, '', ''),
(665, 259, 6, 5, 54, NULL, '', ''),
(666, 260, 6, 4, 48, NULL, '', ''),
(667, 267, 6, 4, 24, NULL, '', ''),
(668, 269, 6, 5, 60, NULL, '', ''),
(669, 273, 6, 2, 24, NULL, '', ''),
(670, 274, 6, 4, 48, NULL, '', ''),
(671, 276, 6, 3, 36, NULL, '', ''),
(672, 280, 6, 3, 36, NULL, '', ''),
(673, 281, 6, 5, 24, NULL, '', ''),
(674, 282, 6, 5, 60, NULL, '', ''),
(675, 291, 6, 1, 6, NULL, '', ''),
(676, 294, 6, 2, 28, NULL, '', ''),
(677, 297, 6, 3, 45, NULL, '', ''),
(678, 303, 6, 2, 18, NULL, '', ''),
(679, 305, 6, 2, 24, NULL, '', ''),
(680, 306, 6, 2, 24, NULL, '', ''),
(681, 313, 6, 3, 36, NULL, '', ''),
(682, 314, 6, 3, 54, NULL, '', ''),
(683, 315, 6, 2, 24, NULL, '', ''),
(684, 318, 6, 1, 12, NULL, '', ''),
(685, 320, 6, 2, 27, NULL, '', ''),
(686, 323, 6, 2, 27, NULL, '', ''),
(687, 325, 6, 8, 144, NULL, '', ''),
(688, 326, 6, 5, 90, NULL, '', ''),
(689, 329, 6, 4, 0, NULL, '', 'muattal'),
(690, 334, 6, 7, 84, NULL, '', ''),
(691, 334, 6, 850, 637, NULL, 'Gabrofça icara verilmiş', 'bir çok kita'),
(692, 336, 6, 18, 216, NULL, '', ''),
(693, 337, 6, 2, 18, NULL, '', ''),
(694, 347, 6, 3, 30, NULL, '', ''),
(695, 356, 6, 6, 99, NULL, '', ''),
(696, 357, 6, 5, 60, NULL, '', ''),
(697, 365, 6, 1, 12, NULL, '', ''),
(698, 366, 6, 2, 36, NULL, '', ''),
(699, 370, 6, 1, 12, NULL, '', ''),
(700, 374, 6, 4, 120, NULL, '', ''),
(701, 374, 6, 3, 0, NULL, '', 'cedid'),
(702, 376, 6, 2, 24, NULL, '', ''),
(703, 382, 6, 1, 12, NULL, '', ''),
(704, 385, 6, 4, 96, NULL, '', ''),
(705, 386, 6, 3, 24, NULL, '', ''),
(706, 387, 6, 3, 12, NULL, '', ''),
(707, 395, 6, 4, 24, NULL, '', ''),
(708, 402, 6, 1, 6, NULL, '', ''),
(709, 403, 6, 2, 0, NULL, '', ''),
(710, 405, 6, 3, 36, NULL, '', ''),
(711, 406, 6, 2, 18, NULL, '', ''),
(712, 417, 6, 1, 6, NULL, '', ''),
(713, 422, 6, 4, 0, NULL, '', 'muattal'),
(714, 434, 6, 2, 36, NULL, '', ''),
(715, 436, 6, 2, 12, NULL, '', ''),
(716, 453, 6, 2, 24, NULL, '', ''),
(717, 462, 6, 3, 12, NULL, '', ''),
(718, 470, 6, 3, 36, NULL, '', ''),
(719, 473, 6, 6, 36, NULL, '', ''),
(720, 474, 6, 4, 0, NULL, '', 'muattal'),
(721, 475, 6, 7, 48, NULL, '', ''),
(722, 477, 6, 3, 24, NULL, '', ''),
(723, 480, 6, 2, 18, NULL, '', ''),
(724, 487, 6, 2, 24, NULL, '', ''),
(725, 487, 6, 1, 0, NULL, '', 'cedid'),
(726, 495, 6, 4, 62, NULL, '', ''),
(727, 497, 6, 4, 0, NULL, '', 'cedid'),
(728, 500, 6, 4, 48, NULL, '', ''),
(729, 510, 6, 3, 36, NULL, '', ''),
(730, 519, 6, 7, 108, NULL, '', ''),
(731, 522, 6, 6, 84, NULL, 'Gorelina Karyesi', ''),
(732, 526, 6, 3, 36, NULL, '', ''),
(733, 532, 6, 3, 36, NULL, '', ''),
(734, 533, 6, 3, 24, NULL, '', ''),
(735, 540, 6, 1, 12, NULL, '', ''),
(736, 550, 6, 2, 18, NULL, '', ''),
(737, 551, 6, 3, 38, NULL, '', ''),
(738, 556, 6, 3, 60, NULL, 'Perotna', ''),
(739, 557, 6, 3, 0, NULL, '', 'cedid'),
(740, 558, 6, 3, 38, NULL, '', ''),
(741, 564, 6, 1, 12, NULL, '', ''),
(742, 571, 6, 2, 0, NULL, '', 'muattal'),
(743, 578, 6, 2, 18, NULL, '', ''),
(744, 579, 6, 4, 48, NULL, '', ''),
(745, 581, 6, 1, 12, NULL, '', ''),
(746, 583, 6, 2, 24, NULL, '', ''),
(747, 585, 6, 3, 38, NULL, '', ''),
(748, 586, 6, 2, 18, NULL, '', ''),
(749, 586, 6, 1, 0, NULL, '', 'cedid'),
(750, 596, 6, 3, 38, NULL, '', ''),
(751, 599, 6, 2, 24, NULL, '', ''),
(752, 623, 6, 2, 24, NULL, '', ''),
(753, 624, 6, 1, 12, NULL, '', ''),
(754, 625, 6, 2, 20, NULL, '', ''),
(755, 637, 6, 1, 12, NULL, '', ''),
(756, 643, 6, 2, 24, NULL, '', ''),
(757, 657, 6, 2, 24, NULL, '', ''),
(758, 699, 6, 2, 18, NULL, '', ''),
(759, 702, 6, 7, 112, NULL, '', ''),
(760, 703, 6, 16, 252, NULL, '??? Karyesi', ''),
(761, 704, 6, 23, 240, NULL, '', ''),
(762, 705, 6, 4, 18, NULL, '', ''),
(763, 714, 6, 4, 48, NULL, '', ''),
(764, 715, 6, 5, 60, NULL, '', ''),
(765, 718, 6, 2, 24, NULL, '', ''),
(766, 720, 6, 2, 18, NULL, '', ''),
(767, 723, 6, 3, 30, NULL, '', ''),
(768, 727, 6, 2, 24, NULL, '', ''),
(769, 728, 6, 3, 30, NULL, '', ''),
(770, 730, 6, 2, 24, NULL, '', ''),
(771, 732, 6, 3, 30, NULL, '', ''),
(772, 737, 6, 3, 30, NULL, '', ''),
(773, 740, 6, 3, 36, NULL, '', ''),
(774, 742, 6, 2, 24, NULL, '', ''),
(775, 743, 6, 2, 18, NULL, '', ''),
(776, 747, 6, 1, 12, NULL, '', ''),
(777, 751, 6, 4, 48, NULL, '', ''),
(778, 753, 6, 5, 60, NULL, '', ''),
(779, 759, 6, 3, 36, NULL, '', ''),
(780, 771, 6, 3, 36, NULL, '', ''),
(781, 774, 6, 7, 84, NULL, '', ''),
(782, 781, 6, 5, 54, NULL, '', ''),
(783, 786, 6, 2, 24, NULL, '', ''),
(784, 789, 6, 1, 12, NULL, '', ''),
(785, 799, 6, 5, 60, NULL, '', ''),
(786, 807, 6, 3, 30, NULL, '', ''),
(787, 818, 6, 3, 36, NULL, '', ''),
(788, 825, 6, 3, 36, NULL, '', ''),
(789, 828, 6, 7, 84, NULL, '', ''),
(790, 830, 6, 1, 0, NULL, '', 'muattal'),
(791, 835, 6, 5, 72, NULL, '', ''),
(792, 840, 6, 4, 48, NULL, '', ''),
(793, 841, 6, 2, 24, NULL, '', ''),
(794, 842, 6, 15, 274, NULL, '', ''),
(795, 848, 6, 1, 0, NULL, '', 'muattal'),
(796, 854, 6, 3, 36, NULL, '', ''),
(797, 855, 6, 6, 60, NULL, '', ''),
(798, 858, 6, 4, 14, NULL, '', ''),
(799, 859, 6, 8, 60, NULL, '', ''),
(800, 860, 6, 3, 36, NULL, '', ''),
(801, 861, 6, 2, 24, NULL, '', ''),
(802, 862, 6, 14, 180, NULL, '', '5 kita'),
(803, 871, 6, 3, 60, NULL, '', ''),
(804, 875, 6, 8, 120, NULL, '', ''),
(805, 876, 6, 9, 144, NULL, '', ''),
(806, 877, 6, 6, 120, NULL, '', ''),
(807, 878, 6, 3, 80, NULL, '', ''),
(808, 879, 6, 7, 120, NULL, '', ''),
(809, 880, 6, 4, 60, NULL, '', ''),
(810, 881, 6, 3, 30, NULL, '', ''),
(811, 882, 6, 3, 36, NULL, '', ''),
(812, 883, 6, 3, 36, NULL, '', ''),
(813, 884, 6, 5, 96, NULL, '', ''),
(814, 885, 6, 9, 132, NULL, '', ''),
(815, 886, 6, 3, 36, NULL, '', ''),
(816, 887, 6, 2, 24, NULL, '', ''),
(817, 888, 6, 3, 72, NULL, '', ''),
(818, 889, 6, 6, 120, NULL, '', ''),
(819, 891, 6, 3, 60, NULL, '', ''),
(820, 892, 6, 7, 100, NULL, '', ''),
(821, 893, 6, 2, 42, NULL, '', ''),
(822, 895, 6, 4, 48, NULL, '', ''),
(823, 897, 6, 5, 96, NULL, '', ''),
(824, 898, 6, 2, 24, NULL, '', ''),
(825, 899, 6, 8, 120, NULL, '', ''),
(826, 900, 6, 3, 60, NULL, '', ''),
(827, 901, 6, 15, 240, NULL, '', ''),
(828, 902, 6, 4, 72, NULL, '', ''),
(829, 904, 6, 5, 60, NULL, '', ''),
(830, 905, 6, 8, 168, NULL, '', ''),
(831, 909, 6, 1, 12, NULL, '', ''),
(832, 910, 6, 3, 36, NULL, '', ''),
(833, 911, 6, 2, 24, NULL, '', ''),
(834, 912, 6, 3, 36, NULL, '', ''),
(835, 913, 6, 2, 30, NULL, '', ''),
(836, 914, 6, 4, 60, NULL, '', ''),
(837, 915, 6, 4, 48, NULL, '', ''),
(838, 919, 6, 4, 48, NULL, '', ''),
(839, 920, 6, 5, 84, NULL, '', ''),
(840, 922, 6, 8, 96, NULL, '', ''),
(841, 923, 6, 3, 30, NULL, '', ''),
(842, 924, 6, 6, 144, NULL, '', ''),
(843, 926, 6, 5, 180, NULL, '', ''),
(844, 927, 6, 3, 96, NULL, '', ''),
(845, 928, 6, 3, 30, NULL, '', ''),
(846, 929, 6, 3, 60, NULL, '', ''),
(847, 930, 6, 3, 37, NULL, '', ''),
(848, 931, 6, 2, 24, NULL, '', ''),
(849, 932, 6, 4, 144, NULL, '', ''),
(850, 934, 6, 3, 60, NULL, '', ''),
(851, 935, 6, 3, 60, NULL, '', ''),
(852, 936, 6, 3, 96, NULL, '', ''),
(853, 937, 6, 7, 96, NULL, '', ''),
(854, 938, 6, 3, 60, NULL, '', ''),
(855, 939, 6, 3, 48, NULL, '', ''),
(856, 940, 6, 3, 72, NULL, '', ''),
(857, 941, 6, 4, 144, NULL, '', ''),
(858, 942, 6, 11, 180, NULL, '', ''),
(859, 943, 6, 1, 12, NULL, '', ''),
(860, 944, 6, 3, 36, NULL, '', ''),
(861, 947, 6, 5, 84, NULL, '', ''),
(862, 948, 6, 1, 12, NULL, '', ''),
(863, 949, 6, 5, 108, NULL, '', ''),
(864, 951, 6, 2, 36, NULL, '', ''),
(865, 953, 6, 4, 60, NULL, '', ''),
(866, 955, 6, 5, 60, NULL, '', ''),
(867, 956, 6, 2, 36, NULL, '', ''),
(868, 957, 6, 3, 36, NULL, '', ''),
(869, 959, 6, 5, 72, NULL, '', ''),
(870, 960, 6, 3, 54, NULL, '', ''),
(871, 961, 6, 3, 48, NULL, '', ''),
(872, 962, 6, 4, 48, NULL, '', ''),
(873, 963, 6, 4, 36, NULL, '', ''),
(874, 964, 6, 12, 186, NULL, '', ''),
(875, 966, 6, 14, 120, NULL, '', ''),
(876, 967, 6, 4, 48, NULL, '', ''),
(877, 969, 6, 11, 144, NULL, '*', ''),
(878, 970, 6, 5, 60, NULL, '', ''),
(879, 971, 6, 5, 60, NULL, '', ''),
(880, 972, 6, 3, 36, NULL, '', ''),
(881, 973, 6, 6, 72, NULL, '', ''),
(882, 974, 6, 4, 42, NULL, '', ''),
(883, 975, 6, 2, 48, NULL, '', ''),
(884, 976, 6, 1, 18, NULL, '', ''),
(885, 977, 6, 6, 72, NULL, '', ''),
(886, 978, 6, 8, 96, NULL, '', ''),
(887, 979, 6, 2, 18, NULL, '', ''),
(888, 980, 6, 6, 72, NULL, '', ''),
(889, 981, 6, 3, 120, NULL, '', ''),
(890, 983, 6, 2, 18, NULL, '', ''),
(891, 984, 6, 8, 96, NULL, '', ''),
(892, 985, 6, 4, 60, NULL, '', ''),
(893, 986, 6, 4, 60, NULL, '', ''),
(894, 987, 6, 4, 60, NULL, 'korlinede', ''),
(895, 988, 6, 2, 24, NULL, '', ''),
(896, 989, 6, 5, 120, NULL, '', ''),
(897, 990, 6, 5, 60, NULL, 'Pasya Polata', ''),
(898, 991, 6, 3, 30, NULL, '', ''),
(899, 993, 6, 5, 54, NULL, 'vlasa', ''),
(900, 994, 6, 6, 84, NULL, '', ''),
(901, 995, 6, 2, 18, NULL, 'korline', ''),
(902, 997, 6, 2, 24, NULL, '', ''),
(903, 998, 6, 4, 120, NULL, '?', ''),
(904, 999, 6, 5, 72, NULL, 'korline', ''),
(905, 1000, 6, 2, 36, NULL, '', ''),
(906, 1000, 6, 2, 0, NULL, '', 'cedid'),
(907, 1001, 6, 2, 120, NULL, '', ''),
(908, 1003, 6, 2, 36, NULL, '', ''),
(909, 1004, 6, 8, 144, NULL, '', ''),
(910, 1005, 6, 5, 72, NULL, '', ''),
(911, 1006, 6, 4, 48, NULL, 'korline', ''),
(912, 1007, 6, 3, 36, NULL, '', ''),
(913, 1008, 6, 6, 96, NULL, '', ''),
(914, 1010, 6, 5, 104, NULL, '', ''),
(915, 1011, 6, 1, 12, NULL, '', ''),
(916, 1013, 6, 4, 48, NULL, '', ''),
(917, 1014, 6, 2, 36, NULL, '', ''),
(918, 1014, 6, 2, 0, NULL, '', 'cedid'),
(919, 1015, 6, 2, 48, NULL, '', ''),
(920, 1015, 6, 2, 0, NULL, '', 'cedid'),
(921, 1016, 6, 2, 48, NULL, '', ''),
(922, 1017, 6, 3, 96, NULL, '', ''),
(923, 1018, 6, 2, 72, NULL, '', ''),
(924, 1020, 6, 3, 60, NULL, '', ''),
(925, 1022, 6, 4, 72, NULL, '', ''),
(926, 1023, 6, 3, 60, NULL, '', ''),
(927, 1024, 6, 3, 36, NULL, '', ''),
(928, 1031, 6, 6, 86, NULL, '', ''),
(929, 1032, 6, 3, 36, NULL, '', ''),
(930, 1033, 6, 1, 12, NULL, '', ''),
(931, 1037, 6, 7, 78, NULL, '', ''),
(932, 1038, 6, 5, 0, NULL, '', 'cedid'),
(933, 1039, 6, 3, 36, NULL, '', ''),
(934, 1040, 6, 5, 72, NULL, '', ''),
(935, 1041, 6, 3, 36, NULL, '', ''),
(936, 1042, 6, 4, 48, NULL, '', ''),
(937, 1043, 6, 1, 12, NULL, '', ''),
(938, 1046, 6, 4, 72, NULL, '', ''),
(939, 1047, 6, 6, 96, NULL, '', ''),
(940, 1048, 6, 2, 72, NULL, '', ''),
(941, 1049, 6, 5, 54, NULL, '', ''),
(942, 1052, 6, 2, 36, NULL, '', ''),
(943, 1054, 6, 3, 18, NULL, '', ''),
(944, 1055, 6, 5, 108, NULL, 'a', ''),
(945, 1057, 6, 2, 48, NULL, 'Girofça', ''),
(946, 1058, 6, 3, 72, NULL, '', ''),
(947, 1059, 6, 2, 72, NULL, '', ''),
(948, 1060, 6, 3, 24, NULL, 'Girofça', ''),
(949, 1061, 6, 2, 60, NULL, '', ''),
(950, 1062, 6, 2, 60, NULL, 'Girofça', ''),
(951, 1063, 6, 7, 90, NULL, 'Kurlina', ''),
(952, 1064, 6, 4, 72, NULL, '', ''),
(953, 1065, 6, 2, 24, NULL, '', ''),
(954, 1066, 6, 7, 168, NULL, '', ''),
(955, 1066, 6, 3, 0, NULL, '', 'cedid'),
(956, 1067, 6, 3, 72, NULL, '', ''),
(957, 1068, 6, 3, 72, NULL, 'İvlasa', ''),
(958, 1070, 6, 3, 36, NULL, 'İvlasa', ''),
(959, 1071, 6, 11, 186, NULL, '', ''),
(960, 1073, 6, 2, 0, NULL, 'İvlasa', 'cedid'),
(961, 1074, 6, 8, 150, NULL, '', ''),
(962, 1075, 6, 2, 36, NULL, '', ''),
(963, 1076, 6, 8, 144, NULL, '', ''),
(964, 1077, 6, 2, 27, NULL, '', ''),
(965, 1079, 6, 3, 54, NULL, '', ''),
(966, 1082, 6, 3, 75, NULL, '', ''),
(967, 1086, 6, 2, 36, NULL, '', ''),
(968, 1087, 6, 4, 72, NULL, '', ''),
(969, 1089, 6, 4, 60, NULL, '', ''),
(970, 1090, 6, 3, 45, NULL, '', ''),
(971, 1092, 6, 3, 45, NULL, '', ''),
(972, 1093, 6, 5, 90, NULL, '', ''),
(973, 1094, 6, 1, 12, NULL, '', ''),
(974, 1095, 6, 11, 136, NULL, '', ''),
(975, 1098, 6, 5, 54, NULL, '', ''),
(976, 1099, 6, 4, 42, NULL, '', ''),
(977, 1100, 6, 2, 24, NULL, '', ''),
(978, 1101, 6, 2, 36, NULL, 'Kuralin', ''),
(979, 1102, 6, 7, 129, NULL, '', ''),
(980, 1103, 6, 2, 24, NULL, '', ''),
(981, 1105, 6, 5, 60, NULL, 'Samodol ve Bravsin', ''),
(982, 1106, 6, 4, 48, NULL, 'İvlasa', ''),
(983, 1109, 6, 4, 72, NULL, '', ''),
(984, 1109, 6, 2, 0, NULL, 'Ürgüp kazasında ... Karyesinde', ''),
(985, 1111, 6, 4, 75, NULL, '', ''),
(986, 1112, 6, 3, 72, NULL, '', ''),
(987, 1113, 6, 4, 42, NULL, '', ''),
(988, 1114, 6, 8, 144, NULL, 'Girofça 5', ''),
(989, 1116, 6, 6, 66, NULL, 'Fişoğlu Bair 1.5', ''),
(990, 1117, 6, 2, 0, NULL, '', 'cedid'),
(991, 1118, 6, 2, 18, NULL, '', ''),
(992, 1119, 6, 3, 30, NULL, '', ''),
(993, 1120, 6, 3, 36, NULL, '', ''),
(994, 1122, 6, 11, 192, NULL, 'İvlasya ve Korlina', ''),
(995, 1123, 6, 3, 36, NULL, '', '1 kita'),
(996, 1124, 6, 3, 60, NULL, '', ''),
(997, 1125, 6, 2, 24, NULL, '', ' 1 kita'),
(998, 1127, 6, 5, 120, NULL, 'İvlas', ''),
(999, 1128, 6, 1, 36, NULL, '', ''),
(1000, 1129, 6, 2, 48, NULL, '', ''),
(1001, 1130, 6, 5, 90, NULL, '', ''),
(1002, 1131, 6, 6, 144, NULL, 'Pasya Polina ve Sahodol', ''),
(1003, 1132, 6, 2, 48, NULL, '', ''),
(1004, 1135, 6, 3, 12, NULL, '', '1 kita'),
(1005, 1136, 6, 12, 216, NULL, '', ''),
(1006, 1137, 6, 5, 90, NULL, '', ''),
(1007, 1139, 6, 5, 60, NULL, '', ''),
(1008, 1140, 6, 3, 54, NULL, '', ''),
(1009, 1142, 6, 5, 60, NULL, '', ''),
(1010, 1144, 6, 6, 108, NULL, 'sohodol', ''),
(1011, 1144, 6, 1, 0, NULL, 'sohodol', 'cedid'),
(1012, 1146, 6, 3, 60, NULL, '', ''),
(1013, 1147, 6, 2, 36, NULL, '', ''),
(1014, 1148, 6, 6, 78, NULL, '', ''),
(1015, 1149, 6, 25, 600, NULL, '', ''),
(1016, 1153, 6, 5, 630, NULL, '', ''),
(1017, 1154, 6, 4, 48, NULL, '', ''),
(1018, 1155, 6, 3, 120, NULL, 'İvlasa', ''),
(1019, 1156, 6, 3, 42, NULL, '', ''),
(1020, 1157, 6, 10, 216, NULL, 'Girofça', '2 kita'),
(1021, 1161, 6, 1, 12, NULL, '', ''),
(1022, 1162, 6, 6, 108, NULL, '', ''),
(1023, 1163, 6, 5, 60, NULL, '', ''),
(1024, 1164, 6, 2, 24, NULL, '', ''),
(1025, 1165, 6, 2, 48, NULL, '', ''),
(1026, 1166, 6, 3, 55, NULL, '', ''),
(1027, 1167, 6, 3, 36, NULL, '', ''),
(1028, 1169, 6, 3, 36, NULL, '', '1 kita'),
(1029, 1170, 6, 2, 36, NULL, 'İvlasa', ''),
(1030, 1171, 6, 5, 72, NULL, '', ''),
(1031, 1172, 6, 3, 33, NULL, '', ''),
(1032, 1173, 6, 5, 120, NULL, '', ''),
(1033, 1174, 6, 2, 48, NULL, '', ''),
(1034, 1176, 6, 5, 60, NULL, '', ''),
(1035, 1177, 6, 7, 96, NULL, '', ''),
(1036, 1178, 6, 2, 24, NULL, '', ''),
(1037, 1180, 6, 4, 72, NULL, '', ''),
(1038, 1182, 6, 4, 42, NULL, '', ''),
(1039, 1184, 6, 5, 60, NULL, 'İvlasa', ''),
(1040, 1185, 6, 2, 36, NULL, 'Samodol', ''),
(1041, 1186, 6, 1, 18, NULL, 'Kurmin', ''),
(1042, 1187, 6, 4, 72, NULL, '', ''),
(1043, 1188, 6, 2, 0, NULL, '', 'cedid'),
(1044, 1189, 6, 4, 72, NULL, 'İvlasa', ''),
(1045, 1190, 6, 3, 36, NULL, '', ''),
(1046, 1191, 6, 2, 43, NULL, '', '1 kita'),
(1047, 1193, 6, 1, 0, NULL, '', 'cedid'),
(1048, 1195, 6, 2, 27, NULL, 'İvlasa', ''),
(1049, 1196, 6, 6, 108, NULL, 'Sohodol', ''),
(1050, 1197, 6, 5, 120, NULL, 'Kurline', ''),
(1051, 1199, 6, 9, 120, NULL, 'İvlasa ve Kudul', '2 kita'),
(1052, 1202, 6, 2, 60, NULL, '', ''),
(1053, 1204, 6, 6, 94, NULL, '', ''),
(1054, 1205, 6, 2, 18, NULL, '', ''),
(1055, 1206, 6, 4, 48, NULL, '', ''),
(1056, 1207, 6, 5, 60, NULL, '', '2 kita'),
(1057, 1211, 6, 8, 144, NULL, '', '1 kita'),
(1058, 1212, 6, 4, 36, NULL, 'Kuline', ''),
(1059, 1213, 6, 5, 48, NULL, '', '1 kita'),
(1060, 1214, 6, 4, 48, NULL, '', ''),
(1061, 1215, 6, 5, 60, NULL, '', '2 kita bir hisse validesinin'),
(1062, 1216, 6, 4, 72, NULL, '', '1 kita'),
(1063, 1217, 6, 8, 140, NULL, 'dört dönüm Kurlin', '2 kita'),
(1064, 1220, 6, 6, 72, NULL, '', '1 kita'),
(1065, 1222, 6, 5, 72, NULL, '', '?'),
(1066, 1223, 6, 6, 72, NULL, '', ''),
(1067, 1226, 6, 2, 48, NULL, 'İvlasa', '1 kita'),
(1068, 1227, 6, 3, 48, NULL, '', '1 kita'),
(1069, 1228, 6, 3, 36, NULL, '', ''),
(1070, 1230, 6, 2, 36, NULL, '', ''),
(1071, 1231, 6, 3, 30, NULL, '', ''),
(1072, 1232, 6, 2, 24, NULL, '', ''),
(1073, 1233, 6, 7, 84, NULL, '', ''),
(1074, 1234, 6, 3, 84, NULL, 'İvlasa', '2 kita'),
(1075, 1235, 6, 3, 36, NULL, '', ''),
(1076, 1237, 6, 2, 24, NULL, '', ''),
(1077, 1238, 6, 9, 162, NULL, '', ''),
(1078, 1238, 6, 3, 0, NULL, '', 'muattal'),
(1079, 1239, 6, 4, 48, NULL, '', ''),
(1080, 1240, 6, 4, 120, NULL, '', ''),
(1081, 1241, 6, 4, 72, NULL, '', ''),
(1082, 1242, 6, 5, 95, NULL, '', ''),
(1083, 1243, 6, 2, 12, NULL, '', ''),
(1084, 1244, 6, 6, 144, NULL, 'Pasya Yolunda ', '1'),
(1085, 1245, 6, 2, 24, NULL, '', ''),
(1086, 1246, 6, 4, 120, NULL, 'Sohodol', ''),
(1087, 1249, 6, 2, 12, NULL, '', ''),
(1088, 1250, 6, 7, 180, NULL, '', ''),
(1089, 1250, 6, 3, 0, NULL, '', 'muattal'),
(1090, 1251, 6, 6, 108, NULL, '', ''),
(1091, 1253, 6, 2, 24, NULL, '', ''),
(1092, 1255, 6, 1, 12, NULL, '', ''),
(1093, 1256, 6, 1, 12, NULL, '', ''),
(1094, 1257, 6, 5, 120, NULL, 'Gölde?', ''),
(1095, 1258, 6, 5, 96, NULL, 'Sahodol', '1 kita'),
(1096, 1261, 6, 2, 36, NULL, '', ''),
(1097, 1263, 6, 10, 148, NULL, '', ''),
(1098, 1264, 6, 4, 72, NULL, '', ''),
(1099, 1265, 6, 2, 24, NULL, '', ''),
(1100, 1267, 6, 2, 0, NULL, '', 'cedid'),
(1101, 1268, 6, 2, 36, NULL, '', ''),
(1102, 1269, 6, 1, 12, NULL, '', '1 kita'),
(1103, 1272, 6, 3, 94, NULL, '', '2 kita'),
(1104, 1274, 6, 5, 96, NULL, 'iki dönüm gayrı fiçede', '2 kita'),
(1105, 1275, 6, 12, 360, NULL, '', ''),
(1106, 1276, 6, 3, 60, NULL, '', ''),
(1107, 1277, 6, 12, 360, NULL, '', ''),
(1108, 1278, 6, 2, 24, NULL, '', ''),
(1109, 1279, 6, 2, 72, NULL, '', ''),
(1110, 1280, 6, 10, 240, NULL, '', ''),
(1111, 1281, 6, 3, 120, NULL, 'a', ''),
(1112, 1284, 6, 4, 72, NULL, '', ''),
(1113, 1285, 6, 8, 180, NULL, '', ''),
(1114, 1286, 6, 6, 144, NULL, '', ''),
(1115, 1287, 6, 7, 240, NULL, '', ''),
(1116, 1288, 6, 6, 180, NULL, 'a', ''),
(1117, 1289, 6, 5, 144, NULL, 'a', ''),
(1118, 1290, 6, 7, 180, NULL, '', ''),
(1119, 1293, 6, 9, 180, NULL, '', ''),
(1120, 1294, 6, 9, 280, NULL, '', ''),
(1121, 1295, 6, 5, 180, NULL, '', ''),
(1122, 1296, 6, 8, 212, NULL, '', ''),
(1123, 1298, 6, 10, 240, NULL, '', ''),
(1124, 1299, 6, 3, 280, NULL, '', ''),
(1125, 1300, 6, 3, 48, NULL, '', ''),
(1126, 1301, 6, 3, 84, NULL, '', ''),
(1127, 1302, 6, 2, 36, NULL, '', ''),
(1128, 1303, 6, 8, 120, NULL, '', ''),
(1129, 1304, 6, 6, 144, NULL, '', ''),
(1130, 1305, 6, 4, 100, NULL, '', ''),
(1131, 1310, 6, 8, 96, NULL, '', ''),
(1132, 1312, 6, 5, 120, NULL, '', ''),
(1133, 1313, 6, 4, 144, NULL, '', ''),
(1134, 1314, 6, 7, 150, NULL, '', ''),
(1135, 1315, 6, 3, 0, NULL, '', ''),
(1136, 1316, 6, 3, 30, NULL, '', ''),
(1137, 1318, 6, 8, 140, NULL, '', ''),
(1138, 1319, 6, 7, 520, NULL, 'a', ''),
(1139, 1325, 6, 2, 165, NULL, '', ''),
(1140, 1328, 6, 5, 450, NULL, '', ''),
(1141, 1329, 6, 2, 75, NULL, '', ''),
(1142, 1330, 6, 3, 225, NULL, '', ''),
(1143, 1332, 6, 2, 105, NULL, '', ''),
(1144, 1333, 6, 2, 255, NULL, '', ''),
(1145, 1335, 6, 3, 90, NULL, '', ''),
(1146, 1336, 6, 3, 150, NULL, '', ''),
(1147, 1337, 6, 2, 45, NULL, '', ''),
(1148, 1338, 6, 2, 150, NULL, '', ''),
(1149, 1339, 6, 2, 45, NULL, '', ''),
(1150, 1340, 6, 5, 225, NULL, '', 'Okum Oğlu Gogonun'),
(1151, 1341, 6, 2, 120, NULL, '', ''),
(1152, 1342, 6, 2, 225, NULL, '', ''),
(1153, 1343, 6, 6, 750, NULL, '', ''),
(1154, 1344, 6, 3, 300, NULL, '', ''),
(1155, 1345, 6, 2, 150, NULL, '', ''),
(1156, 1353, 6, 2, 90, NULL, '', ''),
(1157, 1355, 6, 3, 120, NULL, '', ''),
(1158, 1357, 6, 2, 105, NULL, '', ''),
(1159, 1359, 6, 7, 600, NULL, '', ''),
(1160, 1360, 6, 2, 120, NULL, '', ''),
(1161, 1361, 6, 3, 345, NULL, '', ''),
(1162, 1362, 6, 2, 90, NULL, '', ''),
(1163, 1362, 6, 3, 0, NULL, '', 'cedid'),
(1164, 1363, 6, 3, 225, NULL, '', ''),
(1165, 1365, 6, 3, 45, NULL, '', ''),
(1166, 1366, 6, 3, 120, NULL, '', ''),
(1167, 1368, 6, 3, 90, NULL, '', ''),
(1168, 1371, 6, 2, 75, NULL, '', ''),
(1169, 1373, 6, 4, 150, NULL, '', '2 dönüm zevcesinin'),
(1170, 1376, 6, 3, 75, NULL, '', ''),
(1171, 1377, 6, 3, 30, NULL, '', ''),
(1172, 1381, 6, 2, 75, NULL, '', ''),
(1173, 1382, 6, 2, 30, NULL, '', ''),
(1174, 1383, 6, 2, 90, NULL, '', ''),
(1175, 1385, 6, 3, 190, NULL, '', ''),
(1176, 1386, 6, 5, 195, NULL, '', ''),
(1177, 1387, 6, 3, 225, NULL, '', ''),
(1178, 1388, 6, 2, 225, NULL, '', ''),
(1179, 1391, 6, 3, 135, NULL, '', ''),
(1180, 1392, 6, 3, 190, NULL, '', ''),
(1181, 1397, 6, 4, 225, NULL, '', ''),
(1182, 1399, 6, 3, 165, NULL, '', ''),
(1183, 1400, 6, 2, 180, NULL, '', ''),
(1184, 1406, 6, 3, 105, NULL, '', ''),
(1185, 1408, 6, 3, 145, NULL, '', ''),
(1186, 1411, 6, 1, 90, NULL, '', ''),
(1187, 1412, 6, 3, 225, NULL, '', ''),
(1188, 1413, 6, 4, 120, NULL, '', ''),
(1189, 1416, 6, 1, 78, NULL, '', ''),
(1190, 1417, 6, 3, 0, NULL, '', ''),
(1191, 1419, 6, 5, 225, NULL, '', ''),
(1192, 1421, 6, 2, 75, NULL, '', ''),
(1193, 1422, 6, 2, 75, NULL, '', ''),
(1194, 1423, 6, 2, 75, NULL, '', ''),
(1195, 1424, 6, 3, 75, NULL, '', ''),
(1196, 1425, 6, 4, 225, NULL, '', ''),
(1197, 1426, 6, 4, 225, NULL, '', ''),
(1198, 1431, 6, 2, 150, NULL, '', ''),
(1199, 1432, 6, 4, 120, NULL, '', ''),
(1200, 1442, 6, 3, 180, NULL, '', ''),
(1201, 1443, 6, 3, 180, NULL, '', ''),
(1202, 1445, 6, 6, 72, NULL, '', ''),
(1203, 1447, 6, 4, 48, NULL, '', ''),
(1204, 1083, 6, 0, 72, NULL, '', ''),
(1205, 716, 6, 0, 24, NULL, 'vela lapola ', 'icara verdiği'),
(1206, 1176, 6, 0, 80, NULL, 'arnavut pazarı bağlar', ''),
(1207, 1224, 6, 0, 72, NULL, 'kısmen Fiş Oğlu Bayir', '35??? kita'),
(1208, 1, 7, 80, 1600, NULL, '', ''),
(1209, 124, 7, 7, 140, NULL, '', ''),
(1210, 298, 7, 7, 140, NULL, '', ''),
(1211, 301, 7, 12, 240, NULL, '', ''),
(1212, 329, 7, 20, 400, NULL, '', ''),
(1213, 536, 7, 30, 600, NULL, '', ''),
(1214, 716, 7, 3, 60, NULL, 'vela lapola', ''),
(1215, 1160, 7, 150, 300, NULL, 'çiftlik dahilinde', ''),
(1216, 1297, 7, 5, 75, NULL, '', ''),
(1217, 1407, 7, 2, 40, NULL, '', ''),
(1218, 1427, 7, 8, 160, NULL, 'Sudurun mizrasında', ''),
(1219, 415, 7, 13, 260, NULL, '', ''),
(1220, 6, 7, 15, 300, NULL, '', '3 kita'),
(1221, 13, 7, 20, 400, NULL, '', ''),
(1222, 18, 7, 25, 500, NULL, 'Yoşa', ''),
(1223, 115, 7, 10, 200, NULL, '', ''),
(1224, 165, 7, 10, 200, NULL, '', ''),
(1225, 186, 7, 10, 200, NULL, '', ''),
(1226, 188, 7, 30, 600, NULL, '', ''),
(1227, 313, 7, 10, 200, NULL, '', ''),
(1228, 314, 7, 8, 160, NULL, 'Drajiçe', ''),
(1229, 318, 7, 7, 140, NULL, 'Bayna Sahrası', ''),
(1230, 334, 7, 15, 300, NULL, '', ''),
(1231, 374, 7, 12, 240, NULL, '', ''),
(1232, 403, 7, 4, 80, NULL, '', ''),
(1233, 532, 7, 4, 80, NULL, '', ''),
(1234, 556, 7, 9, 180, NULL, '', ''),
(1235, 558, 7, 16, 320, NULL, '', ''),
(1236, 564, 7, 2, 40, NULL, '', ''),
(1237, 702, 7, 15, 300, NULL, 'nişava kenarında', ''),
(1238, 1149, 7, 110, 2200, NULL, 'Topolniçe', ''),
(1239, 1153, 7, 18, 0, NULL, 'Maloşna', ''),
(1240, 1277, 7, 3, 45, NULL, '', ''),
(1241, 1343, 7, 2, 40, NULL, '', ''),
(1242, 1344, 7, 4, 80, NULL, '', ''),
(1243, 1397, 7, 3, 60, NULL, '', ''),
(1244, 1425, 7, 2, 40, NULL, '???', ''),
(1245, 1426, 7, 2, 40, NULL, 'Sudurun mizrasında', ''),
(1246, 1432, 7, 2, 40, NULL, '', ''),
(1247, 716, 7, 50, 1000, NULL, 'Bubna', ''),
(1248, 14, 7, 4, 80, NULL, 'Topolniçe', '0.25 Hisse'),
(1249, 299, 7, 4, 80, NULL, '', ''),
(1250, 738, 7, 16, 320, NULL, 'trupala', ''),
(1251, 752, 7, 8, 100, NULL, '', ''),
(1252, 304, 7, 12, 240, NULL, '', ''),
(1253, 8, 7, 2, 40, NULL, '', ''),
(1254, 14, 7, 20, 400, NULL, 'Boyna', '0.5 Hisse'),
(1255, 57, 7, 16, 320, NULL, '', ''),
(1256, 71, 7, 6, 120, NULL, '', ''),
(1257, 140, 7, 3, 60, NULL, '', ''),
(1258, 307, 7, 12, 240, NULL, '', ''),
(1259, 308, 7, 2, 40, NULL, '', ''),
(1260, 319, 7, 30, 600, NULL, 'Bubna', ''),
(1261, 342, 7, 16, 320, NULL, '', ''),
(1262, 484, 7, 3, 60, NULL, '', ''),
(1263, 520, 7, 3, 60, NULL, 'Breska Karyesi', ''),
(1264, 535, 7, 30, 600, NULL, '', ''),
(1265, 588, 7, 10, 200, NULL, '', ''),
(1266, 713, 7, 20, 400, NULL, 'Bubna', '0.5 Hisse'),
(1267, 716, 7, 82, 1640, NULL, 'Niş civarında', 'Paşa çayirir'),
(1268, 722, 7, 8, 160, NULL, 'bubna', ''),
(1269, 738, 7, 4, 80, NULL, 'topolniçe', ''),
(1270, 795, 7, 3, 60, NULL, 'hana muttasıl', ''),
(1271, 1160, 7, 3, 0, NULL, 'leskofçada', ''),
(1272, 1327, 7, 3, 60, NULL, '', ''),
(1273, 1428, 7, 3, 60, NULL, '', ''),
(1274, 212, 7, 0, 1400, NULL, '', '1 kita'),
(1275, 214, 7, 0, 400, NULL, '', '1.5 kita 22 Araba'),
(1276, 215, 7, 0, 200, NULL, '', '0.5 kita 15 Araba'),
(1277, 282, 7, 0, 375, NULL, 'Niş civarında', 'belirsiz Hisse'),
(1278, 840, 7, 0, 140, NULL, '', '3 kita 7 Araba'),
(1279, 861, 7, 0, 180, NULL, '', '9 Araba'),
(1280, 702, 7, 0, 500, NULL, 'Topulniçe karyesi ', 'dönüm yazmıyor 0.33 Hisse'),
(1281, 850, 7, 0, 60, NULL, '', '1 kita 3 Araba'),
(1282, 1160, 8, NULL, NULL, NULL, NULL, NULL),
(1283, 415, 8, NULL, NULL, NULL, NULL, NULL),
(1284, 13, 8, NULL, NULL, NULL, NULL, NULL),
(1285, 186, 8, NULL, NULL, NULL, NULL, NULL),
(1286, 374, 8, NULL, NULL, NULL, NULL, NULL),
(1287, 556, 8, NULL, NULL, NULL, NULL, NULL),
(1288, 702, 8, NULL, NULL, NULL, NULL, NULL),
(1289, 1149, 8, NULL, NULL, NULL, NULL, NULL),
(1290, 738, 8, NULL, NULL, NULL, NULL, NULL),
(1291, 752, 8, NULL, NULL, NULL, NULL, NULL),
(1292, 71, 8, NULL, NULL, NULL, NULL, NULL),
(1293, 342, 8, NULL, NULL, NULL, NULL, NULL),
(1294, 588, 8, NULL, NULL, NULL, NULL, NULL),
(1295, 212, 8, NULL, NULL, NULL, NULL, NULL),
(1296, 215, 8, NULL, NULL, NULL, NULL, NULL),
(1297, 282, 8, NULL, NULL, NULL, NULL, NULL),
(1298, 132, 8, NULL, NULL, NULL, NULL, NULL),
(1299, 416, 8, NULL, NULL, NULL, NULL, NULL),
(1300, 35, 8, NULL, NULL, NULL, NULL, NULL),
(1301, 72, 8, NULL, NULL, NULL, NULL, NULL),
(1302, 193, 8, NULL, NULL, NULL, NULL, NULL),
(1303, 213, 8, NULL, NULL, NULL, NULL, NULL),
(1304, 249, 8, NULL, NULL, NULL, NULL, NULL);
INSERT INTO `land_household` (`land_household_id`, `fk_household_id`, `fk_land_id`, `area`, `income`, `payed_rent`, `location`, `description`) VALUES
(1305, 315, 8, NULL, NULL, NULL, NULL, NULL),
(1306, 497, 8, NULL, NULL, NULL, NULL, NULL),
(1307, 714, 8, NULL, NULL, NULL, NULL, NULL),
(1308, 1176, 8, NULL, NULL, NULL, NULL, NULL),
(1309, 701, 8, NULL, NULL, NULL, NULL, NULL),
(1310, 42, 8, NULL, NULL, NULL, NULL, NULL),
(1311, 52, 8, NULL, NULL, NULL, NULL, NULL),
(1312, 75, 8, NULL, NULL, NULL, NULL, NULL),
(1313, 93, 8, NULL, NULL, NULL, NULL, NULL),
(1314, 126, 8, NULL, NULL, NULL, NULL, NULL),
(1315, 293, 8, NULL, NULL, NULL, NULL, NULL),
(1316, 335, 8, NULL, NULL, NULL, NULL, NULL),
(1317, 329, 8, NULL, NULL, NULL, NULL, NULL),
(1318, 329, 8, NULL, NULL, NULL, NULL, NULL),
(1319, 18, 8, NULL, NULL, NULL, NULL, NULL),
(1320, 18, 8, NULL, NULL, NULL, NULL, NULL),
(1321, 188, 8, NULL, NULL, NULL, NULL, NULL),
(1322, 188, 8, NULL, NULL, NULL, NULL, NULL),
(1323, 313, 8, NULL, NULL, NULL, NULL, NULL),
(1324, 313, 8, NULL, NULL, NULL, NULL, NULL),
(1325, 334, 8, NULL, NULL, NULL, NULL, NULL),
(1326, 334, 8, NULL, NULL, NULL, NULL, NULL),
(1327, 299, 8, NULL, NULL, NULL, NULL, NULL),
(1328, 299, 8, NULL, NULL, NULL, NULL, NULL),
(1329, 319, 8, NULL, NULL, NULL, NULL, NULL),
(1330, 319, 8, NULL, NULL, NULL, NULL, NULL),
(1331, 211, 8, NULL, NULL, NULL, NULL, NULL),
(1332, 211, 8, NULL, NULL, NULL, NULL, NULL),
(1333, 703, 8, NULL, NULL, NULL, NULL, NULL),
(1334, 703, 8, NULL, NULL, NULL, NULL, NULL),
(1335, 20, 8, NULL, NULL, NULL, NULL, NULL),
(1336, 20, 8, NULL, NULL, NULL, NULL, NULL),
(1337, 292, 8, NULL, NULL, NULL, NULL, NULL),
(1338, 292, 8, NULL, NULL, NULL, NULL, NULL),
(1339, 1, 8, NULL, NULL, NULL, NULL, NULL),
(1340, 1, 8, NULL, NULL, NULL, NULL, NULL),
(1341, 1, 8, NULL, NULL, NULL, NULL, NULL),
(1342, 298, 8, NULL, NULL, NULL, NULL, NULL),
(1343, 298, 8, NULL, NULL, NULL, NULL, NULL),
(1344, 298, 8, NULL, NULL, NULL, NULL, NULL),
(1345, 301, 8, NULL, NULL, NULL, NULL, NULL),
(1346, 301, 8, NULL, NULL, NULL, NULL, NULL),
(1347, 301, 8, NULL, NULL, NULL, NULL, NULL),
(1348, 716, 8, NULL, NULL, NULL, NULL, NULL),
(1349, 716, 8, NULL, NULL, NULL, NULL, NULL),
(1350, 716, 8, NULL, NULL, NULL, NULL, NULL),
(1351, 115, 8, NULL, NULL, NULL, NULL, NULL),
(1352, 115, 8, NULL, NULL, NULL, NULL, NULL),
(1353, 115, 8, NULL, NULL, NULL, NULL, NULL),
(1354, 1153, 8, NULL, NULL, NULL, NULL, NULL),
(1355, 1153, 8, NULL, NULL, NULL, NULL, NULL),
(1356, 1153, 8, NULL, NULL, NULL, NULL, NULL),
(1357, 120, 8, NULL, NULL, NULL, NULL, NULL),
(1358, 120, 8, NULL, NULL, NULL, NULL, NULL),
(1359, 120, 8, NULL, NULL, NULL, NULL, NULL),
(1360, 304, 8, NULL, NULL, NULL, NULL, NULL),
(1361, 304, 8, NULL, NULL, NULL, NULL, NULL),
(1362, 304, 8, NULL, NULL, NULL, NULL, NULL),
(1363, 304, 8, NULL, NULL, NULL, NULL, NULL),
(1364, 307, 8, NULL, NULL, NULL, NULL, NULL),
(1365, 307, 8, NULL, NULL, NULL, NULL, NULL),
(1366, 307, 8, NULL, NULL, NULL, NULL, NULL),
(1367, 307, 8, NULL, NULL, NULL, NULL, NULL),
(1368, 861, 8, NULL, NULL, NULL, NULL, NULL),
(1369, 861, 8, NULL, NULL, NULL, NULL, NULL),
(1370, 861, 8, NULL, NULL, NULL, NULL, NULL),
(1371, 861, 8, NULL, NULL, NULL, NULL, NULL),
(1372, 124, 8, NULL, NULL, NULL, NULL, NULL),
(1373, 124, 8, NULL, NULL, NULL, NULL, NULL),
(1374, 124, 8, NULL, NULL, NULL, NULL, NULL),
(1375, 124, 8, NULL, NULL, NULL, NULL, NULL),
(1376, 124, 8, NULL, NULL, NULL, NULL, NULL),
(1377, 713, 8, NULL, NULL, NULL, NULL, NULL),
(1378, 713, 8, NULL, NULL, NULL, NULL, NULL),
(1379, 713, 8, NULL, NULL, NULL, NULL, NULL),
(1380, 713, 8, NULL, NULL, NULL, NULL, NULL),
(1381, 713, 8, NULL, NULL, NULL, NULL, NULL),
(1382, 14, 8, NULL, NULL, NULL, NULL, NULL),
(1383, 14, 8, NULL, NULL, NULL, NULL, NULL),
(1384, 14, 8, NULL, NULL, NULL, NULL, NULL),
(1385, 14, 8, NULL, NULL, NULL, NULL, NULL),
(1386, 14, 8, NULL, NULL, NULL, NULL, NULL),
(1387, 14, 8, NULL, NULL, NULL, NULL, NULL);

-- --------------------------------------------------------

--
-- Table structure for table `livestock`
--

CREATE TABLE `livestock` (
  `livestock_id` int(11) NOT NULL,
  `type` varchar(250) NOT NULL,
  `type_en` varchar(250) NOT NULL
) ENGINE=InnoDB DEFAULT CHARSET=utf8;

--
-- Dumping data for table `livestock`
--

INSERT INTO `livestock` (`livestock_id`, `type`, `type_en`) VALUES
(1, 'Arı Kovanı - ras', 'Beehive- head'),
(2, 'Koyun - sağman', 'Sheep - milking'),
(3, 'Koyun - kuzu furuht', 'Sheep - lamb for sale'),
(4, 'Koyun - kısır', 'Sheep - milkless'),
(5, 'Koyun - kuzu', 'Sheep - lamb'),
(6, 'Keçi - sağman', 'Goat - milking'),
(7, 'Keçi - otlak furuht', 'Goat - kid for sale'),
(8, 'Keçi - kısır', 'Goat - milkless'),
(9, 'Keçi - otlak', 'Goat - kid'),
(10, 'Bargir', 'Mule'),
(11, 'At - asab', 'Horse - stallion'),
(12, 'At - kısrak', 'Horse - mare'),
(13, 'At - kısrak tay', 'Horse - little mare'),
(14, 'At - bebek', 'Horse - baby'),
(15, 'Merkeb - erkek', 'Donkey - male'),
(16, 'Merkeb - dişi', 'Donkey - female'),
(17, 'Öküz', 'Ox'),
(18, 'Manda - sağman', 'Buffalo - milking'),
(19, 'Manda - dana', 'Buffalo - calf'),
(20, 'Manda - kısır', 'Buffalo - milkless'),
(21, 'Manda - erkek', 'Buffalo - male'),
(22, 'Manda - buzağı, erkek', 'Buffalo - kid, male'),
(23, 'Manda - buzağı, dişi', 'Buffalo - kid, female'),
(24, 'İnek - sağman', 'Cow - milking'),
(25, 'İnek - kısır', 'Cow - milkless'),
(26, 'İnek - buzağı, erkek', 'Cow - kid, male'),
(27, 'İnek - buzağı, dişi', 'Cow - kid, female'),
(28, 'İnek - tosun', 'Cow - bullock'),
(29, 'İnek - dana', 'Cow - calf'),
(30, 'Arı Kovanı - kıta', 'Beehive - piece'),
(31, 'Arı Kovanı - bahçe', 'Beehive - garden');

-- --------------------------------------------------------

--
-- Table structure for table `livestock_household`
--

CREATE TABLE `livestock_household` (
  `livestock_household_id` int(11) NOT NULL,
  `fk_household_id` int(11) NOT NULL,
  `fk_livestock_id` int(11) NOT NULL,
  `quantity` int(11) DEFAULT NULL,
  `income` int(11) DEFAULT NULL
) ENGINE=InnoDB DEFAULT CHARSET=utf8;

--
-- Dumping data for table `livestock_household`
--

INSERT INTO `livestock_household` (`livestock_household_id`, `fk_household_id`, `fk_livestock_id`, `quantity`, `income`) VALUES
(1, 1, 10, 3, NULL),
(2, 5, 10, 1, NULL),
(3, 12, 10, 1, NULL),
(4, 13, 10, 1, NULL),
(5, 14, 10, 1, NULL),
(6, 15, 10, 2, NULL),
(7, 18, 10, 1, NULL),
(8, 19, 10, 1, NULL),
(9, 20, 10, 1, NULL),
(10, 28, 10, 1, NULL),
(11, 43, 10, 1, NULL),
(12, 53, 10, 1, NULL),
(13, 61, 10, 1, NULL),
(14, 62, 10, 1, NULL),
(15, 71, 10, 1, NULL),
(16, 75, 10, 1, NULL),
(17, 88, 10, 1, NULL),
(18, 89, 10, 1, NULL),
(19, 91, 10, 1, NULL),
(20, 97, 10, 1, NULL),
(21, 98, 10, 1, NULL),
(22, 106, 10, 3, NULL),
(23, 108, 10, 7, NULL),
(24, 111, 10, 1, NULL),
(25, 113, 10, 1, NULL),
(26, 118, 10, 1, NULL),
(27, 119, 10, 1, NULL),
(28, 121, 10, 1, NULL),
(29, 124, 10, 1, NULL),
(30, 127, 10, 2, NULL),
(31, 128, 10, 1, NULL),
(32, 129, 10, 1, NULL),
(33, 132, 10, 1, NULL),
(34, 141, 10, 1, NULL),
(35, 153, 10, 1, NULL),
(36, 163, 10, 1, NULL),
(37, 170, 10, 2, NULL),
(38, 175, 10, 1, NULL),
(39, 188, 10, 1, NULL),
(40, 193, 10, 2, NULL),
(41, 206, 10, 1, NULL),
(42, 211, 10, 1, NULL),
(43, 212, 10, 2, NULL),
(44, 213, 10, 1, NULL),
(45, 214, 10, 2, NULL),
(46, 215, 10, 1, NULL),
(47, 219, 10, 1, NULL),
(48, 228, 10, 1, NULL),
(49, 258, 10, 1, NULL),
(50, 259, 10, 1, NULL),
(51, 272, 10, 1, NULL),
(52, 287, 10, 1, NULL),
(53, 289, 10, 1, NULL),
(54, 292, 10, 2, NULL),
(55, 298, 10, 2, NULL),
(56, 301, 10, 2, NULL),
(57, 303, 10, 1, NULL),
(58, 312, 10, 1, NULL),
(59, 313, 10, 1, NULL),
(60, 315, 10, 1, NULL),
(61, 318, 10, 1, NULL),
(62, 320, 10, 1, NULL),
(63, 321, 10, 1, NULL),
(64, 323, 10, 1, NULL),
(65, 325, 10, 1, NULL),
(66, 329, 10, 3, NULL),
(67, 336, 10, 1, NULL),
(68, 337, 10, 1, NULL),
(69, 339, 10, 1, NULL),
(70, 341, 10, 1, NULL),
(71, 342, 10, 1, NULL),
(72, 360, 10, 1, NULL),
(73, 374, 10, 2, NULL),
(74, 399, 10, 1, NULL),
(75, 403, 10, 1, NULL),
(76, 415, 10, 2, NULL),
(77, 416, 10, 1, NULL),
(78, 421, 10, 1, NULL),
(79, 444, 10, 1, NULL),
(80, 469, 10, 1, NULL),
(81, 470, 10, 1, NULL),
(82, 480, 10, 1, NULL),
(83, 484, 10, 1, NULL),
(84, 486, 10, 1, NULL),
(85, 497, 10, 1, NULL),
(86, 515, 10, 1, NULL),
(87, 526, 10, 1, NULL),
(88, 530, 10, 1, NULL),
(89, 531, 10, 1, NULL),
(90, 532, 10, 1, NULL),
(91, 535, 10, 1, NULL),
(92, 539, 10, 1, NULL),
(93, 599, 10, 2, NULL),
(94, 611, 10, 1, NULL),
(95, 621, 10, 1, NULL),
(96, 625, 10, 1, NULL),
(97, 642, 10, 1, NULL),
(98, 649, 10, 1, NULL),
(99, 660, 10, 1, NULL),
(100, 661, 10, 1, NULL),
(101, 664, 10, 1, NULL),
(102, 672, 10, 1, NULL),
(103, 689, 10, 1, NULL),
(104, 691, 10, 1, NULL),
(105, 701, 10, 7, NULL),
(106, 722, 10, 1, NULL),
(107, 723, 10, 1, NULL),
(108, 731, 10, 1, NULL),
(109, 738, 10, 1, NULL),
(110, 740, 10, 1, NULL),
(111, 742, 10, 1, NULL),
(112, 744, 10, 1, NULL),
(113, 745, 10, 1, NULL),
(114, 752, 10, 1, NULL),
(115, 754, 10, 1, NULL),
(116, 768, 10, 2, NULL),
(117, 772, 10, 1, NULL),
(118, 774, 10, 1, NULL),
(119, 780, 10, 1, NULL),
(120, 782, 10, 1, NULL),
(121, 786, 10, 1, NULL),
(122, 792, 10, 1, NULL),
(123, 795, 10, 1, NULL),
(124, 799, 10, 1, NULL),
(125, 806, 10, 1, NULL),
(126, 812, 10, 1, NULL),
(127, 814, 10, 1, NULL),
(128, 818, 10, 1, NULL),
(129, 822, 10, 1, NULL),
(130, 825, 10, 1, NULL),
(131, 836, 10, 2, NULL),
(132, 840, 10, 1, NULL),
(133, 842, 10, 1, NULL),
(134, 861, 10, 1, NULL),
(135, 900, 10, 1, NULL),
(136, 942, 10, 1, NULL),
(137, 945, 10, 1, NULL),
(138, 979, 10, 1, NULL),
(139, 980, 10, 1, NULL),
(140, 992, 10, 1, NULL),
(141, 998, 10, 1, NULL),
(142, 1004, 10, 1, NULL),
(143, 1009, 10, 1, NULL),
(144, 1016, 10, 1, NULL),
(145, 1021, 10, 1, NULL),
(146, 1046, 10, 1, NULL),
(147, 1047, 10, 1, NULL),
(148, 1050, 10, 1, NULL),
(149, 1069, 10, 1, NULL),
(150, 1078, 10, 1, NULL),
(151, 1082, 10, 1, NULL),
(152, 1084, 10, 1, NULL),
(153, 1092, 10, 1, NULL),
(154, 1126, 10, 1, NULL),
(155, 1130, 10, 1, NULL),
(156, 1147, 10, 1, NULL),
(157, 1149, 10, 7, NULL),
(158, 1157, 10, 1, NULL),
(159, 1160, 10, 6, NULL),
(160, 1168, 10, 1, NULL),
(161, 1173, 10, 1, NULL),
(162, 1176, 10, 3, NULL),
(163, 1177, 10, 1, NULL),
(164, 1183, 10, 1, NULL),
(165, 1186, 10, 1, NULL),
(166, 1190, 10, 1, NULL),
(167, 1194, 10, 1, NULL),
(168, 1201, 10, 1, NULL),
(169, 1202, 10, 1, NULL),
(170, 1204, 10, 1, NULL),
(171, 1211, 10, 1, NULL),
(172, 1214, 10, 1, NULL),
(173, 1224, 10, 1, NULL),
(174, 1238, 10, 1, NULL),
(175, 1242, 10, 1, NULL),
(176, 1297, 10, 1, NULL),
(177, 1302, 10, 1, NULL),
(178, 1303, 10, 1, NULL),
(179, 1307, 10, 1, NULL),
(180, 1309, 10, 1, NULL),
(181, 1317, 10, 1, NULL),
(182, 1419, 10, 1, NULL),
(183, 1428, 10, 3, NULL),
(184, 1429, 10, 2, NULL),
(185, 1434, 10, 1, NULL),
(186, 213, 11, 1, NULL),
(187, 215, 11, 1, NULL),
(188, 795, 11, 1, NULL),
(189, 1126, 11, 1, NULL),
(190, 1149, 11, 1, NULL),
(191, 140, 11, 1, NULL),
(192, 509, 11, 1, NULL),
(193, 1066, 11, 1, NULL),
(194, 1160, 12, 2, NULL),
(195, 1176, 12, 3, NULL),
(196, 1153, 12, 6, NULL),
(197, 1411, 12, 1, NULL),
(198, 1432, 12, 1, NULL),
(199, 1436, 12, 1, NULL),
(200, 1378, 13, 2, NULL),
(201, 1398, 13, 1, NULL),
(202, 1153, 14, 3, NULL),
(203, 211, 14, 1, NULL),
(204, 113, 19, 1, NULL),
(205, 374, 19, 2, NULL),
(206, 403, 19, 1, NULL),
(207, 426, 19, 1, NULL),
(208, 475, 19, 1, NULL),
(209, 795, 20, 1, NULL),
(210, 1, 20, 1, NULL),
(211, 13, 20, 1, NULL),
(212, 19, 20, 1, NULL),
(213, 20, 20, 1, NULL),
(214, 62, 20, 2, NULL),
(215, 298, 20, 2, NULL),
(216, 301, 20, 1, NULL),
(217, 313, 20, 1, NULL),
(218, 341, 20, 1, NULL),
(219, 535, 20, 1, NULL),
(220, 599, 20, 2, NULL),
(221, 42, 20, 1, NULL),
(222, 96, 20, 2, NULL),
(223, 143, 20, 1, NULL),
(224, 231, 20, 1, NULL),
(225, 417, 20, 1, NULL),
(226, 495, 20, 1, NULL),
(227, 533, 20, 1, NULL),
(228, 673, 20, 1, NULL),
(229, 714, 20, 1, NULL),
(230, 715, 20, 1, NULL),
(231, 726, 20, 2, NULL),
(232, 759, 20, 1, NULL),
(233, 781, 20, 1, NULL),
(234, 834, 20, 2, NULL),
(235, 841, 20, 1, NULL),
(236, 1277, 20, 1, NULL),
(237, 1342, 20, 1, NULL),
(238, 1427, 20, 2, NULL),
(239, 1160, 20, 1, NULL),
(240, 1160, 21, 2, NULL),
(241, 1342, 21, 2, NULL),
(242, 374, 21, 2, NULL),
(243, 58, 21, 2, NULL),
(244, 516, 21, 2, NULL),
(245, 529, 21, 4, NULL),
(246, 556, 21, 2, NULL),
(247, 627, 21, 2, NULL),
(248, 753, 21, 2, NULL),
(249, 766, 21, 2, NULL),
(250, 798, 21, 2, NULL),
(251, 819, 21, 2, NULL),
(252, 1076, 21, 6, NULL),
(253, 72, 21, 1, NULL),
(254, 72, 22, 1, NULL),
(255, 1, 22, 1, NULL),
(256, 313, 22, 1, NULL),
(257, 43, 22, 1, NULL),
(258, 526, 22, 1, NULL),
(259, 85, 22, 1, NULL),
(260, 376, 22, 1, NULL),
(261, 464, 22, 1, NULL),
(262, 96, 22, 1, NULL),
(263, 188, 22, 1, NULL),
(264, 193, 22, 3, NULL),
(265, 188, 23, 1, NULL),
(266, 15, 23, 1, NULL),
(267, 153, 23, 1, NULL),
(268, 35, 23, 1, NULL),
(269, 156, 23, 1, NULL),
(270, 20, 23, 1, NULL),
(271, 42, 23, 1, NULL),
(272, 495, 23, 1, NULL),
(273, 714, 23, 1, NULL),
(274, 57, 23, 1, NULL),
(275, 301, 29, 1, NULL),
(276, 228, 29, 1, NULL),
(277, 336, 29, 1, NULL),
(278, 34, 29, 1, NULL),
(279, 262, 29, 1, NULL),
(280, 281, 29, 1, NULL),
(281, 304, 29, 1, NULL),
(282, 340, 29, 1, NULL),
(283, 356, 29, 1, NULL),
(284, 379, 29, 1, NULL),
(285, 394, 29, 1, NULL),
(286, 423, 29, 1, NULL),
(287, 1370, 29, 1, NULL),
(288, 1376, 29, 1, NULL),
(289, 1420, 29, 2, NULL),
(290, 75, 29, 1, NULL),
(291, 136, 29, 1, NULL),
(292, 830, 29, 1, NULL),
(293, 34, 25, 1, NULL),
(294, 281, 25, 1, NULL),
(295, 394, 25, 1, NULL),
(296, 75, 25, 1, NULL),
(297, 830, 25, 1, NULL),
(298, 188, 25, 1, NULL),
(299, 153, 25, 1, NULL),
(300, 495, 25, 1, NULL),
(301, 1, 25, 2, NULL),
(302, 1160, 25, 3, NULL),
(303, 298, 25, 1, NULL),
(304, 1277, 25, 1, NULL),
(305, 91, 25, 1, NULL),
(306, 128, 25, 1, NULL),
(307, 337, 25, 1, NULL),
(308, 342, 25, 1, NULL),
(309, 360, 25, 3, NULL),
(310, 399, 25, 1, NULL),
(311, 416, 25, 1, NULL),
(312, 469, 25, 1, NULL),
(313, 497, 25, 3, NULL),
(314, 689, 25, 1, NULL),
(315, 731, 25, 1, NULL),
(316, 799, 25, 1, NULL),
(317, 814, 25, 1, NULL),
(318, 1297, 25, 2, NULL),
(319, 1429, 25, 1, NULL),
(320, 4, 25, 1, NULL),
(321, 142, 25, 1, NULL),
(322, 201, 25, 1, NULL),
(323, 334, 25, 1, NULL),
(324, 414, 25, 1, NULL),
(325, 443, 25, 1, NULL),
(326, 554, 25, 1, NULL),
(327, 587, 25, 1, NULL),
(328, 595, 25, 1, NULL),
(329, 628, 25, 1, NULL),
(330, 734, 25, 1, NULL),
(331, 858, 25, 1, NULL),
(332, 1148, 25, 1, NULL),
(333, 1283, 25, 1, NULL),
(334, 1284, 25, 1, NULL),
(335, 1285, 25, 1, NULL),
(336, 1288, 25, 1, NULL),
(337, 1293, 25, 1, NULL),
(338, 1294, 25, 1, NULL),
(339, 1, 26, 1, NULL),
(340, 1277, 26, 1, NULL),
(341, 91, 26, 1, NULL),
(342, 128, 26, 1, NULL),
(343, 342, 26, 1, NULL),
(344, 469, 26, 1, NULL),
(345, 497, 26, 2, NULL),
(346, 1297, 26, 1, NULL),
(347, 201, 26, 1, NULL),
(348, 334, 26, 1, NULL),
(349, 414, 26, 1, NULL),
(350, 1284, 26, 1, NULL),
(351, 1285, 26, 1, NULL),
(352, 301, 26, 2, NULL),
(353, 136, 26, 1, NULL),
(354, 464, 26, 1, NULL),
(355, 193, 26, 2, NULL),
(356, 1432, 26, 1, NULL),
(357, 213, 26, 1, NULL),
(358, 5, 26, 2, NULL),
(359, 124, 26, 1, NULL),
(360, 325, 26, 1, NULL),
(361, 444, 26, 1, NULL),
(362, 470, 26, 1, NULL),
(363, 530, 26, 1, NULL),
(364, 532, 26, 1, NULL),
(365, 840, 26, 1, NULL),
(366, 842, 26, 1, NULL),
(367, 1317, 26, 1, NULL),
(368, 48, 26, 1, NULL),
(369, 52, 26, 1, NULL),
(370, 110, 26, 1, NULL),
(371, 139, 26, 1, NULL),
(372, 149, 26, 1, NULL),
(373, 152, 26, 1, NULL),
(374, 165, 26, 1, NULL),
(375, 185, 26, 1, NULL),
(376, 192, 26, 1, NULL),
(377, 425, 26, 1, NULL),
(378, 431, 26, 1, NULL),
(379, 449, 26, 1, NULL),
(380, 450, 26, 1, NULL),
(381, 460, 26, 1, NULL),
(382, 465, 26, 1, NULL),
(383, 467, 26, 1, NULL),
(384, 483, 26, 2, NULL),
(385, 498, 26, 1, NULL),
(386, 524, 26, 1, NULL),
(387, 859, 26, 1, NULL),
(388, 1315, 26, 1, NULL),
(389, 1316, 26, 1, NULL),
(390, 1328, 26, 1, NULL),
(391, 1341, 26, 1, NULL),
(392, 1344, 26, 2, NULL),
(393, 1415, 26, 2, NULL),
(394, 1426, 26, 1, NULL),
(395, 202, 26, 1, NULL),
(396, 1315, 28, 1, NULL),
(397, 1316, 28, 2, NULL),
(398, 1344, 28, 2, NULL),
(399, 1283, 28, 1, NULL),
(400, 1376, 28, 1, NULL),
(401, 1428, 28, 1, NULL),
(402, 1277, 28, 1, NULL),
(403, 1313, 28, 1, NULL),
(404, 1405, 28, 2, NULL),
(405, 1, 27, 1, NULL),
(406, 1297, 27, 1, NULL),
(407, 1285, 27, 1, NULL),
(408, 48, 27, 1, NULL),
(409, 859, 27, 2, NULL),
(410, 1288, 27, 1, NULL),
(411, 1294, 27, 1, NULL),
(412, 15, 27, 1, NULL),
(413, 43, 27, 1, NULL),
(414, 211, 27, 1, NULL),
(415, 71, 27, 1, NULL),
(416, 89, 27, 2, NULL),
(417, 119, 27, 1, NULL),
(418, 484, 27, 1, NULL),
(419, 539, 27, 1, NULL),
(420, 723, 27, 1, NULL),
(421, 1201, 27, 1, NULL),
(422, 26, 27, 1, NULL),
(423, 84, 27, 1, NULL),
(424, 174, 27, 1, NULL),
(425, 541, 27, 1, NULL),
(426, 576, 27, 1, NULL),
(427, 1290, 27, 1, NULL),
(428, 5, 27, 2, NULL),
(429, 153, 27, 1, NULL),
(430, 142, 27, 1, NULL),
(431, 529, 27, 1, NULL),
(432, 522, 27, 1, NULL),
(433, 540, 27, 1, NULL),
(434, 1176, 3, 140, NULL),
(435, 1242, 3, 70, NULL),
(436, 1093, 3, 21, NULL),
(437, 1155, 3, 70, NULL),
(438, 1242, 5, 10, NULL),
(439, 1277, 5, 4, NULL),
(440, 188, 5, 100, NULL),
(441, 902, 5, 42, NULL),
(442, 1280, 5, 7, NULL),
(443, 1242, 7, 40, NULL),
(444, 1155, 7, 100, NULL),
(445, 1242, 9, 15, NULL),
(446, 1316, 9, 3, NULL),
(447, 1297, 15, 1, NULL),
(448, 522, 15, 1, NULL),
(449, 495, 15, 1, NULL),
(450, 228, 15, 1, NULL),
(451, 356, 15, 1, NULL),
(452, 35, 15, 1, NULL),
(453, 781, 15, 1, NULL),
(454, 259, 15, 1, NULL),
(455, 44, 15, 1, NULL),
(456, 133, 15, 1, NULL),
(457, 227, 15, 1, NULL),
(458, 234, 15, 1, NULL),
(459, 402, 15, 1, NULL),
(460, 434, 15, 1, NULL),
(461, 519, 15, 1, NULL),
(462, 1015, 15, 1, NULL),
(463, 1041, 15, 1, NULL),
(464, 1285, 16, 1, NULL),
(465, 1294, 16, 1, NULL),
(466, 799, 16, 1, NULL),
(467, 7, 16, 1, NULL),
(468, 1294, 17, 4, NULL),
(469, 1297, 17, 6, NULL),
(470, 1316, 17, 2, NULL),
(471, 1313, 17, 2, NULL),
(472, 1287, 17, 2, NULL),
(473, 1277, 17, 2, NULL),
(474, 1280, 17, 4, NULL),
(475, 1345, 17, 2, NULL),
(476, 859, 17, 3, NULL),
(477, 1288, 17, 2, NULL),
(478, 576, 17, 2, NULL),
(479, 1315, 17, 3, NULL),
(480, 1344, 17, 4, NULL),
(481, 1428, 17, 2, NULL),
(482, 342, 17, 2, NULL),
(483, 1432, 17, 2, NULL),
(484, 325, 17, 2, NULL),
(485, 530, 17, 1, NULL),
(486, 467, 17, 2, NULL),
(487, 1328, 17, 2, NULL),
(488, 1426, 17, 2, NULL),
(489, 75, 17, 2, NULL),
(490, 1160, 17, 4, NULL),
(491, 298, 17, 4, NULL),
(492, 595, 17, 2, NULL),
(493, 336, 17, 2, NULL),
(494, 1420, 17, 2, NULL),
(495, 374, 17, 2, NULL),
(496, 556, 17, 2, NULL),
(497, 1076, 17, 1, NULL),
(498, 13, 17, 1, NULL),
(499, 341, 17, 2, NULL),
(500, 1153, 17, 2, NULL),
(501, 1398, 17, 2, NULL),
(502, 1149, 17, 4, NULL),
(503, 140, 17, 2, NULL),
(504, 97, 17, 4, NULL),
(505, 415, 17, 2, NULL),
(506, 825, 17, 4, NULL),
(507, 1419, 17, 2, NULL),
(508, 29, 17, 2, NULL),
(509, 39, 17, 2, NULL),
(510, 99, 17, 2, NULL),
(511, 239, 17, 2, NULL),
(512, 418, 17, 2, NULL),
(513, 435, 17, 2, NULL),
(514, 605, 17, 2, NULL),
(515, 626, 17, 2, NULL),
(516, 630, 17, 2, NULL),
(517, 659, 17, 2, NULL),
(518, 678, 17, 2, NULL),
(519, 713, 17, 2, NULL),
(520, 775, 17, 2, NULL),
(521, 895, 17, 2, NULL),
(522, 896, 17, 2, NULL),
(523, 901, 17, 2, NULL),
(524, 969, 17, 2, NULL),
(525, 971, 17, 2, NULL),
(526, 972, 17, 2, NULL),
(527, 1010, 17, 2, NULL),
(528, 1136, 17, 2, NULL),
(529, 1191, 17, 2, NULL),
(530, 1267, 17, 2, NULL),
(531, 1268, 17, 2, NULL),
(532, 1269, 17, 2, NULL),
(533, 1296, 17, 2, NULL),
(534, 1310, 17, 2, NULL),
(535, 1314, 17, 2, NULL),
(536, 1318, 17, 2, NULL),
(537, 1322, 17, 2, NULL),
(538, 1327, 17, 2, NULL),
(539, 1331, 17, 2, NULL),
(540, 1335, 17, 2, NULL),
(541, 1338, 17, 2, NULL),
(542, 1339, 17, 2, NULL),
(543, 1340, 17, 2, NULL),
(544, 1343, 17, 4, NULL),
(545, 1368, 17, 2, NULL),
(546, 1402, 17, 2, NULL),
(547, 1409, 17, 2, NULL),
(548, 1410, 17, 2, NULL),
(549, 1421, 17, 2, NULL),
(550, 1423, 17, 2, NULL),
(551, 1425, 17, 2, NULL),
(552, 1437, 17, 2, NULL),
(553, 1415, 17, 2, NULL),
(554, 374, 18, 1, 15),
(555, 556, 18, 1, 12),
(556, 1076, 18, 1, 20),
(557, 239, 18, 2, 30),
(558, 495, 18, 1, 12),
(559, 35, 18, 1, 20),
(560, 188, 18, 1, 20),
(561, 15, 18, 1, 15),
(562, 43, 18, 1, 20),
(563, 153, 18, 1, 20),
(564, 334, 18, 1, 10),
(565, 464, 18, 1, 20),
(566, 193, 18, 2, 40),
(567, 262, 18, 1, 15),
(568, 304, 18, 1, 10),
(569, 156, 18, 1, 20),
(570, 72, 18, 1, 15),
(571, 313, 18, 1, 10),
(572, 526, 18, 1, 12),
(573, 85, 18, 1, 20),
(574, 376, 18, 1, 20),
(575, 1342, 18, 1, 25),
(576, 766, 18, 1, 20),
(577, 143, 18, 1, 20),
(578, 426, 18, 1, 15),
(579, 212, 18, 2, 30),
(580, 272, 18, 2, 30),
(581, 329, 18, 1, 15),
(582, 672, 18, 1, 12),
(583, 38, 18, 1, 20),
(584, 451, 18, 1, 20),
(585, 597, 18, 1, 12),
(586, 641, 18, 1, 12),
(587, 643, 18, 1, 12),
(588, 655, 18, 1, 12),
(589, 705, 18, 1, 10),
(590, 764, 18, 1, 20),
(591, 214, 18, 1, 15),
(592, 15, 24, 2, 10),
(593, 43, 24, 1, 10),
(594, 464, 24, 1, 10),
(595, 193, 24, 2, 20),
(596, 262, 24, 1, 10),
(597, 329, 24, 1, 10),
(598, 1294, 24, 1, 12),
(599, 1297, 24, 2, 25),
(600, 1316, 24, 1, 12),
(601, 1345, 24, 1, 12),
(602, 859, 24, 2, 20),
(603, 1288, 24, 1, 12),
(604, 576, 24, 1, 10),
(605, 1315, 24, 1, 12),
(606, 1344, 24, 2, 22),
(607, 1428, 24, 2, 24),
(608, 342, 24, 1, 10),
(609, 1432, 24, 1, 12),
(610, 325, 24, 1, 8),
(611, 530, 24, 1, 10),
(612, 467, 24, 1, 10),
(613, 1328, 24, 1, 12),
(614, 1426, 24, 1, 12),
(615, 75, 24, 1, 10),
(616, 298, 24, 1, 10),
(617, 336, 24, 1, 7),
(618, 1149, 24, 2, 20),
(619, 140, 24, 1, 10),
(620, 1419, 24, 1, 12),
(621, 626, 24, 1, 10),
(622, 659, 24, 1, 10),
(623, 713, 24, 1, 10),
(624, 1331, 24, 1, 12),
(625, 1335, 24, 1, 12),
(626, 1339, 24, 1, 12),
(627, 1340, 24, 1, 12),
(628, 1343, 24, 1, 12),
(629, 1402, 24, 1, 12),
(630, 1425, 24, 1, 12),
(631, 1437, 24, 1, 12),
(632, 522, 24, 1, 10),
(633, 356, 24, 1, 7),
(634, 1176, 24, 3, 30),
(635, 48, 24, 2, 20),
(636, 211, 24, 1, 8),
(637, 71, 24, 1, 0),
(638, 89, 24, 2, 20),
(639, 119, 24, 1, 10),
(640, 484, 24, 1, 10),
(641, 539, 24, 1, 10),
(642, 723, 24, 1, 10),
(643, 1201, 24, 1, 10),
(644, 26, 24, 1, 10),
(645, 84, 24, 1, 10),
(646, 174, 24, 1, 10),
(647, 541, 24, 1, 10),
(648, 1290, 24, 1, 12),
(649, 5, 24, 1, 0),
(650, 529, 24, 1, 10),
(651, 540, 24, 1, 10),
(652, 1376, 24, 1, 12),
(653, 301, 24, 1, 10),
(654, 136, 24, 1, 10),
(655, 213, 24, 1, 10),
(656, 124, 24, 1, 10),
(657, 444, 24, 1, 10),
(658, 470, 24, 1, 10),
(659, 532, 24, 1, 10),
(660, 840, 24, 2, 20),
(661, 842, 24, 1, 0),
(662, 1317, 24, 1, 12),
(663, 52, 24, 1, 10),
(664, 110, 24, 1, 10),
(665, 139, 24, 1, 10),
(666, 149, 24, 1, 10),
(667, 152, 24, 1, 10),
(668, 165, 24, 1, 10),
(669, 185, 24, 1, 10),
(670, 192, 24, 1, 10),
(671, 425, 24, 1, 10),
(672, 431, 24, 1, 7),
(673, 449, 24, 1, 7),
(674, 450, 24, 1, 7),
(675, 460, 24, 1, 7),
(676, 465, 24, 1, 10),
(677, 483, 24, 2, 20),
(678, 498, 24, 1, 12),
(679, 524, 24, 1, 10),
(680, 1341, 24, 1, 12),
(681, 202, 24, 1, 10),
(682, 734, 24, 1, 10),
(683, 340, 24, 1, 10),
(684, 379, 24, 1, 7),
(685, 423, 24, 1, 10),
(686, 1370, 24, 1, 12),
(687, 42, 24, 2, 20),
(688, 798, 24, 1, 10),
(689, 759, 24, 1, 10),
(690, 834, 24, 1, 15),
(691, 1411, 24, 2, 23),
(692, 132, 24, 1, 10),
(693, 170, 24, 1, 10),
(694, 339, 24, 1, 10),
(695, 742, 24, 1, 10),
(696, 774, 24, 1, 10),
(697, 792, 24, 1, 10),
(698, 36, 24, 1, 10),
(699, 224, 24, 1, 8),
(700, 236, 24, 1, 10),
(701, 280, 24, 1, 8),
(702, 282, 24, 1, 10),
(703, 291, 24, 1, 8),
(704, 409, 24, 1, 10),
(705, 528, 24, 1, 10),
(706, 543, 24, 1, 10),
(707, 546, 24, 1, 10),
(708, 550, 24, 1, 10),
(709, 551, 24, 1, 10),
(710, 561, 24, 1, 10),
(711, 569, 24, 1, 10),
(712, 571, 24, 1, 10),
(713, 583, 24, 1, 10),
(714, 589, 24, 1, 10),
(715, 618, 24, 1, 10),
(716, 623, 24, 1, 10),
(717, 654, 24, 1, 10),
(718, 680, 24, 1, 10),
(719, 683, 24, 1, 10),
(720, 719, 24, 1, 8),
(721, 760, 24, 1, 10),
(722, 761, 24, 1, 10),
(723, 804, 24, 1, 10),
(724, 1332, 24, 1, 12),
(725, 1336, 24, 1, 12),
(726, 1337, 24, 1, 12),
(727, 1365, 24, 1, 12),
(728, 1379, 24, 1, 10),
(729, 1345, 2, 20, 140),
(730, 1176, 2, 40, 240),
(731, 188, 2, 100, 1300),
(732, 1277, 2, 6, 43),
(733, 1280, 2, 10, 60),
(734, 1242, 2, 18, 108),
(735, 1155, 2, 10, 60),
(736, 975, 2, 130, 164),
(737, 902, 2, 42, 546),
(738, 1093, 2, 4, 24),
(739, 881, 2, 25, 237),
(740, 1176, 4, 40, 140),
(741, 881, 4, 25, 0),
(742, 1339, 4, 3, 30),
(743, 1242, 6, 23, 81),
(744, 1155, 6, 20, 70),
(745, 975, 6, 120, 180),
(746, 1316, 6, 4, 12),
(747, 1313, 6, 2, 6),
(748, 1287, 6, 5, 15),
(749, 1286, 6, 5, 15),
(750, 188, 1, 8, 32),
(751, 15, 1, 6, 24),
(752, 329, 1, 4, 16),
(753, 342, 1, 7, 28),
(754, 75, 1, 3, 12),
(755, 298, 1, 15, 60),
(756, 211, 1, 20, 80),
(757, 71, 1, 7, 28),
(758, 301, 1, 8, 32),
(759, 124, 1, 6, 24),
(760, 374, 1, 12, 48),
(761, 334, 1, 8, 32),
(762, 304, 1, 8, 32),
(763, 212, 1, 5, 20),
(764, 214, 1, 5, 20),
(765, 1153, 1, 4, 16),
(766, 415, 1, 11, 44),
(767, 605, 1, 4, 16),
(768, 1, 1, 2, 8),
(769, 497, 1, 8, 32),
(770, 416, 1, 1, 4),
(771, 535, 1, 1, 0),
(772, 113, 1, 30, 120),
(773, 14, 1, 6, 24),
(774, 141, 1, 10, 40),
(775, 258, 1, 2, 8),
(776, 701, 1, 104, 416),
(777, 861, 1, 6, 24),
(778, 35, 1, 11, 44),
(779, 140, 1, 9, 36),
(780, 249, 1, 2, 8),
(781, 299, 1, 4, 16),
(782, 307, 1, 6, 24),
(783, 319, 1, 5, 20),
(784, 716, 1, 11, 0),
(785, 716, 1, 7, 72),
(786, 722, 1, 4, 16),
(787, 1176, 1, 6, 24),
(788, 236, 1, 15, 150),
(789, 840, 30, 3, 120),
(790, 842, 30, 6, 24),
(791, 714, 30, 1, 0),
(792, 1066, 30, 1, 30),
(793, 140, 31, 1, 50),
(794, 35, 31, 1, 50),
(795, 18, 31, 1, 20),
(796, 722, 31, 1, 0),
(797, 188, 31, 1, 40),
(798, 1176, 31, 1, 175),
(799, 1176, 31, 1, 100);

-- --------------------------------------------------------

--
-- Table structure for table `location_name`
--

CREATE TABLE `location_name` (
  `location_name_id` int(11) NOT NULL,
  `name` varchar(250) NOT NULL,
  `fk_location_type_id` int(11) NOT NULL,
  `fk_location_name_id` int(11) DEFAULT NULL
) ENGINE=InnoDB DEFAULT CHARSET=utf8;

--
-- Dumping data for table `location_name`
--

INSERT INTO `location_name` (`location_name_id`, `name`, `fk_location_type_id`, `fk_location_name_id`) VALUES
(1, 'Niş', 2, NULL),
(2, 'Niş', 1, 1),
(3, 'Niş', 5, 2),
(4, 'Hünkar', 3, 2),
(5, 'Defterdar', 3, 2),
(6, 'Taşköprü', 3, 2),
(7, 'Hacı Bekir', 3, 2),
(8, 'Rizaiyye', 3, 2),
(9, 'Belgrad', 3, 2),
(10, 'Cedide', 3, 2),
(11, 'Yahyapaşa', 3, 2),
(12, 'Papaz Kosto', 3, 2),
(13, 'Papaz İstanko', 3, 2),
(14, 'Papaz Gorki', 3, 2),
(15, 'Papaz Yone', 3, 2),
(16, 'Papaz Naon', 4, 3),
(17, 'Papaz Yovan Kefere', 4, 3),
(18, 'Papaz Mito', 4, 3),
(19, 'Papaz Yovan', 4, 3),
(20, 'Yagodin', 3, 2),
(21, 'Kebir-i Çinçar', 3, 2),
(22, 'Sağir-i Çinçar', 3, 2),
(23, 'Kebir-i Koptiyan', 3, 2),
(24, 'Sağir-i Koptiyan', 3, 2),
(25, 'Mitçe Konluğu', 8, 2),
(26, 'At Pazarında Dükkanlar', 8, 2),
(27, 'Acı Goko Konluğu', 8, 2),
(28, 'Kojuşko Asıyab', 8, 2),
(29, 'Şehirköy', 1, 1);

-- --------------------------------------------------------

--
-- Table structure for table `location_type`
--

CREATE TABLE `location_type` (
  `location_type_id` int(11) NOT NULL,
  `type` varchar(250) NOT NULL,
  `type_en` varchar(250) NOT NULL
) ENGINE=InnoDB DEFAULT CHARSET=utf8;

--
-- Dumping data for table `location_type`
--

INSERT INTO `location_type` (`location_type_id`, `type`, `type_en`) VALUES
(1, 'Şehir', 'Town'),
(2, 'Kaza', 'District'),
(3, 'Mahalle', 'Neighborhood '),
(4, 'Neverye', 'Parish'),
(5, 'Varoş', 'Suburb'),
(6, 'Köy', 'Village'),
(7, 'Çiftlik', 'Farm'),
(8, 'Diğer', 'Other');

-- --------------------------------------------------------

--
-- Table structure for table `occupation`
--

CREATE TABLE `occupation` (
  `occupation_id` int(11) NOT NULL,
  `name` varchar(250) NOT NULL,
  `name_en` varchar(250) NOT NULL,
  `fk_occupation_id` int(11) DEFAULT NULL
) ENGINE=InnoDB DEFAULT CHARSET=utf8;

--
-- Dumping data for table `occupation`
--

INSERT INTO `occupation` (`occupation_id`, `name`, `name_en`, `fk_occupation_id`) VALUES
(1, 'Esnaf', 'Craftsman', NULL),
(2, 'Görevli', 'Official', NULL),
(3, 'Ziraat', 'Agriculture', NULL),
(4, 'Mesleksiz', 'Unemployed', NULL),
(5, 'Ticaret', 'Trade', NULL),
(6, 'Askeri Alanda Hizmet Veren Görevliler', 'Military Officials', 2),
(7, 'Dini Alanda Hizmet Veren Görevliler', 'Religious Officials', 2),
(8, 'İctimai ve İdari Alanda Hizmet Veren Görevliler', 'Administrative and Social Officials', 2),
(9, 'İşçi', 'Worker', NULL),
(10, 'Bilinmeyen', 'Unknown', NULL),
(11, 'Deriden Mal Ureten ve Satan Esnaf', 'Leather Related Craftsmen', 1),
(12, 'Metaldan Mal Üreten ve Satan Esnaf', 'Metal Related Craftsmen', 1),
(13, 'Dokumacılık Alanındaki Meslekler', 'Textile Related Craftsmen', 1),
(14, 'Kumaştan Mal Üreten ve Satan Esnaf', 'Craftsmen Working with Cloth', 1),
(15, 'Diğer Mal Üreten ve Satan Esnaf', 'Craftsmen Producing and Selling Other Products', 1),
(16, 'Çeşitli Hizmetleri Yerine Getirenler', 'Service Related Craftsmen', 1),
(17, 'Yiyecek Maddeleri Üreten ve Satan Esnaf', 'Craftsmen Producing and Selling Food', 1),
(18, 'Taşımacılık Alanındaki Meslekler', 'Transport Related Occupations', 1),
(19, 'Askeri Mülazım', 'Military Lieutenant', 6),
(20, 'Asakir-i Nizamiyye', 'Nizam-i Cedid Army', 6),
(21, 'Binbaşı', 'Lieutenant Commander', 6),
(22, 'İşkenci Süvar', 'Ishkenci Cavarly', 6),
(23, 'Kır Bölük Başı', 'Military Company Commander', 6),
(24, 'Sekban', 'Mercenary Soldier', 6),
(25, 'Sipahi', 'Cavarlyman', 6),
(26, 'Sipahi Kulağası', 'Cavarly Adjuctant Major', 6),
(27, 'Zabit', 'Officer', 6),
(28, 'Zabit Sekban', 'Mercenary Officer', 6),
(29, 'Zabit Sipahi', 'Cavarly Officer', 6),
(30, 'Yüzbaşı', 'Military Captain', 6),
(142, 'Topcu', 'Artilleryman', 6),
(143, 'Topcu Onbasi', 'Artillery Corporal', 6),
(144, 'Topcu Cavusu', 'Artillery Sergeant', 6),
(145, 'Topcu Mülazim', 'Artillery Lieutenant', 6),
(146, 'Topçu Yüzbaşı', 'Artillery Captain', 6),
(147, 'Berber', 'Barber', 16),
(148, 'Çalgıcı', 'Musician', 16),
(149, 'Dellal', 'Town Crier', 16),
(150, 'Hamamcı', 'Bath Attendant', 16),
(151, 'Hamam Naziri', 'Bath Sipervisor', 16),
(152, 'Hancı', 'Innkeeper', 16),
(153, 'Kahveci', 'Coffeehouse Keeper', 16),
(154, 'Kahveci Tabi', 'Coffeehouse Assistant', 16),
(155, 'Meyhaneci', 'Drink House Keeper', 16),
(156, 'Seyis', 'Stableman', 16),
(157, 'Şarkıcı', 'Singer', 16),
(158, 'Dülger', 'Carpenter', 15),
(159, 'Debbağ', 'Tanner', 11),
(160, 'Göncü', 'Leather Seller', 11),
(161, 'Kürkçü', 'Furrier', 11),
(162, 'Saraç', 'Saddler', 11),
(163, 'Semerci', 'Pack Saddler', 11),
(164, 'Yemenici', 'Leather Shoe Maker', 11),
(165, 'Kalpakçı', 'Fur Cap Maker', 11),
(166, 'Çömlekçi', 'Potter', 15),
(167, 'Çubukçu', 'Tobacco Pipe Maker', 15),
(168, 'Doğramacı', 'Woodworker', 15),
(169, 'Hasırcı', 'Caner', 15),
(170, 'İpçi', 'Ropemaker', 15),
(171, 'Kiremitçi', 'Tiler', 15),
(172, 'Koltukçu', 'Upholsterer', 15),
(173, 'Lulacı', 'Pipe Maker', 15),
(174, 'Saatçı', 'Watchmaker', 15),
(175, 'Tüfekçi', 'Gunsmith', 15),
(176, 'Mumcu', 'Candle Maker', 15),
(177, 'Derviş', 'Dervish', 7),
(178, 'İmam', 'Imam', 7),
(179, 'Muezzin', 'Muezzin', 7),
(180, 'Müderris', 'Teacher', 7),
(181, 'Mütevelli', 'Overseer', 7),
(182, 'Şeyh', 'Sheikh', 7),
(183, 'Talebe-i Ulum', 'Student', 7),
(184, 'Papas', 'Priest', 7),
(185, 'Müftü', 'Mufti', 7),
(186, 'Abacı', 'Aba Maker', 13),
(187, 'Boyacı', 'Dyer', 13),
(188, 'Hallaç', 'Cotton Fluffer ', 13),
(189, 'Kazzaz', 'Silk Seller', 13),
(190, 'Keçeci', 'Felt Maker', 13),
(191, 'Mutaf', 'Weaver of Goats Hair', 13),
(192, 'Alil', 'Sick', 4),
(193, 'İhtiyar', 'Old', 4),
(194, 'İhtiyar ve Alil', 'Old and Sick', 4),
(195, 'Dülkar', 'Widdow', 4),
(196, 'Nisa Taifesinden', 'Woman', 4),
(197, 'Mecnun', 'Mentally Ill', 4),
(198, 'Fukara', 'Poor Person', 4),
(199, 'Yetim', 'Orphan', 4),
(200, 'Salcı', 'Orphan (?)', 4),
(201, 'Bakıcı', 'Watcher', 8),
(202, 'Çocuklar Okutma', 'Children Teacher', 8),
(203, 'Gezginci', 'Guard', 8),
(204, 'Katib', 'Scribe', 8),
(205, 'Kavas', 'Armed Constable', 8),
(206, 'Kayyum', 'Mosque Caretaker', 8),
(207, 'Mezarcı', 'Gravedigger', 8),
(208, 'Muhtar', 'Neighborhood Representative', 8),
(209, 'Muhzır', 'Bailiff', 8),
(210, 'Nüfüs Naziri', 'Civil Registry Officer', 8),
(211, 'Ziraat Müdürü', 'Agriculture Director', 8),
(212, 'Bahçevan', 'Gardener', 9),
(213, 'Çapacı', 'Hoer (agriculture)', 9),
(214, 'Çoban', 'Shepherd', 9),
(215, 'Irgat', 'Farm Labourer', 9),
(216, 'Hizmetkar', 'Servant', 9),
(217, 'Dikici', 'Stitcher', 14),
(218, 'Papuççu', 'Shoe Maker', 14),
(219, 'Terzi', 'Tailor', 14),
(220, 'Yorgancı', 'Quilt Maker', 14),
(221, 'Bıçakçı', 'Knife Maker', 12),
(222, 'Dökmeci', 'Molder', 12),
(223, 'Kalaycı', 'Tinsmith', 12),
(224, 'Kazancı', 'Boilersmith', 12),
(225, 'Kuyumcu', 'Goldsmith', 12),
(226, 'Mineci', 'Enamelist', 12),
(227, 'Nalbant', 'Horseshoer', 12),
(228, 'Kantarcı', 'Scaler', 12),
(229, 'Demirci', 'Ironsmith', 12),
(230, 'Aktar Ticareti', 'Spice Seller', 5),
(231, 'Tuz Ticareti', 'Salt Seller', 5),
(232, 'Eskici', 'Junk Dealer', 5),
(233, 'Duhancı', 'Tobbacco Seller', 5),
(234, 'Oduncu', 'Lumberjack', 5),
(235, 'Avrupa Ticareti', 'European Merchant', 5),
(236, 'Erbab-ı Ticaret', 'Merchant', 5),
(237, 'Ayak Ticareti', 'Street Merchant', 5),
(238, 'Bezirgan', 'Wholesale Merchant', 5),
(239, 'Araba Kiracı', 'Dray Driver', 18),
(240, 'Kiracı', 'Driver', 18),
(241, 'Koçucu', 'Coach Driver', 18),
(242, 'Aşçı', 'Cook', 17),
(243, 'Bakkal', 'Grocer', 17),
(244, 'Ekmekçi', 'Bread Maker', 17),
(245, 'Kadayifçi', 'Dessert Maker', 17),
(246, 'Kasap', 'Butcher', 17),
(247, 'Simitçi', 'Bagel Seller', 17),
(248, 'Yemişçi', 'Dried Fruit Seller', 17),
(249, 'Ashab-ı Alaka', 'Notable', 3),
(250, 'Erbab-ı Ziraat', 'Landowner', 3),
(251, 'Rençber', 'Farmer', 3);

-- --------------------------------------------------------

--
-- Table structure for table `occupation_household`
--

CREATE TABLE `occupation_household` (
  `occupation_household_id` int(11) NOT NULL,
  `fk_occupation_id` int(11) NOT NULL,
  `fk_household_id` int(11) NOT NULL,
  `income` int(11) DEFAULT NULL,
  `type` enum('Usta','Kalfa','Çırak') DEFAULT NULL
) ENGINE=InnoDB DEFAULT CHARSET=utf8;

--
-- Dumping data for table `occupation_household`
--

INSERT INTO `occupation_household` (`occupation_household_id`, `fk_occupation_id`, `fk_household_id`, `income`, `type`) VALUES
(1, 249, 1, 0, NULL),
(2, 159, 2, 0, NULL),
(3, 142, 3, 120, NULL),
(4, 147, 3, 100, NULL),
(5, 185, 4, 2500, NULL),
(6, 208, 5, 100, NULL),
(7, 250, 6, 0, NULL),
(8, 216, 12, 100, NULL),
(9, 250, 13, 0, NULL),
(10, 25, 14, 2883, NULL),
(11, 249, 14, 0, NULL),
(12, 248, 17, 100, NULL),
(13, 250, 18, 0, NULL),
(14, 25, 19, 0, NULL),
(15, 236, 19, 200, NULL),
(16, 250, 20, 0, NULL),
(17, 199, 21, 0, NULL),
(18, 142, 22, 120, NULL),
(19, 183, 23, 0, NULL),
(20, 216, 24, 100, NULL),
(21, 153, 25, 100, NULL),
(22, 142, 26, 120, NULL),
(23, 243, 26, 250, NULL),
(24, 199, 27, 0, NULL),
(25, 162, 28, 250, NULL),
(26, 239, 29, 150, NULL),
(27, 193, 30, 0, NULL),
(28, 216, 31, 200, NULL),
(29, 142, 32, 120, NULL),
(30, 153, 32, 100, NULL),
(31, 27, 34, 150, NULL),
(32, 250, 35, 0, NULL),
(33, 199, 36, 0, NULL),
(34, 142, 37, 120, NULL),
(35, 162, 37, 150, NULL),
(36, 164, 38, 100, NULL),
(37, 142, 39, 120, NULL),
(38, 239, 39, 150, NULL),
(39, 142, 40, 120, NULL),
(40, 162, 40, 100, NULL),
(41, 162, 41, 50, NULL),
(42, 25, 42, 0, NULL),
(43, 25, 43, 0, NULL),
(44, 246, 44, 150, NULL),
(45, 216, 45, 100, NULL),
(46, 236, 46, 200, NULL),
(47, 196, 47, 0, NULL),
(48, 149, 48, 150, NULL),
(49, 236, 49, 300, NULL),
(50, 199, 50, 0, NULL),
(51, 199, 51, 0, NULL),
(52, 183, 52, 0, NULL),
(53, 236, 52, 300, NULL),
(54, 204, 53, 150, NULL),
(55, 216, 54, 150, NULL),
(56, 142, 55, 120, NULL),
(57, 142, 56, 120, NULL),
(58, 250, 57, 0, NULL),
(59, 239, 58, 100, NULL),
(60, 216, 59, 100, NULL),
(61, 243, 60, 150, NULL),
(62, 27, 61, 200, NULL),
(63, 143, 62, 180, NULL),
(64, 181, 62, 120, NULL),
(65, 236, 62, 600, NULL),
(66, 204, 63, 250, NULL),
(67, 142, 64, 120, NULL),
(68, 164, 64, 150, NULL),
(69, 143, 66, 180, NULL),
(70, 159, 66, 150, NULL),
(71, 143, 67, 180, NULL),
(72, 147, 67, 150, NULL),
(73, 216, 68, 150, NULL),
(74, 206, 69, 285, NULL),
(75, 216, 70, 100, NULL),
(76, 142, 71, 120, NULL),
(77, 250, 72, 0, NULL),
(78, 142, 73, 120, NULL),
(79, 147, 73, 200, NULL),
(80, 178, 74, 250, NULL),
(81, 250, 75, 0, NULL),
(82, 29, 76, 0, NULL),
(83, 29, 77, 0, NULL),
(84, 216, 78, 0, NULL),
(85, 159, 79, 600, NULL),
(86, 219, 80, 100, NULL),
(87, 199, 81, 0, NULL),
(88, 142, 82, 120, NULL),
(89, 159, 82, 50, NULL),
(90, 153, 83, 50, NULL),
(91, 142, 84, 120, NULL),
(92, 159, 84, 150, NULL),
(93, 199, 85, 0, NULL),
(94, 142, 86, 120, NULL),
(95, 29, 87, 0, NULL),
(96, 216, 88, 50, NULL),
(97, 159, 89, 550, NULL),
(98, 198, 90, 0, NULL),
(99, 243, 91, 200, NULL),
(100, 248, 92, 100, NULL),
(101, 250, 93, 0, NULL),
(102, 216, 94, 0, NULL),
(103, 250, 95, 0, NULL),
(104, 27, 96, 200, NULL),
(105, 216, 97, 500, NULL),
(106, 25, 98, 432, NULL),
(107, 239, 99, 100, NULL),
(108, 198, 100, 0, NULL),
(109, 142, 102, 120, NULL),
(110, 243, 102, 200, NULL),
(111, 216, 103, 200, NULL),
(112, 20, 104, 0, NULL),
(113, 153, 105, 50, NULL),
(114, 142, 106, 120, NULL),
(115, 10, 106, 200, NULL),
(116, 142, 107, 120, NULL),
(117, 180, 110, 360, NULL),
(118, 162, 111, 400, NULL),
(119, 250, 112, 0, NULL),
(120, 249, 113, 0, NULL),
(121, 25, 115, 612, NULL),
(122, 181, 116, 120, NULL),
(123, 143, 117, 180, NULL),
(124, 236, 117, 500, NULL),
(125, 25, 118, 968, NULL),
(126, 149, 118, 300, NULL),
(127, 143, 119, 180, NULL),
(128, 249, 124, 0, NULL),
(129, 142, 126, 120, NULL),
(130, 250, 126, 0, NULL),
(131, 29, 127, 0, NULL),
(132, 149, 128, 100, NULL),
(133, 183, 129, 0, NULL),
(134, 142, 130, 120, NULL),
(135, 216, 130, 150, NULL),
(136, 196, 131, 0, NULL),
(137, 236, 132, 200, NULL),
(138, 219, 133, 100, NULL),
(139, 204, 134, 3000, NULL),
(140, 178, 135, 320, NULL),
(141, 227, 137, 120, NULL),
(142, 142, 138, 120, NULL),
(143, 168, 138, 250, NULL),
(144, 198, 139, 0, NULL),
(145, 216, 140, 250, NULL),
(146, 25, 141, 4000, NULL),
(147, 236, 141, 1000, NULL),
(148, 219, 142, 100, NULL),
(149, 196, 143, 0, NULL),
(150, 142, 144, 120, NULL),
(151, 162, 144, 300, NULL),
(152, 153, 145, 150, NULL),
(153, 142, 146, 120, NULL),
(154, 219, 146, 0, NULL),
(155, 143, 147, 180, NULL),
(156, 159, 147, 300, NULL),
(157, 209, 148, 200, NULL),
(158, 180, 149, 1200, NULL),
(159, 216, 150, 100, NULL),
(160, 142, 151, 120, NULL),
(161, 243, 151, 100, NULL),
(162, 195, 152, 0, NULL),
(163, 25, 153, 827, NULL),
(164, 236, 153, 600, NULL),
(165, 25, 154, 613, NULL),
(166, 183, 155, 0, NULL),
(167, 236, 156, 250, NULL),
(168, 199, 158, 0, NULL),
(169, 154, 159, 100, NULL),
(170, 164, 160, 100, NULL),
(171, 25, 161, 0, NULL),
(172, 159, 162, 100, NULL),
(173, 236, 163, 500, NULL),
(174, 142, 164, 120, NULL),
(175, 162, 164, 300, NULL),
(176, 233, 165, 300, NULL),
(177, 183, 166, 0, NULL),
(178, 30, 167, 0, NULL),
(179, 248, 168, 100, NULL),
(180, 168, 169, 100, NULL),
(181, 250, 170, 0, NULL),
(182, 204, 172, 600, NULL),
(183, 162, 173, 200, NULL),
(184, 142, 174, 120, NULL),
(185, 23, 175, 300, NULL),
(186, 25, 176, 168, NULL),
(187, 233, 176, 150, NULL),
(188, 162, 177, 400, NULL),
(189, 237, 178, 100, NULL),
(190, 197, 179, 0, NULL),
(191, 25, 180, 1252, NULL),
(192, 216, 181, 200, NULL),
(193, 209, 184, 120, NULL),
(194, 196, 187, 0, NULL),
(195, 249, 188, 0, NULL),
(196, 178, 189, 400, NULL),
(197, 153, 191, 100, NULL),
(198, 237, 192, 300, NULL),
(199, 152, 193, 500, NULL),
(200, 250, 193, 0, NULL),
(201, 179, 194, 200, NULL),
(202, 147, 195, 200, NULL),
(203, 142, 197, 120, NULL),
(204, 204, 197, 100, NULL),
(205, 142, 198, 120, NULL),
(206, 201, 198, 100, NULL),
(207, 207, 199, 100, NULL),
(208, 142, 200, 120, NULL),
(209, 142, 201, 120, NULL),
(210, 243, 201, 100, NULL),
(211, 147, 202, 300, NULL),
(212, 178, 203, 405, NULL),
(213, 149, 204, 200, NULL),
(214, 219, 206, 600, NULL),
(215, 6, 209, 0, NULL),
(216, 178, 210, 500, NULL),
(217, 250, 211, 0, NULL),
(218, 150, 212, 0, NULL),
(219, 236, 213, 1500, NULL),
(220, 210, 214, 2400, NULL),
(221, 233, 215, 300, NULL),
(222, 200, 216, 0, NULL),
(223, 216, 217, 150, NULL),
(224, 216, 218, 100, NULL),
(225, 233, 219, 500, NULL),
(226, 204, 220, 250, NULL),
(227, 216, 221, 100, NULL),
(228, 142, 222, 120, NULL),
(229, 147, 222, 50, NULL),
(230, 153, 223, 100, NULL),
(231, 204, 224, 300, NULL),
(232, 144, 225, 300, NULL),
(233, 248, 226, 100, NULL),
(234, 147, 227, 150, NULL),
(235, 182, 228, 1800, NULL),
(236, 216, 229, 100, NULL),
(237, 178, 230, 200, NULL),
(238, 216, 231, 0, NULL),
(239, 216, 232, 120, NULL),
(240, 248, 233, 120, NULL),
(241, 248, 234, 120, NULL),
(242, 24, 235, 150, NULL),
(243, 144, 236, 300, NULL),
(244, 147, 237, 100, NULL),
(245, 142, 238, 120, NULL),
(246, 232, 238, 50, NULL),
(247, 250, 239, 0, NULL),
(248, 193, 240, 0, NULL),
(249, 142, 241, 120, NULL),
(250, 193, 242, 0, NULL),
(251, 164, 243, 0, NULL),
(252, 157, 244, 100, NULL),
(253, 142, 245, 120, NULL),
(254, 219, 245, 100, NULL),
(255, 194, 246, 0, NULL),
(256, 147, 247, 100, NULL),
(257, 203, 248, 200, NULL),
(258, 142, 249, 120, NULL),
(259, 227, 249, 80, NULL),
(260, 200, 250, 0, NULL),
(261, 142, 251, 120, NULL),
(262, 168, 252, 100, NULL),
(263, 142, 253, 120, NULL),
(264, 216, 253, 0, NULL),
(265, 198, 254, 0, NULL),
(266, 10, 256, 150, NULL),
(267, 243, 258, 200, NULL),
(268, 231, 259, 800, NULL),
(269, 233, 260, 100, NULL),
(270, 142, 261, 120, NULL),
(271, 149, 261, 100, NULL),
(272, 149, 262, 100, NULL),
(273, 216, 263, 100, NULL),
(274, 142, 264, 120, NULL),
(275, 173, 264, 30, NULL),
(276, 153, 265, 60, NULL),
(277, 142, 266, 120, NULL),
(278, 216, 266, 30, NULL),
(279, 193, 267, 0, NULL),
(280, 198, 268, 0, NULL),
(281, 204, 269, 100, NULL),
(282, 216, 270, 100, NULL),
(283, 147, 271, 100, NULL),
(284, 250, 272, 0, NULL),
(285, 143, 273, 180, NULL),
(286, 216, 273, 100, NULL),
(287, 193, 274, 0, NULL),
(288, 204, 275, 0, NULL),
(289, 142, 276, 120, NULL),
(290, 227, 276, 50, NULL),
(291, 243, 277, 150, NULL),
(292, 243, 278, 200, NULL),
(293, 149, 279, 150, NULL),
(294, 233, 280, 1000, NULL),
(295, 216, 281, 150, NULL),
(296, 216, 282, 600, NULL),
(297, 237, 283, 300, NULL),
(298, 193, 284, 0, NULL),
(299, 142, 285, 120, NULL),
(300, 193, 286, 0, NULL),
(301, 216, 287, 250, NULL),
(302, 216, 288, 150, NULL),
(303, 216, 289, 150, NULL),
(304, 179, 290, 100, NULL),
(305, 207, 291, 75, NULL),
(306, 204, 292, 200, NULL),
(307, 199, 294, 0, NULL),
(308, 142, 295, 120, NULL),
(309, 239, 295, 150, NULL),
(310, 198, 296, 0, NULL),
(311, 25, 297, 500, NULL),
(312, 249, 298, 0, NULL),
(313, 199, 299, 0, NULL),
(314, 21, 300, 0, NULL),
(315, 182, 301, 0, NULL),
(316, 249, 301, 0, NULL),
(317, 204, 302, 250, NULL),
(318, 216, 303, 250, NULL),
(319, 199, 304, 0, NULL),
(320, 236, 305, 800, NULL),
(321, 233, 306, 400, NULL),
(322, 249, 307, 0, NULL),
(323, 189, 308, 50, NULL),
(324, 199, 309, 0, NULL),
(325, 142, 311, 120, NULL),
(326, 216, 311, 120, NULL),
(327, 216, 312, 200, NULL),
(328, 249, 313, 0, NULL),
(329, 142, 315, 120, NULL),
(330, 230, 315, 600, NULL),
(331, 142, 316, 120, NULL),
(332, 216, 317, 140, NULL),
(333, 249, 318, 0, NULL),
(334, 233, 320, 900, NULL),
(335, 25, 321, 533, NULL),
(336, 142, 321, 120, NULL),
(337, 216, 322, 100, NULL),
(338, 25, 323, 2000, NULL),
(339, 178, 324, 850, NULL),
(340, 250, 325, 0, NULL),
(341, 204, 326, 500, NULL),
(342, 179, 327, 200, NULL),
(343, 216, 328, 300, NULL),
(344, 249, 329, 0, NULL),
(345, 216, 330, 300, NULL),
(346, 216, 331, 150, NULL),
(347, 227, 332, 300, NULL),
(348, 182, 333, 0, NULL),
(349, 249, 334, 0, NULL),
(350, 142, 336, 120, NULL),
(351, 250, 336, 0, NULL),
(352, 204, 337, 400, NULL),
(353, 142, 338, 120, NULL),
(354, 221, 338, 200, NULL),
(355, 249, 339, 0, NULL),
(356, 246, 340, 350, NULL),
(357, 216, 341, 500, NULL),
(358, 199, 342, 0, NULL),
(359, 27, 343, 200, NULL),
(360, 216, 344, 100, NULL),
(361, 10, 345, 120, NULL),
(362, 142, 346, 120, NULL),
(363, 219, 346, 20, NULL),
(364, 199, 347, 0, NULL),
(365, 142, 348, 120, NULL),
(366, 216, 348, 120, NULL),
(367, 216, 349, 100, NULL),
(368, 142, 350, 120, NULL),
(369, 216, 351, 150, NULL),
(370, 177, 352, 0, NULL),
(371, 216, 353, 150, NULL),
(372, 221, 354, 150, NULL),
(373, 216, 355, 100, NULL),
(374, 149, 356, 250, NULL),
(375, 216, 357, 90, NULL),
(376, 177, 358, 0, NULL),
(377, 216, 359, 100, NULL),
(378, 216, 360, 150, NULL),
(379, 149, 361, 350, NULL),
(380, 162, 362, 500, NULL),
(381, 198, 363, 0, NULL),
(382, 142, 364, 120, NULL),
(383, 217, 365, 900, NULL),
(384, 216, 366, 150, NULL),
(385, 153, 367, 120, NULL),
(386, 25, 368, 200, NULL),
(387, 177, 369, 0, NULL),
(388, 142, 370, 120, NULL),
(389, 216, 370, 100, NULL),
(390, 142, 371, 120, NULL),
(391, 239, 371, 150, NULL),
(392, 142, 372, 120, NULL),
(393, 142, 373, 120, NULL),
(394, 238, 374, 500, NULL),
(395, 249, 374, 0, NULL),
(396, 142, 375, 120, NULL),
(397, 227, 375, 100, NULL),
(398, 143, 376, 180, NULL),
(399, 221, 376, 100, NULL),
(400, 190, 377, 100, NULL),
(401, 217, 378, 100, NULL),
(402, 159, 379, 150, NULL),
(403, 142, 380, 120, NULL),
(404, 219, 380, 80, NULL),
(405, 216, 381, 150, NULL),
(406, 189, 382, 150, NULL),
(407, 19, 383, 480, NULL),
(408, 147, 383, 100, NULL),
(409, 142, 385, 120, NULL),
(410, 243, 385, 250, NULL),
(411, 179, 386, 150, NULL),
(412, 142, 387, 120, NULL),
(413, 227, 387, 150, NULL),
(414, 175, 388, 100, NULL),
(415, 22, 389, 1600, NULL),
(416, 195, 390, 0, NULL),
(417, 192, 391, 0, NULL),
(418, 243, 394, 500, NULL),
(419, 248, 395, 100, NULL),
(420, 142, 396, 120, NULL),
(421, 219, 396, 50, NULL),
(422, 216, 397, 150, NULL),
(423, 142, 398, 120, NULL),
(424, 147, 398, 100, NULL),
(425, 216, 399, 150, NULL),
(426, 182, 400, 0, NULL),
(427, 216, 401, 200, NULL),
(428, 147, 402, 150, NULL),
(429, 208, 403, 0, NULL),
(430, 243, 403, 300, NULL),
(431, 216, 404, 100, NULL),
(432, 19, 405, 600, NULL),
(433, 142, 406, 120, NULL),
(434, 216, 406, 100, NULL),
(435, 142, 407, 120, NULL),
(436, 216, 408, 120, NULL),
(437, 192, 409, 0, NULL),
(438, 216, 410, 150, NULL),
(439, 194, 411, 0, NULL),
(440, 216, 412, 50, NULL),
(441, 216, 413, 150, NULL),
(442, 190, 414, 250, NULL),
(443, 25, 415, 2259, NULL),
(444, 243, 416, 400, NULL),
(445, 199, 417, 0, NULL),
(446, 239, 418, 250, NULL),
(447, 190, 419, 120, NULL),
(448, 143, 420, 180, NULL),
(449, 219, 420, 120, NULL),
(450, 216, 421, 125, NULL),
(451, 179, 423, 100, NULL),
(452, 142, 424, 120, NULL),
(453, 147, 424, 50, NULL),
(454, 216, 425, 330, NULL),
(455, 147, 426, 500, NULL),
(456, 216, 427, 120, NULL),
(457, 199, 428, 0, NULL),
(458, 168, 429, 200, NULL),
(459, 188, 430, 150, NULL),
(460, 142, 431, 120, NULL),
(461, 227, 431, 80, NULL),
(462, 173, 432, 150, NULL),
(463, 142, 433, 120, NULL),
(464, 173, 433, 30, NULL),
(465, 142, 434, 120, NULL),
(466, 219, 434, 50, NULL),
(467, 142, 435, 120, NULL),
(468, 239, 435, 180, NULL),
(469, 216, 436, 150, NULL),
(470, 216, 437, 150, NULL),
(471, 217, 438, 50, NULL),
(472, 216, 439, 100, NULL),
(473, 142, 440, 120, NULL),
(474, 168, 440, 150, NULL),
(475, 216, 441, 200, NULL),
(476, 142, 442, 120, NULL),
(477, 190, 442, 100, NULL),
(478, 216, 443, 150, NULL),
(479, 27, 444, 250, NULL),
(480, 149, 445, 50, NULL),
(481, 243, 447, 120, NULL),
(482, 142, 448, 120, NULL),
(483, 142, 449, 120, NULL),
(484, 221, 449, 150, NULL),
(485, 243, 450, 100, NULL),
(486, 142, 451, 120, NULL),
(487, 190, 451, 70, NULL),
(488, 243, 452, 300, NULL),
(489, 147, 453, 166, NULL),
(490, 142, 454, 120, NULL),
(491, 216, 455, 170, NULL),
(492, 216, 456, 120, NULL),
(493, 216, 458, 200, NULL),
(494, 216, 459, 350, NULL),
(495, 216, 460, 120, NULL),
(496, 216, 461, 120, NULL),
(497, 10, 462, 225, NULL),
(498, 219, 464, 150, NULL),
(499, 221, 465, 150, NULL),
(500, 216, 466, 50, NULL),
(501, 239, 467, 150, NULL),
(502, 245, 468, 200, NULL),
(503, 216, 469, 120, NULL),
(504, 216, 470, 120, NULL),
(505, 199, 471, 0, NULL),
(506, 159, 472, 150, NULL),
(507, 144, 473, 300, NULL),
(508, 248, 473, 100, NULL),
(509, 146, 474, 1200, NULL),
(510, 10, 475, 0, NULL),
(511, 194, 476, 0, NULL),
(512, 172, 477, 100, NULL),
(513, 173, 478, 150, NULL),
(514, 216, 479, 100, NULL),
(515, 216, 480, 100, NULL),
(516, 216, 481, 200, NULL),
(517, 200, 482, 0, NULL),
(518, 24, 483, 200, NULL),
(519, 216, 484, 300, NULL),
(520, 198, 485, 0, NULL),
(521, 237, 486, 100, NULL),
(522, 201, 487, 200, NULL),
(523, 24, 489, 200, NULL),
(524, 142, 490, 120, NULL),
(525, 227, 490, 100, NULL),
(526, 237, 491, 100, NULL),
(527, 159, 492, 100, NULL),
(528, 183, 493, 0, NULL),
(529, 243, 494, 150, NULL),
(530, 250, 495, 0, NULL),
(531, 216, 496, 80, NULL),
(532, 142, 497, 120, NULL),
(533, 227, 497, 0, NULL),
(534, 142, 498, 120, NULL),
(535, 227, 498, 0, NULL),
(536, 142, 499, 120, NULL),
(537, 248, 499, 100, NULL),
(538, 179, 500, 344, NULL),
(539, 200, 501, 0, NULL),
(540, 198, 502, 0, NULL),
(541, 142, 503, 120, NULL),
(542, 159, 503, 100, NULL),
(543, 190, 504, 200, NULL),
(544, 142, 505, 120, NULL),
(545, 159, 506, 100, NULL),
(546, 142, 507, 120, NULL),
(547, 153, 507, 80, NULL),
(548, 24, 508, 200, NULL),
(549, 29, 509, 100, NULL),
(550, 143, 510, 180, NULL),
(551, 142, 511, 120, NULL),
(552, 142, 512, 120, NULL),
(553, 162, 512, 50, NULL),
(554, 142, 513, 120, NULL),
(555, 216, 514, 200, NULL),
(556, 29, 515, 100, NULL),
(557, 239, 516, 100, NULL),
(558, 28, 517, 200, NULL),
(559, 227, 518, 100, NULL),
(560, 243, 519, 200, NULL),
(561, 25, 520, 250, NULL),
(562, 227, 520, 100, NULL),
(563, 142, 521, 120, NULL),
(564, 248, 521, 50, NULL),
(565, 208, 522, 0, NULL),
(566, 227, 522, 100, NULL),
(567, 142, 523, 120, NULL),
(568, 147, 523, 50, NULL),
(569, 216, 524, 150, NULL),
(570, 142, 525, 120, NULL),
(571, 162, 525, 100, NULL),
(572, 237, 526, 150, NULL),
(573, 227, 527, 100, NULL),
(574, 237, 528, 150, NULL),
(575, 239, 529, 200, NULL),
(576, 227, 530, 100, NULL),
(577, 29, 531, 300, NULL),
(578, 250, 532, 0, NULL),
(579, 142, 533, 120, NULL),
(580, 147, 533, 100, NULL),
(581, 142, 534, 120, NULL),
(582, 250, 535, 0, NULL),
(583, 199, 536, 0, NULL),
(584, 216, 537, 100, NULL),
(585, 248, 538, 50, NULL),
(586, 190, 539, 150, NULL),
(587, 227, 540, 140, NULL),
(588, 25, 541, 289, NULL),
(589, 27, 541, 100, NULL),
(590, 227, 542, 150, NULL),
(591, 27, 543, 150, NULL),
(592, 27, 544, 100, NULL),
(593, 219, 545, 50, NULL),
(594, 164, 546, 150, NULL),
(595, 216, 547, 100, NULL),
(596, 27, 548, 100, NULL),
(597, 162, 549, 100, NULL),
(598, 175, 550, 150, NULL),
(599, 162, 551, 250, NULL),
(600, 216, 552, 100, NULL),
(601, 216, 553, 150, NULL),
(602, 149, 554, 100, NULL),
(603, 204, 555, 150, NULL),
(604, 250, 556, 0, NULL),
(605, 27, 557, 200, NULL),
(606, 181, 558, 120, NULL),
(607, 249, 558, 0, NULL),
(608, 142, 559, 120, NULL),
(609, 246, 559, 100, NULL),
(610, 29, 560, 100, NULL),
(611, 239, 561, 150, NULL),
(612, 10, 562, 50, NULL),
(613, 147, 563, 150, NULL),
(614, 142, 564, 120, NULL),
(615, 216, 565, 50, NULL),
(616, 159, 566, 100, NULL),
(617, 142, 567, 120, NULL),
(618, 159, 567, 50, NULL),
(619, 142, 568, 120, NULL),
(620, 159, 568, 50, NULL),
(621, 199, 569, 0, NULL),
(622, 142, 570, 120, NULL),
(623, 159, 570, 50, NULL),
(624, 159, 571, 150, NULL),
(625, 227, 572, 0, NULL),
(626, 142, 573, 120, NULL),
(627, 243, 573, 100, NULL),
(628, 142, 574, 120, NULL),
(629, 173, 574, 50, NULL),
(630, 227, 575, 50, NULL),
(631, 239, 576, 100, NULL),
(632, 28, 577, 50, NULL),
(633, 142, 578, 120, NULL),
(634, 237, 578, 100, NULL),
(635, 142, 579, 120, NULL),
(636, 147, 579, 100, NULL),
(637, 154, 580, 50, NULL),
(638, 142, 581, 120, NULL),
(639, 248, 581, 150, NULL),
(640, 216, 582, 100, NULL),
(641, 142, 583, 120, NULL),
(642, 243, 583, 100, NULL),
(643, 142, 584, 120, NULL),
(644, 216, 585, 100, NULL),
(645, 142, 586, 120, NULL),
(646, 232, 586, 50, NULL),
(647, 28, 587, 200, NULL),
(648, 250, 588, 0, NULL),
(649, 193, 589, 0, NULL),
(650, 28, 590, 400, NULL),
(651, 144, 591, 300, NULL),
(652, 164, 591, 150, NULL),
(653, 143, 592, 180, NULL),
(654, 149, 592, 50, NULL),
(655, 216, 593, 0, NULL),
(656, 149, 594, 50, NULL),
(657, 239, 595, 150, NULL),
(658, 199, 596, 0, NULL),
(659, 216, 597, 150, NULL),
(660, 198, 598, 0, NULL),
(661, 216, 599, 150, NULL),
(662, 198, 600, 0, NULL),
(663, 201, 601, 100, NULL),
(664, 200, 602, 0, NULL),
(665, 147, 603, 150, NULL),
(666, 10, 604, 50, NULL),
(667, 250, 605, 0, NULL),
(668, 159, 606, 100, NULL),
(669, 159, 607, 100, NULL),
(670, 201, 608, 50, NULL),
(671, 159, 609, 60, NULL),
(672, 213, 610, 50, NULL),
(673, 216, 611, 150, NULL),
(674, 28, 612, 150, NULL),
(675, 142, 613, 120, NULL),
(676, 159, 613, 100, NULL),
(677, 237, 614, 80, NULL),
(678, 201, 615, 100, NULL),
(679, 216, 616, 100, NULL),
(680, 142, 617, 120, NULL),
(681, 159, 617, 100, NULL),
(682, 239, 618, 100, NULL),
(683, 24, 619, 200, NULL),
(684, 199, 620, 0, NULL),
(685, 28, 621, 200, NULL),
(686, 142, 622, 120, NULL),
(687, 159, 623, 200, NULL),
(688, 142, 624, 120, NULL),
(689, 159, 624, 100, NULL),
(690, 28, 625, 0, NULL),
(691, 216, 625, 100, NULL),
(692, 239, 626, 100, NULL),
(693, 239, 627, 100, NULL),
(694, 216, 628, 60, NULL),
(695, 250, 629, 0, NULL),
(696, 239, 630, 50, NULL),
(697, 142, 631, 120, NULL),
(698, 243, 631, 0, NULL),
(699, 158, 632, 50, NULL),
(700, 201, 633, 50, NULL),
(701, 27, 634, 100, NULL),
(702, 237, 635, 100, NULL),
(703, 142, 636, 120, NULL),
(704, 159, 636, 100, NULL),
(705, 142, 637, 120, NULL),
(706, 159, 637, 200, NULL),
(707, 216, 638, 120, NULL),
(708, 201, 639, 100, NULL),
(709, 216, 640, 80, NULL),
(710, 216, 641, 150, NULL),
(711, 216, 642, 100, NULL),
(712, 142, 643, 120, NULL),
(713, 10, 643, 100, NULL),
(714, 216, 644, 50, NULL),
(715, 198, 645, 0, NULL),
(716, 213, 646, 50, NULL),
(717, 142, 647, 120, NULL),
(718, 173, 647, 50, NULL),
(719, 142, 648, 120, NULL),
(720, 248, 648, 50, NULL),
(721, 250, 649, 0, NULL),
(722, 27, 650, 200, NULL),
(723, 248, 651, 80, NULL),
(724, 164, 652, 50, NULL),
(725, 216, 653, 0, NULL),
(726, 216, 654, 100, NULL),
(727, 27, 655, 200, NULL),
(728, 27, 656, 200, NULL),
(729, 159, 657, 60, NULL),
(730, 239, 659, 150, NULL),
(731, 142, 660, 120, NULL),
(732, 147, 660, 100, NULL),
(733, 216, 661, 150, NULL),
(734, 142, 662, 120, NULL),
(735, 248, 662, 50, NULL),
(736, 192, 663, 0, NULL),
(737, 201, 664, 100, NULL),
(738, 28, 665, 200, NULL),
(739, 159, 666, 50, NULL),
(740, 147, 667, 150, NULL),
(741, 237, 668, 100, NULL),
(742, 159, 670, 100, NULL),
(743, 164, 671, 0, NULL),
(744, 29, 672, 200, NULL),
(745, 142, 673, 120, NULL),
(746, 159, 673, 50, NULL),
(747, 216, 674, 200, NULL),
(748, 227, 675, 150, NULL),
(749, 227, 676, 150, NULL),
(750, 162, 677, 50, NULL),
(751, 239, 678, 100, NULL),
(752, 227, 679, 0, NULL),
(753, 216, 680, 100, NULL),
(754, 142, 681, 120, NULL),
(755, 248, 681, 30, NULL),
(756, 216, 683, 60, NULL),
(757, 248, 684, 50, NULL),
(758, 159, 685, 60, NULL),
(759, 216, 686, 100, NULL),
(760, 142, 687, 120, NULL),
(761, 142, 688, 120, NULL),
(762, 147, 688, 50, NULL),
(763, 164, 689, 50, NULL),
(764, 198, 690, 0, NULL),
(765, 237, 691, 60, NULL),
(766, 216, 692, 150, NULL),
(767, 142, 693, 120, NULL),
(768, 237, 693, 100, NULL),
(769, 183, 694, 0, NULL),
(770, 175, 695, 80, NULL),
(771, 143, 696, 180, NULL),
(772, 173, 696, 60, NULL),
(773, 142, 697, 120, NULL),
(774, 159, 697, 80, NULL),
(775, 201, 698, 60, NULL),
(776, 142, 699, 120, NULL),
(777, 248, 699, 50, NULL),
(778, 178, 700, 520, NULL),
(779, 249, 701, 0, NULL),
(780, 159, 704, 200, NULL),
(781, 182, 705, 0, NULL),
(782, 150, 707, 300, NULL),
(783, 151, 709, 150, NULL),
(784, 216, 710, 500, NULL),
(785, 211, 713, 0, NULL),
(786, 195, 715, 0, NULL),
(787, 216, 717, 150, NULL),
(788, 142, 718, 120, NULL),
(789, 243, 718, 100, NULL),
(790, 204, 719, 450, NULL),
(791, 142, 720, 120, NULL),
(792, 159, 720, 100, NULL),
(793, 143, 721, 180, NULL),
(794, 236, 722, 400, NULL),
(795, 181, 723, 500, NULL),
(796, 10, 724, 200, NULL),
(797, 216, 725, 50, NULL),
(798, 162, 726, 150, NULL),
(799, 149, 727, 250, NULL),
(800, 204, 728, 600, NULL),
(801, 199, 729, 0, NULL),
(802, 201, 730, 100, NULL),
(803, 237, 731, 200, NULL),
(804, 198, 733, 0, NULL),
(805, 216, 734, 150, NULL),
(806, 142, 735, 120, NULL),
(807, 159, 735, 80, NULL),
(808, 216, 736, 0, NULL),
(809, 142, 737, 120, NULL),
(810, 160, 737, 100, NULL),
(811, 227, 739, 150, NULL),
(812, 216, 740, 600, NULL),
(813, 142, 741, 120, NULL),
(814, 243, 741, 100, NULL),
(815, 142, 742, 120, NULL),
(816, 216, 742, 150, NULL),
(817, 20, 743, 1000, NULL),
(818, 216, 744, 100, NULL),
(819, 28, 745, 200, NULL),
(820, 142, 746, 120, NULL),
(821, 147, 746, 80, NULL),
(822, 178, 747, 400, NULL),
(823, 189, 749, 100, NULL),
(824, 142, 750, 120, NULL),
(825, 159, 750, 100, NULL),
(826, 142, 751, 120, NULL),
(827, 164, 751, 200, NULL),
(828, 246, 752, 300, NULL),
(829, 207, 753, 100, NULL),
(830, 237, 754, 100, NULL),
(831, 216, 755, 100, NULL),
(832, 146, 756, 1200, NULL),
(833, 199, 757, 0, NULL),
(834, 147, 758, 100, NULL),
(835, 237, 759, 110, NULL),
(836, 147, 760, 0, NULL),
(837, 142, 761, 120, NULL),
(838, 147, 761, 50, NULL),
(839, 142, 762, 120, NULL),
(840, 227, 762, 0, NULL),
(841, 227, 764, 200, NULL),
(842, 28, 765, 200, NULL),
(843, 142, 766, 120, NULL),
(844, 239, 766, 100, NULL),
(845, 142, 767, 120, NULL),
(846, 227, 767, 50, NULL),
(847, 250, 768, 0, NULL),
(848, 10, 769, 150, NULL),
(849, 189, 770, 100, NULL),
(850, 236, 771, 400, NULL),
(851, 216, 772, 100, NULL),
(852, 192, 773, 0, NULL),
(853, 142, 774, 120, NULL),
(854, 239, 775, 100, NULL),
(855, 216, 776, 100, NULL),
(856, 142, 777, 120, NULL),
(857, 219, 777, 50, NULL),
(858, 216, 778, 500, NULL),
(859, 227, 779, 150, NULL),
(860, 216, 780, 100, NULL),
(861, 143, 781, 180, NULL),
(862, 162, 781, 100, NULL),
(863, 227, 782, 150, NULL),
(864, 216, 783, 100, NULL),
(865, 151, 784, 100, NULL),
(866, 216, 786, 100, NULL),
(867, 142, 787, 120, NULL),
(868, 164, 787, 50, NULL),
(869, 142, 788, 120, NULL),
(870, 143, 789, 180, NULL),
(871, 151, 789, 100, NULL),
(872, 142, 790, 120, NULL),
(873, 216, 791, 150, NULL),
(874, 236, 792, 300, NULL),
(875, 198, 793, 0, NULL),
(876, 232, 794, 50, NULL),
(877, 142, 795, 120, NULL),
(878, 198, 796, 0, NULL),
(879, 216, 797, 0, NULL),
(880, 239, 798, 100, NULL),
(881, 216, 799, 100, NULL),
(882, 142, 800, 120, NULL),
(883, 219, 800, 0, NULL),
(884, 216, 801, 100, NULL),
(885, 142, 802, 120, NULL),
(886, 164, 802, 50, NULL),
(887, 147, 803, 50, NULL),
(888, 142, 804, 120, NULL),
(889, 159, 804, 100, NULL),
(890, 216, 805, 100, NULL),
(891, 216, 806, 80, NULL),
(892, 248, 807, 100, NULL),
(893, 142, 808, 120, NULL),
(894, 153, 808, 75, NULL),
(895, 248, 809, 50, NULL),
(896, 142, 810, 120, NULL),
(897, 153, 810, 50, NULL),
(898, 179, 811, 100, NULL),
(899, 216, 812, 100, NULL),
(900, 142, 813, 120, NULL),
(901, 147, 813, 100, NULL),
(902, 216, 814, 100, NULL),
(903, 167, 815, 100, NULL),
(904, 143, 816, 180, NULL),
(905, 142, 817, 120, NULL),
(906, 10, 817, 100, NULL),
(907, 237, 818, 100, NULL),
(908, 142, 819, 120, NULL),
(909, 239, 819, 100, NULL),
(910, 199, 820, 0, NULL),
(911, 216, 821, 100, NULL),
(912, 216, 822, 100, NULL),
(913, 216, 823, 100, NULL),
(914, 142, 824, 120, NULL),
(915, 227, 824, 50, NULL),
(916, 244, 825, 150, NULL),
(917, 227, 826, 0, NULL),
(918, 142, 827, 120, NULL),
(919, 164, 827, 50, NULL),
(920, 28, 828, 200, NULL),
(921, 142, 829, 120, NULL),
(922, 248, 830, 100, NULL),
(923, 199, 831, 0, NULL),
(924, 179, 832, 100, NULL),
(925, 198, 833, 0, NULL),
(926, 142, 834, 120, NULL),
(927, 239, 834, 110, NULL),
(928, 142, 835, 120, NULL),
(929, 219, 835, 220, NULL),
(930, 26, 836, 0, NULL),
(931, 147, 837, 0, NULL),
(932, 205, 838, 300, NULL),
(933, 142, 839, 120, NULL),
(934, 219, 839, 50, NULL),
(935, 219, 840, 300, NULL),
(936, 143, 841, 180, NULL),
(937, 236, 841, 0, NULL),
(938, 250, 842, 0, NULL),
(939, 250, 843, 0, NULL),
(940, 10, 843, 220, NULL),
(941, 183, 845, 0, NULL),
(942, 162, 847, 100, NULL),
(943, 142, 848, 120, NULL),
(944, 159, 849, 100, NULL),
(945, 162, 850, 100, NULL),
(946, 216, 851, 0, NULL),
(947, 204, 852, 0, NULL),
(948, 159, 854, 400, NULL),
(949, 164, 855, 300, NULL),
(950, 183, 856, 0, NULL),
(951, 10, 857, 300, NULL),
(952, 250, 858, 0, NULL),
(953, 142, 859, 120, NULL),
(954, 250, 859, 0, NULL),
(955, 216, 860, 200, NULL),
(956, 199, 861, 0, NULL),
(957, 236, 863, 0, NULL),
(958, 10, 863, 100, NULL),
(959, 142, 865, 120, NULL),
(960, 162, 865, 100, NULL),
(961, 143, 866, 180, NULL),
(962, 198, 867, 0, NULL),
(963, 243, 868, 100, NULL),
(964, 178, 869, 300, NULL),
(965, 198, 870, 0, NULL),
(966, 147, 871, 100, NULL),
(967, 142, 872, 120, NULL),
(968, 142, 873, 120, NULL),
(969, 10, 873, 100, NULL),
(970, 175, 874, 100, NULL),
(971, 191, 875, 300, NULL),
(972, 155, 876, 300, NULL),
(973, 215, 877, 100, NULL),
(974, 243, 878, 300, NULL),
(975, 243, 879, 300, NULL),
(976, 195, 880, 0, NULL),
(977, 236, 881, 300, NULL),
(978, 195, 882, 0, NULL),
(979, 195, 883, 0, NULL),
(980, 243, 884, 250, NULL),
(981, 243, 885, 300, NULL),
(982, 243, 886, 300, NULL),
(983, 176, 887, 200, NULL),
(984, 243, 888, 250, NULL),
(985, 243, 889, 350, NULL),
(986, 247, 890, 600, NULL),
(987, 155, 891, 250, NULL),
(988, 176, 892, 100, NULL),
(989, 191, 893, 150, NULL),
(990, 243, 894, 250, NULL),
(991, 239, 895, 300, NULL),
(992, 239, 896, 300, NULL),
(993, 213, 897, 300, NULL),
(994, 215, 898, 100, NULL),
(995, 243, 899, 300, NULL),
(996, 243, 900, 200, NULL),
(997, 247, 901, 200, NULL),
(998, 246, 902, 300, NULL),
(999, 215, 903, 100, NULL),
(1000, 195, 904, 0, NULL),
(1001, 215, 905, 150, NULL),
(1002, 243, 906, 120, NULL),
(1003, 216, 907, 100, NULL),
(1004, 216, 908, 100, NULL),
(1005, 243, 909, 120, NULL),
(1006, 158, 910, 120, NULL),
(1007, 158, 911, 150, NULL),
(1008, 219, 912, 100, NULL),
(1009, 219, 913, 100, NULL),
(1010, 155, 914, 120, NULL),
(1011, 195, 915, 0, NULL),
(1012, 216, 916, 80, NULL),
(1013, 216, 917, 100, NULL),
(1014, 158, 918, 150, NULL),
(1015, 168, 919, 150, NULL),
(1016, 161, 920, 150, NULL),
(1017, 158, 921, 120, NULL),
(1018, 170, 922, 150, NULL),
(1019, 195, 923, 0, NULL),
(1020, 155, 924, 120, NULL),
(1021, 158, 925, 120, NULL),
(1022, 243, 926, 250, NULL),
(1023, 243, 927, 200, NULL),
(1024, 218, 928, 150, NULL),
(1025, 155, 929, 150, NULL),
(1026, 228, 930, 100, NULL),
(1027, 166, 931, 200, NULL),
(1028, 155, 932, 150, NULL),
(1029, 158, 933, 120, NULL),
(1030, 195, 934, 0, NULL),
(1031, 155, 935, 150, NULL),
(1032, 243, 936, 400, NULL),
(1033, 161, 937, 250, NULL),
(1034, 243, 938, 250, NULL),
(1035, 243, 939, 150, NULL),
(1036, 195, 940, 0, NULL),
(1037, 243, 941, 200, NULL),
(1038, 176, 942, 250, NULL),
(1039, 243, 943, 150, NULL),
(1040, 215, 944, 80, NULL),
(1041, 212, 945, 300, NULL),
(1042, 158, 946, 150, NULL),
(1043, 219, 947, 50, NULL),
(1044, 223, 948, 100, NULL),
(1045, 166, 949, 200, NULL),
(1046, 166, 950, 120, NULL),
(1047, 200, 951, 0, NULL),
(1048, 216, 952, 100, NULL),
(1049, 161, 953, 120, NULL),
(1050, 243, 954, 150, NULL),
(1051, 243, 955, 350, NULL),
(1052, 244, 956, 250, NULL),
(1053, 229, 957, 350, NULL),
(1054, 166, 958, 100, NULL),
(1055, 219, 959, 50, NULL),
(1056, 229, 960, 200, NULL),
(1057, 166, 961, 200, NULL),
(1058, 219, 962, 100, NULL),
(1059, 10, 963, 100, NULL),
(1060, 236, 964, 3000, NULL),
(1061, 236, 965, 250, NULL),
(1062, 216, 966, 200, NULL),
(1063, 243, 967, 500, NULL),
(1064, 219, 968, 350, NULL),
(1065, 166, 969, 1200, NULL),
(1066, 10, 970, 150, NULL),
(1067, 244, 971, 450, NULL),
(1068, 244, 972, 300, NULL),
(1069, 236, 973, 400, NULL),
(1070, 219, 974, 500, NULL),
(1071, 243, 975, 250, NULL),
(1072, 219, 976, 0, NULL),
(1073, 232, 977, 120, NULL),
(1074, 218, 978, 250, NULL),
(1075, 184, 979, 600, NULL),
(1076, 213, 980, 200, NULL),
(1077, 243, 981, 250, NULL),
(1078, 213, 982, 100, NULL),
(1079, 199, 983, 0, NULL),
(1080, 163, 984, 250, NULL),
(1081, 243, 985, 500, NULL),
(1082, 243, 986, 300, NULL),
(1083, 199, 987, 0, NULL),
(1084, 216, 988, 150, NULL),
(1085, 219, 989, 100, NULL),
(1086, 219, 990, 100, NULL),
(1087, 161, 991, 300, NULL),
(1088, 212, 992, 250, NULL),
(1089, 223, 993, 150, NULL),
(1090, 176, 994, 400, NULL),
(1091, 155, 995, 250, NULL),
(1092, 219, 996, 120, NULL),
(1093, 194, 997, 0, NULL),
(1094, 184, 998, 500, NULL),
(1095, 216, 999, 150, NULL),
(1096, 220, 1000, 300, NULL),
(1097, 176, 1001, 250, NULL),
(1098, 184, 1002, 500, NULL),
(1099, 213, 1003, 120, NULL),
(1100, 161, 1004, 500, NULL),
(1101, 218, 1005, 200, NULL),
(1102, 212, 1006, 200, NULL),
(1103, 216, 1007, 100, NULL),
(1104, 219, 1008, 600, NULL),
(1105, 212, 1009, 200, NULL),
(1106, 239, 1010, 200, NULL),
(1107, 213, 1011, 100, NULL),
(1108, 213, 1012, 100, NULL),
(1109, 158, 1013, 200, NULL),
(1110, 213, 1014, 150, NULL),
(1111, 243, 1015, 200, NULL),
(1112, 243, 1016, 300, NULL),
(1113, 216, 1017, 100, NULL),
(1114, 155, 1018, 200, NULL),
(1115, 155, 1019, 150, NULL),
(1116, 218, 1020, 700, NULL),
(1117, 212, 1021, 200, NULL),
(1118, 148, 1022, 150, NULL),
(1119, 239, 1023, 150, NULL),
(1120, 195, 1024, 0, NULL),
(1121, 243, 1025, 200, NULL),
(1122, 213, 1026, 120, NULL),
(1123, 212, 1028, 250, NULL),
(1124, 233, 1029, 100, NULL),
(1125, 213, 1030, 100, NULL),
(1126, 220, 1031, 250, NULL),
(1127, 161, 1032, 150, NULL),
(1128, 161, 1033, 150, NULL),
(1129, 247, 1034, 200, NULL),
(1130, 197, 1035, 0, NULL),
(1131, 228, 1036, 500, NULL),
(1132, 213, 1037, 150, NULL),
(1133, 199, 1039, 0, NULL),
(1134, 216, 1040, 200, NULL),
(1135, 243, 1041, 100, NULL),
(1136, 247, 1042, 0, NULL),
(1137, 220, 1043, 100, NULL),
(1138, 229, 1044, 100, NULL),
(1139, 226, 1045, 250, NULL),
(1140, 218, 1046, 350, NULL),
(1141, 219, 1047, 200, NULL),
(1142, 213, 1048, 150, NULL),
(1143, 248, 1049, 100, NULL),
(1144, 244, 1050, 250, NULL),
(1145, 247, 1051, 400, NULL),
(1146, 216, 1052, 200, NULL),
(1147, 213, 1053, 150, NULL),
(1148, 213, 1054, 100, NULL),
(1149, 243, 1055, 500, NULL),
(1150, 220, 1057, 200, NULL),
(1151, 202, 1058, 1500, NULL),
(1152, 176, 1059, 500, NULL),
(1153, 219, 1060, 500, NULL),
(1154, 213, 1061, 100, NULL),
(1155, 243, 1062, 350, NULL),
(1156, 243, 1063, 350, NULL),
(1157, 224, 1064, 150, NULL),
(1158, 216, 1065, 120, NULL),
(1159, 10, 1066, 3000, NULL),
(1160, 213, 1067, 100, NULL),
(1161, 165, 1068, 250, NULL),
(1162, 212, 1069, 250, NULL),
(1163, 213, 1070, 100, NULL),
(1164, 241, 1071, 200, NULL),
(1165, 219, 1072, 300, NULL),
(1166, 213, 1073, 150, NULL),
(1167, 165, 1074, 250, NULL),
(1168, 243, 1075, 200, NULL),
(1169, 239, 1076, 600, NULL),
(1170, 176, 1077, 600, NULL),
(1171, 212, 1078, 200, NULL),
(1172, 219, 1079, 1000, NULL),
(1173, 199, 1080, 0, NULL),
(1174, 243, 1081, 450, NULL),
(1175, 219, 1082, 200, NULL),
(1176, 186, 1083, 800, NULL),
(1177, 219, 1084, 350, NULL),
(1178, 220, 1085, 200, NULL),
(1179, 199, 1086, 0, NULL),
(1180, 216, 1087, 200, NULL),
(1181, 224, 1088, 150, NULL),
(1182, 155, 1089, 250, NULL),
(1183, 223, 1090, 150, NULL),
(1184, 219, 1091, 100, NULL),
(1185, 233, 1092, 800, NULL),
(1186, 161, 1093, 250, NULL),
(1187, 216, 1094, 150, NULL),
(1188, 159, 1095, 150, NULL),
(1189, 219, 1096, 200, NULL),
(1190, 165, 1097, 200, NULL),
(1191, 236, 1098, 600, NULL),
(1192, 161, 1099, 650, NULL),
(1193, 213, 1100, 150, NULL),
(1194, 213, 1101, 150, NULL),
(1195, 243, 1102, 800, NULL),
(1196, 196, 1103, 0, NULL),
(1197, 202, 1104, 1500, NULL),
(1198, 219, 1105, 300, NULL),
(1199, 176, 1106, 550, NULL),
(1200, 219, 1108, 100, NULL),
(1201, 196, 1109, 0, NULL),
(1202, 196, 1110, 0, NULL),
(1203, 176, 1111, 500, NULL),
(1204, 184, 1112, 350, NULL),
(1205, 219, 1113, 300, NULL),
(1206, 153, 1114, 100, NULL),
(1207, 219, 1115, 200, NULL),
(1208, 219, 1116, 200, NULL),
(1209, 213, 1117, 120, NULL),
(1210, 196, 1118, 0, NULL),
(1211, 196, 1119, 0, NULL),
(1212, 196, 1120, 0, NULL),
(1213, 243, 1121, 300, NULL),
(1214, 247, 1122, 600, NULL),
(1215, 199, 1123, 0, NULL),
(1216, 218, 1124, 250, NULL),
(1217, 225, 1125, 500, NULL),
(1218, 243, 1126, 300, NULL),
(1219, 216, 1127, 100, NULL),
(1220, 187, 1128, 250, NULL),
(1221, 213, 1129, 150, NULL),
(1222, 219, 1130, 800, NULL),
(1223, 166, 1131, 400, NULL),
(1224, 155, 1132, 300, NULL),
(1225, 199, 1133, 0, NULL),
(1226, 193, 1134, 0, NULL),
(1227, 216, 1135, 150, NULL),
(1228, 235, 1136, 1000, NULL),
(1229, 219, 1137, 150, NULL),
(1230, 193, 1138, 0, NULL),
(1231, 219, 1139, 250, NULL),
(1232, 219, 1140, 200, NULL),
(1233, 215, 1141, 150, NULL),
(1234, 219, 1142, 350, NULL),
(1235, 225, 1143, 250, NULL),
(1236, 176, 1144, 0, NULL),
(1237, 236, 1144, 900, NULL),
(1238, 214, 1145, 312, NULL),
(1239, 219, 1146, 200, NULL),
(1240, 176, 1147, 300, NULL),
(1241, 161, 1148, 1000, NULL),
(1242, 235, 1149, 9000, NULL),
(1243, 219, 1151, 350, NULL),
(1244, 175, 1152, 200, NULL),
(1245, 236, 1153, 8000, NULL),
(1246, 235, 1154, 1000, NULL),
(1247, 230, 1155, 800, NULL),
(1248, 196, 1156, 0, NULL),
(1249, 161, 1157, 600, NULL),
(1250, 213, 1158, 100, NULL),
(1251, 216, 1159, 100, NULL),
(1252, 235, 1160, 12500, NULL),
(1253, 216, 1161, 80, NULL),
(1254, 219, 1162, 400, NULL),
(1255, 216, 1163, 150, NULL),
(1256, 219, 1164, 100, NULL),
(1257, 219, 1165, 350, NULL),
(1258, 213, 1166, 120, NULL),
(1259, 213, 1167, 120, NULL),
(1260, 219, 1169, 120, NULL),
(1261, 247, 1170, 120, NULL),
(1262, 222, 1171, 250, NULL),
(1263, 222, 1172, 250, NULL),
(1264, 236, 1173, 400, NULL),
(1265, 219, 1174, 900, NULL),
(1266, 219, 1175, 100, NULL),
(1267, 235, 1176, 4000, NULL),
(1268, 196, 1178, 0, NULL),
(1269, 198, 1179, 0, NULL),
(1270, 219, 1180, 900, NULL),
(1271, 184, 1181, 500, NULL),
(1272, 220, 1182, 600, NULL),
(1273, 155, 1183, 600, NULL),
(1274, 213, 1184, 150, NULL),
(1275, 248, 1185, 120, NULL),
(1276, 223, 1186, 100, NULL),
(1277, 161, 1187, 300, NULL),
(1278, 213, 1188, 150, NULL),
(1279, 219, 1189, 150, NULL),
(1280, 213, 1190, 150, NULL),
(1281, 239, 1191, 150, NULL),
(1282, 161, 1193, 150, NULL),
(1283, 223, 1194, 150, NULL),
(1284, 219, 1195, 250, NULL),
(1285, 218, 1196, 130, NULL),
(1286, 10, 1197, 150, NULL),
(1287, 219, 1198, 100, NULL),
(1288, 219, 1199, 1300, NULL),
(1289, 247, 1200, 800, NULL),
(1290, 219, 1201, 1000, NULL),
(1291, 184, 1202, 0, NULL),
(1292, 152, 1203, 300, NULL),
(1293, 243, 1204, 500, NULL),
(1294, 243, 1205, 600, NULL),
(1295, 219, 1206, 400, NULL),
(1296, 219, 1207, 120, NULL),
(1297, 219, 1208, 300, NULL),
(1298, 247, 1209, 100, NULL),
(1299, 174, 1210, 400, NULL),
(1300, 219, 1211, 1000, NULL),
(1301, 219, 1212, 200, NULL),
(1302, 219, 1213, 100, NULL),
(1303, 219, 1214, 4500, NULL),
(1304, 219, 1215, 150, NULL),
(1305, 218, 1216, 300, NULL),
(1306, 219, 1217, 200, NULL),
(1307, 184, 1218, 0, NULL),
(1308, 196, 1219, 0, NULL),
(1309, 219, 1220, 200, NULL),
(1310, 236, 1221, 1000, NULL),
(1311, 184, 1222, 3500, NULL),
(1312, 219, 1223, 0, NULL),
(1313, 161, 1224, 800, NULL),
(1314, 232, 1225, 120, NULL),
(1315, 161, 1226, 300, NULL),
(1316, 219, 1227, 200, NULL),
(1317, 219, 1228, 200, NULL),
(1318, 213, 1229, 100, NULL),
(1319, 219, 1230, 150, NULL),
(1320, 187, 1231, 200, NULL),
(1321, 219, 1232, 150, NULL),
(1322, 184, 1233, 300, NULL),
(1323, 219, 1234, 300, NULL),
(1324, 219, 1235, 150, NULL),
(1325, 176, 1236, 200, NULL),
(1326, 10, 1237, 400, NULL),
(1327, 161, 1238, 1500, NULL),
(1328, 161, 1239, 400, NULL),
(1329, 219, 1240, 110, NULL),
(1330, 152, 1241, 300, NULL),
(1331, 236, 1242, 1500, NULL),
(1332, 243, 1243, 450, NULL),
(1333, 186, 1244, 450, NULL),
(1334, 161, 1245, 150, NULL),
(1335, 184, 1246, 300, NULL),
(1336, 184, 1247, 300, NULL),
(1337, 219, 1248, 800, NULL),
(1338, 243, 1249, 450, NULL),
(1339, 222, 1250, 500, NULL),
(1340, 152, 1251, 300, NULL),
(1341, 204, 1252, 500, NULL),
(1342, 223, 1253, 150, NULL),
(1343, 152, 1254, 300, NULL),
(1344, 161, 1255, 120, NULL),
(1345, 224, 1256, 120, NULL),
(1346, 222, 1257, 250, NULL),
(1347, 241, 1258, 100, NULL),
(1348, 219, 1259, 100, NULL),
(1349, 216, 1260, 100, NULL),
(1350, 171, 1261, 150, NULL),
(1351, 219, 1262, 300, NULL),
(1352, 219, 1263, 650, NULL),
(1353, 225, 1264, 400, NULL),
(1354, 220, 1265, 100, NULL),
(1355, 219, 1266, 250, NULL),
(1356, 250, 1267, 0, NULL),
(1357, 250, 1268, 0, NULL),
(1358, 250, 1269, 0, NULL),
(1359, 213, 1270, 100, NULL),
(1360, 213, 1271, 100, NULL),
(1361, 191, 1272, 200, NULL),
(1362, 191, 1273, 200, NULL),
(1363, 191, 1274, 200, NULL),
(1364, 224, 1275, 120, NULL),
(1365, 166, 1276, 250, NULL),
(1366, 158, 1277, 300, NULL),
(1367, 251, 1278, 150, NULL),
(1368, 213, 1279, 104, NULL),
(1369, 239, 1280, 150, NULL),
(1370, 155, 1281, 400, NULL),
(1371, 166, 1282, 300, NULL),
(1372, 216, 1283, 100, NULL),
(1373, 216, 1284, 100, NULL),
(1374, 184, 1285, 200, NULL),
(1375, 216, 1286, 100, NULL),
(1376, 175, 1287, 200, NULL),
(1377, 155, 1288, 350, NULL),
(1378, 213, 1289, 120, NULL),
(1379, 216, 1290, 200, NULL),
(1380, 192, 1291, 0, NULL),
(1381, 158, 1292, 150, NULL),
(1382, 155, 1293, 300, NULL),
(1383, 219, 1294, 150, NULL),
(1384, 216, 1295, 100, NULL),
(1385, 219, 1296, 150, NULL),
(1386, 219, 1297, 650, NULL),
(1387, 243, 1298, 150, NULL),
(1388, 213, 1299, 150, NULL),
(1389, 219, 1300, 200, NULL),
(1390, 192, 1301, 0, NULL),
(1391, 213, 1302, 120, NULL),
(1392, 155, 1303, 500, NULL),
(1393, 191, 1304, 300, NULL),
(1394, 219, 1305, 120, NULL),
(1395, 216, 1306, 120, NULL),
(1396, 222, 1307, 120, NULL),
(1397, 213, 1308, 120, NULL),
(1398, 212, 1309, 250, NULL),
(1399, 250, 1310, 0, NULL),
(1400, 216, 1311, 0, NULL),
(1401, 239, 1312, 150, NULL),
(1402, 213, 1313, 120, NULL),
(1403, 239, 1314, 100, NULL),
(1404, 213, 1315, 120, NULL),
(1405, 239, 1316, 150, NULL),
(1406, 212, 1317, 250, NULL),
(1407, 239, 1318, 180, NULL),
(1408, 155, 1319, 400, NULL),
(1409, 176, 1320, 350, NULL),
(1410, 216, 1321, 150, NULL),
(1411, 216, 1322, 100, NULL),
(1412, 155, 1323, 500, NULL),
(1413, 10, 1324, 150, NULL),
(1414, 158, 1325, 350, NULL),
(1415, 212, 1326, 450, NULL),
(1416, 155, 1327, 550, NULL),
(1417, 239, 1328, 350, NULL),
(1418, 219, 1329, 400, NULL),
(1419, 241, 1330, 500, NULL),
(1420, 155, 1331, 1250, NULL),
(1421, 166, 1332, 350, NULL),
(1422, 158, 1333, 350, NULL),
(1423, 191, 1334, 350, NULL),
(1424, 239, 1335, 350, NULL),
(1425, 158, 1336, 350, NULL),
(1426, 216, 1337, 150, NULL),
(1427, 239, 1338, 350, NULL),
(1428, 200, 1339, 0, NULL),
(1429, 239, 1340, 500, NULL),
(1430, 239, 1341, 500, NULL),
(1431, 163, 1342, 450, NULL),
(1432, 239, 1343, 650, NULL),
(1433, 239, 1344, 750, NULL),
(1434, 239, 1345, 550, NULL),
(1435, 215, 1346, 250, NULL),
(1436, 215, 1347, 250, NULL),
(1437, 216, 1349, 200, NULL),
(1438, 215, 1350, 250, NULL),
(1439, 216, 1351, 120, NULL),
(1440, 247, 1352, 150, NULL),
(1441, 215, 1353, 250, NULL),
(1442, 216, 1354, 200, NULL),
(1443, 215, 1355, 200, NULL),
(1444, 158, 1356, 400, NULL),
(1445, 215, 1357, 350, NULL),
(1446, 215, 1358, 150, NULL),
(1447, 161, 1359, 600, NULL),
(1448, 215, 1360, 150, NULL),
(1449, 166, 1361, 550, NULL),
(1450, 166, 1362, 650, NULL),
(1451, 166, 1363, 500, NULL),
(1452, 216, 1364, 150, NULL),
(1453, 215, 1365, 250, NULL),
(1454, 155, 1366, 1200, NULL),
(1455, 158, 1367, 550, NULL),
(1456, 239, 1368, 650, NULL),
(1457, 158, 1369, 350, NULL),
(1458, 158, 1370, 350, NULL),
(1459, 184, 1371, 500, NULL),
(1460, 158, 1372, 550, NULL),
(1461, 158, 1373, 400, NULL),
(1462, 158, 1374, 350, NULL),
(1463, 216, 1375, 120, NULL),
(1464, 243, 1376, 450, NULL),
(1465, 158, 1377, 300, NULL),
(1466, 10, 1378, 350, NULL),
(1467, 232, 1379, 150, NULL),
(1468, 158, 1380, 350, NULL),
(1469, 10, 1381, 120, NULL),
(1470, 158, 1382, 150, NULL),
(1471, 216, 1383, 150, NULL),
(1472, 158, 1384, 250, NULL),
(1473, 247, 1385, 600, NULL),
(1474, 166, 1386, 250, NULL),
(1475, 215, 1387, 120, NULL),
(1476, 158, 1388, 350, NULL),
(1477, 196, 1389, 0, NULL),
(1478, 216, 1390, 150, NULL),
(1479, 247, 1391, 350, NULL),
(1480, 163, 1392, 650, NULL),
(1481, 161, 1393, 650, NULL),
(1482, 155, 1394, 1550, NULL),
(1483, 212, 1395, 550, NULL),
(1484, 200, 1396, 0, NULL),
(1485, 215, 1397, 250, NULL),
(1486, 239, 1398, 250, NULL),
(1487, 155, 1399, 550, NULL),
(1488, 215, 1400, 200, NULL),
(1489, 216, 1401, 150, NULL),
(1490, 239, 1402, 500, NULL),
(1491, 216, 1403, 120, NULL),
(1492, 216, 1404, 120, NULL),
(1493, 216, 1405, 150, NULL),
(1494, 158, 1406, 450, NULL),
(1495, 192, 1407, 0, NULL),
(1496, 158, 1408, 350, NULL),
(1497, 215, 1409, 250, NULL),
(1498, 239, 1410, 255, NULL),
(1499, 191, 1411, 450, NULL),
(1500, 158, 1412, 900, NULL),
(1501, 158, 1413, 450, NULL),
(1502, 166, 1414, 450, NULL),
(1503, 239, 1415, 650, NULL),
(1504, 158, 1416, 350, NULL),
(1505, 158, 1417, 650, NULL),
(1506, 158, 1418, 0, NULL),
(1507, 155, 1419, 950, NULL),
(1508, 239, 1420, 550, NULL),
(1509, 239, 1421, 350, NULL),
(1510, 158, 1422, 450, NULL),
(1511, 158, 1423, 450, NULL),
(1512, 212, 1424, 650, NULL),
(1513, 239, 1425, 600, NULL),
(1514, 239, 1426, 350, NULL),
(1515, 155, 1427, 550, NULL),
(1516, 239, 1428, 650, NULL),
(1517, 239, 1429, 900, NULL),
(1518, 246, 1431, 550, NULL),
(1519, 158, 1432, 650, NULL),
(1520, 212, 1433, 800, NULL),
(1521, 155, 1434, 900, NULL),
(1522, 212, 1435, 550, NULL),
(1523, 212, 1436, 900, NULL),
(1524, 212, 1437, 600, NULL),
(1525, 212, 1438, 550, NULL),
(1526, 239, 1439, 400, NULL),
(1527, 158, 1440, 350, NULL),
(1528, 212, 1441, 500, NULL),
(1529, 212, 1442, 500, NULL),
(1530, 158, 1443, 360, NULL),
(1531, 187, 1444, 300, NULL),
(1532, 247, 1445, 200, NULL),
(1533, 225, 1446, 150, NULL),
(1534, 161, 1447, 350, NULL),
(1535, 142, 1448, 120, NULL),
(1536, 142, 1449, 120, NULL),
(1537, 142, 1450, 120, NULL),
(1538, 142, 1451, 120, NULL),
(1539, 142, 1452, 120, NULL),
(1540, 142, 1453, 120, NULL),
(1541, 142, 1454, 120, NULL),
(1542, 142, 1455, 120, NULL),
(1543, 142, 1456, 120, NULL),
(1544, 142, 1457, 120, NULL),
(1545, 142, 1458, 120, NULL),
(1546, 142, 1459, 120, NULL),
(1547, 142, 1460, 120, NULL),
(1548, 142, 1461, 120, NULL),
(1549, 142, 1462, 120, NULL),
(1550, 142, 1463, 120, NULL),
(1551, 142, 1464, 120, NULL),
(1552, 142, 1465, 120, NULL),
(1553, 142, 1466, 120, NULL),
(1554, 142, 1467, 120, NULL),
(1555, 142, 1468, 120, NULL),
(1556, 142, 1469, 120, NULL),
(1557, 142, 1470, 120, NULL),
(1558, 142, 1471, 120, NULL),
(1559, 142, 1472, 120, NULL),
(1560, 142, 1473, 120, NULL),
(1561, 142, 1474, 120, NULL),
(1562, 142, 1475, 120, NULL),
(1563, 142, 1476, 120, NULL),
(1564, 142, 1477, 120, NULL),
(1565, 142, 1478, 120, NULL),
(1566, 142, 1479, 120, NULL),
(1567, 142, 1480, 120, NULL),
(1568, 142, 1481, 120, NULL),
(1569, 142, 1482, 120, NULL),
(1570, 142, 1483, 120, NULL),
(1571, 142, 1484, 120, NULL),
(1572, 142, 1485, 120, NULL),
(1573, 142, 1486, 120, NULL);

-- --------------------------------------------------------

--
-- Table structure for table `real_estate`
--

CREATE TABLE `real_estate` (
  `real_estate_id` int(11) NOT NULL,
  `type` varchar(250) NOT NULL,
  `type_en` varchar(250) NOT NULL
) ENGINE=InnoDB DEFAULT CHARSET=utf8;

--
-- Dumping data for table `real_estate`
--

INSERT INTO `real_estate` (`real_estate_id`, `type`, `type_en`) VALUES
(1, 'Asiyab', 'Mill'),
(2, 'Hamam', 'Bathhouse'),
(3, 'Han', 'Inn'),
(4, 'Kahvehane', 'Coffee House'),
(5, 'Meyhane', 'Drink House'),
(6, 'Gümrükhane', 'Customs Office'),
(7, 'Kirahane', 'Renthouse'),
(8, 'Dükkan', 'Store'),
(9, 'Mahzan', 'Warehouse');

-- --------------------------------------------------------

--
-- Table structure for table `real_estate_household`
--

CREATE TABLE `real_estate_household` (
  `real_estate_household_id` int(11) NOT NULL,
  `fk_household_id` int(11) NOT NULL,
  `fk_real_estate_id` int(11) NOT NULL,
  `quantity` int(11) DEFAULT NULL,
  `rent_income` int(11) DEFAULT NULL,
  `location` varchar(250) DEFAULT NULL,
  `description` varchar(250) DEFAULT NULL
) ENGINE=InnoDB DEFAULT CHARSET=utf8;

--
-- Dumping data for table `real_estate_household`
--

INSERT INTO `real_estate_household` (`real_estate_household_id`, `fk_household_id`, `fk_real_estate_id`, `quantity`, `rent_income`, `location`, `description`) VALUES
(1, 715, 1, 1, 500, 'zid düşnük', ''),
(2, 1153, 1, 1, 200, 'Milkofça', '3 taş 0.5 hisse'),
(3, 313, 1, 1, 1500, '', '3 taş'),
(4, 1160, 1, 1, 360, 'Balşinçe', ''),
(5, 1136, 1, 1, 0, 'ürgüp kazasında', '1 taş'),
(6, 36, 1, 1, 525, 'Kotna deresi', '3 taş, 0.5 hisse'),
(7, 752, 1, 1, 1000, 'Kotna', '4 taş'),
(8, 108, 1, 1, 650, 'Zir Topunica', '4 taş'),
(9, 405, 1, 1, 100, 'Maliçe', '2 taş'),
(10, 716, 1, 1, 0, 'vela lapola', '1 taş muattal'),
(11, 315, 1, 1, 60, 'Emin Kotna', '3 taş 1/12 hisse'),
(12, 153, 1, 1, 500, 'Garpinçar', '4 taş'),
(13, 774, 1, 1, 600, 'modrestine', '5 taş'),
(14, 186, 1, 1, 500, '', 'hisse?'),
(15, 415, 1, 1, 0, 'Subotniçe muattal', '3 taş'),
(16, 831, 1, 1, 350, 'Emin Kotna', '4 taş 0.25 hisse'),
(17, 214, 1, 1, 300, 'Yelşinçe', '3 taş, 0.2 hisse'),
(18, 272, 1, 1, 200, '', '1 taş'),
(19, 213, 1, 1, 400, '', '2 taş'),
(20, 1297, 1, 1, 250, '', '1 taş'),
(21, 71, 1, 1, 450, 'Prekop Kotna', '1.5 taş, bir miktar hisse'),
(22, 113, 1, 1, 1200, 'Nefs-i Niş', '4 taş, 0.5 hisse'),
(23, 112, 1, 1, 600, 'Yaşniçe', '2 taş'),
(24, 118, 1, 1, 3500, 'Yelişçe', '5.5 taş'),
(25, 301, 1, 1, 45, 'Knejiçe', '2 taş'),
(26, 304, 1, 1, 22, '', '2 taş, 0.25 hisse'),
(27, 307, 1, 1, 500, 'Paline', '2 taş, 0.5 hisse'),
(28, 334, 1, 1, 800, 'Bayine', 'validesinin'),
(29, 701, 1, 1, 150, 'persiyan karyesi', ''),
(30, 861, 1, 1, 500, 'Balna', '3 taş 0.5 hisse'),
(31, 109, 1, 1, 700, 'Bayna', '2 taş'),
(32, 8, 1, 1, 1050, '', '0.75 hisse'),
(33, 10, 1, 1, 150, '', '0.125 hisse'),
(34, 75, 1, 1, 150, 'Lazar', '2 taş'),
(35, 121, 1, 1, 220, 'Yalşinçe', 'bir miktar hisse'),
(36, 170, 1, 1, 525, 'Kotna', '3 taş, 0.5 hisse'),
(37, 231, 1, 2, 600, '', 'bir miktar hisse'),
(38, 231, 1, 1, 150, '', 'bir miktar hisse'),
(39, 293, 1, 1, 120, 'Yelşinçe', '2 taş'),
(40, 325, 1, 1, 800, 'Emin Kotna', '3 taş 0.5 hisse'),
(41, 703, 1, 1, 1200, 'Yaşniçe karyesi', ''),
(42, 1095, 1, 1, 250, 'Bensince', '0.5 hisse'),
(43, 1150, 1, 1, 450, '', '2 taş bir miktar hisse'),
(44, 1, 2, 1, 1000, 'Nişava karibinde', ''),
(45, 298, 2, 1, 200, '', '0.25 hisse'),
(46, 212, 2, 1, 1000, '', ''),
(47, 374, 2, 1, 200, '', '0.25 hisse'),
(48, 337, 2, 1, 300, '', '0.5 hisse'),
(49, 1, 8, 16, 2060, '', ''),
(50, 298, 8, 19, 2367, 'kasaba ???', ''),
(51, 212, 8, 1, 240, '', 'bakkal'),
(52, 374, 8, 4, 340, '', ''),
(53, 715, 8, 1, 130, 'belgrad mahallesi', 'bakkal'),
(54, 1153, 8, 1, 150, '', 'Tüccar, kendi ikamet'),
(55, 313, 8, 1, 40, '', '0.25 hisse'),
(56, 1160, 8, 1, 340, 'varoş', 'simitçi'),
(57, 1136, 8, 1, 220, 'varoş', 'mumcu'),
(58, 36, 8, 1, 120, 'saraç çarşısı', ''),
(59, 752, 8, 1, 120, 'istanbul kapısı', 'bakkal'),
(60, 108, 8, 1, 120, 'istanbul kapısı', ''),
(61, 405, 8, 1, 0, 'debbağhane', 'muattal'),
(62, 716, 8, 2, 320, 'belgrad mahallesi', 'çömlekçi'),
(63, 315, 8, 3, 200, '? kasaba', ''),
(64, 153, 8, 1, 200, '', 'Tüccar, kendi ikamet'),
(65, 774, 8, 1, 30, '', 'mutaf, 0.25 hisse'),
(66, 186, 8, 1, 0, '', 'muattal, 0.5 hisse'),
(67, 415, 8, 1, 0, '', 'muattal'),
(68, 831, 8, 2, 0, '', 'muattal'),
(69, 214, 8, 4, 520, '', 'kürkçü'),
(70, 272, 8, 1, 0, '', 'boş'),
(71, 213, 8, 2, 500, '', 'bakkal'),
(72, 1297, 8, 2, 300, '', '??? Hane ve'),
(73, 71, 8, 1, 30, '', '999 hisse'),
(74, 113, 8, 7, 250, '', '0.5 hisse'),
(75, 112, 8, 7, 295, '', ''),
(76, 118, 8, 12, 1420, '', ''),
(77, 301, 8, 3, 347, '', ''),
(78, 304, 8, 2, 200, '', ''),
(79, 307, 8, 3, 150, '', ''),
(80, 334, 8, 3, 320, '', ''),
(81, 701, 8, 2, 196, '', ''),
(82, 861, 8, 20, 150, '', ''),
(83, 738, 8, 1, 48, 'örtülü çarşı', 'Yemenici, 0.75 hisse'),
(84, 1176, 8, 1, 0, 'leskofçada', ''),
(85, 795, 8, 1, 40, 'belgrad mahallesi', 'berber'),
(86, 1160, 8, 6, 1050, 'arnavut pazarı', 'terzi'),
(87, 319, 8, 7, 428, '', '0.5 hisse'),
(88, 115, 8, 1, 40, '', '0.25 hisse'),
(89, 18, 8, 2, 200, '', ''),
(90, 124, 8, 5, 500, '', ''),
(91, 188, 8, 7, 1000, '', ''),
(92, 193, 8, 5, 600, '', ''),
(93, 299, 8, 20, 3310, '', ''),
(94, 1149, 8, 1, 200, 'Zincirlihane karşısında', 'Tüccar, kendi ikamet'),
(95, 1176, 8, 1, 200, 'yemenici çarşısı', 'Tüccar, kendi ikamet'),
(96, 1148, 8, 1, 10, 'yagodin mahallesi', '0.5 hisse'),
(97, 1024, 8, 2, 60, 'yagodin mahallesi', ''),
(98, 1102, 8, 1, 40, 'yagodin mahallesi', ''),
(99, 714, 8, 1, 160, 'varoş', 'simitçi'),
(100, 1144, 8, 1, 120, 'varoş', 'mumcu, kendi ikamet'),
(101, 1160, 8, 1, 150, 'varoş', 'mumcu'),
(102, 1149, 8, 1, 0, 'varoş', 'bakkal kapalı'),
(103, 1173, 8, 1, 100, 'şehirköy', 'kuyumcu'),
(104, 1174, 8, 1, 0, 'şehirköyde', 'kapalı'),
(105, 964, 8, 1, 0, 'Şehirköyde', ''),
(106, 1153, 8, 1, 0, 'şehirköyde', ''),
(107, 1201, 8, 2, 0, 'Şehirköyde', ''),
(108, 1160, 8, 1, 0, 'Şehirköy???', 'debbağ'),
(109, 1214, 8, 1, 150, 'saraçhane kurbunda?', 'Terzi, kendi ikamet'),
(110, 1005, 8, 1, 80, 'saraçhane', 'saraç'),
(111, 1032, 8, 1, 100, 'saraçhane', ''),
(112, 1160, 8, 1, 300, 'örtülü çarşı', 'tüccar'),
(113, 722, 8, 1, 140, 'örtülü çarşı', 'simitçi, 0.5 hisse'),
(114, 721, 8, 1, 150, 'örtülü çarşı', 'kürkçü'),
(115, 722, 8, 1, 300, 'örtülü çarşı', 'Ekmekçi'),
(116, 1, 8, 20, 715, 'muttasıl', '0.5 hisse'),
(117, 726, 8, 1, 0, 'muttasil', 'mağaza muattal'),
(118, 1160, 8, 4, 0, 'muttasil', 'bakkal muattal'),
(119, 1214, 8, 1, 0, 'muttasil', 'Bakkal muattal'),
(120, 1136, 8, 1, 250, 'muttasil', 'bakkal'),
(121, 1144, 8, 1, 170, 'muttasil', 'bakkal'),
(122, 1052, 8, 1, 80, 'muttasil', ''),
(123, 1149, 8, 1, 200, 'muttasil', ''),
(124, 1214, 8, 2, 300, 'muttasil', ''),
(125, 723, 8, 1, 0, 'mutaf çarşısı', 'muattal, 0.5 hisse'),
(126, 723, 8, 1, 60, 'mutaf çarşısı', '0.5 hisse'),
(127, 535, 8, 3, 450, 'mutaf çarşısı', ''),
(128, 558, 8, 5, 550, 'mezkur gümrükhane altına', 'terzi'),
(129, 1160, 8, 1, 0, 'Leskofçada debbağhanda', ''),
(130, 985, 8, 1, 100, 'kıbtiyan mahallesi', 'bakkal'),
(131, 986, 8, 1, 100, 'kıbtiyan mahallesi', 'bakkal'),
(132, 987, 8, 1, 200, 'kıbtiyan mahallesi', 'bakkal'),
(133, 998, 8, 1, 150, 'kıbtiyan mahallesi', 'bakkal'),
(134, 573, 8, 1, 60, 'kıbtiyan mahallesi', ''),
(135, 991, 8, 2, 150, 'kıbtiyan mahallesi', ''),
(136, 715, 8, 1, 160, 'kazancı çarşısı', 'kazancı'),
(137, 329, 8, 1, 200, 'kasaba', ''),
(138, 1160, 8, 1, 0, 'İvraca', 'debbağ'),
(139, 714, 8, 1, 80, 'istanbul kapısı', 'berber'),
(140, 1126, 8, 1, 300, 'haneye muttassil', ''),
(141, 1257, 8, 1, 60, 'haneye muttasil at pazarı', 'dökmeci'),
(142, 1055, 8, 1, 80, 'haneye muttasıl', ''),
(143, 532, 8, 2, 140, 'haneye muttasil', ''),
(144, 1123, 8, 1, 66, 'haneye muttasil', ''),
(145, 1207, 8, 1, 100, 'haneye muttasil', ''),
(146, 1223, 8, 1, 50, 'haneye muttasil', ''),
(147, 1250, 8, 1, 300, 'haneye muttasil', ''),
(148, 1127, 8, 1, 100, 'haneye mutassil', 'bakkal'),
(149, 1176, 8, 1, 150, 'hanesine muttasil', 'bakkal'),
(150, 1060, 8, 1, 80, 'hanesine muttasil', ''),
(151, 1078, 8, 1, 200, 'hanesine muttasil', ''),
(152, 1082, 8, 1, 30, 'hanesine muttasil', ''),
(153, 1155, 8, 1, 60, 'hanesine muttasil', ''),
(154, 1149, 8, 1, 0, 'Değirmen ???leri civarında', 'mağaza kapalı'),
(155, 2, 8, 1, 0, 'debbağhane', 'muattal'),
(156, 116, 8, 1, 0, 'debbağhane', 'muattal'),
(157, 147, 8, 2, 100, 'debbağhane', 'Debbağ, kendi ikamet'),
(158, 720, 8, 1, 50, 'debbağhane', 'Debbağ, kendi ikamet'),
(159, 81, 8, 1, 30, 'debbağhane', '0.5 hisse'),
(160, 66, 8, 1, 10, 'debbağhane', '0.25 hisse'),
(161, 91, 8, 1, 15, 'debbağhane', '0.25 hisse'),
(162, 98, 8, 1, 15, 'debbağhane', '0.25 hisse'),
(163, 704, 8, 1, 40, 'debbağhane', '0.25 hisse'),
(164, 89, 8, 1, 60, 'debbağhane', ''),
(165, 571, 8, 1, 50, 'debbağhane', ''),
(166, 1160, 8, 1, 0, 'Birkofça', 'debbağ'),
(167, 743, 8, 1, 60, 'belgrad mahallesi', 'yahudi'),
(168, 716, 8, 1, 120, 'belgrad mahallesi', 'terzi'),
(169, 1145, 8, 1, 60, 'belgrad mahallesi', 'terzi'),
(170, 726, 8, 1, 120, 'belgrad mahallesi', 'nalbant'),
(171, 795, 8, 1, 60, 'belgrad mahallesi', 'nalbant'),
(172, 716, 8, 1, 0, 'belgrad mahallesi', 'Mutaf muattal'),
(173, 716, 8, 1, 110, 'belgrad mahallesi', 'Mutaf'),
(174, 796, 8, 1, 70, 'belgrad mahallesi', 'mumcu'),
(175, 118, 8, 1, 0, 'belgrad mahallesi', 'muattal'),
(176, 716, 8, 1, 130, 'belgrad mahallesi', 'leblebici'),
(177, 737, 8, 1, 30, 'belgrad mahallesi', 'kasap'),
(178, 714, 8, 2, 80, 'belgrad mahallesi', 'demirci'),
(179, 795, 8, 1, 40, 'belgrad mahallesi', 'boyacı, 0.5 hisse'),
(180, 714, 8, 1, 60, 'belgrad mahallesi', 'berber'),
(181, 723, 8, 1, 0, 'belgrad mahallesi', 'bakkal muattal'),
(182, 738, 8, 1, 0, 'belgrad mahallesi', 'bakkal muattal'),
(183, 741, 8, 1, 40, 'belgrad mahallesi', 'bakkal'),
(184, 716, 8, 2, 60, 'belgrad mahallesi', 'arabacı'),
(185, 722, 8, 1, 40, 'belgrad mahallesi', ''),
(186, 1160, 8, 1, 250, 'bakkal çarşısı', 'terzi'),
(187, 1160, 8, 4, 420, 'at pazarı', 'terzi'),
(188, 1266, 8, 1, 120, 'at pazarı', 'dökmeci'),
(189, 715, 8, 1, 160, 'arnavut pazarı', 'mumcu'),
(190, 716, 8, 1, 125, 'arnavut pazarı', 'boyacı'),
(191, 716, 8, 1, 140, 'arnavut pazarı', 'bakkal'),
(192, 964, 8, 1, 200, 'arnavut pazarı', 'Bakkal'),
(193, 1214, 8, 1, 300, 'arnavut pazarı', 'Bakkal'),
(194, 1214, 8, 1, 150, 'arnavut pazarı', ''),
(195, 1148, 8, 1, 100, '???', 'mumcu, kendi ikamet'),
(196, 1160, 8, 1, 0, '???', 'mağaza'),
(197, 1148, 8, 1, 80, '???', ''),
(198, 1149, 8, 7, 1400, '!?', 'terzi'),
(199, 1000, 8, 1, 100, '', 'Yorgancı, kendi ikamet'),
(200, 168, 8, 1, 50, '', 'Yemişçi, kendi ikamet'),
(201, 738, 8, 1, 80, '', 'yemişçi'),
(202, 702, 8, 1, 150, '', 'yahudi tüccar'),
(203, 1152, 8, 1, 60, '', 'Tüfekçi, kendi ikamet'),
(204, 305, 8, 1, 150, '', 'Tüccar, kendi ikamet'),
(205, 964, 8, 1, 200, '', 'Tüccar, kendi ikamet'),
(206, 1160, 8, 1, 250, '', 'Tüccar, kendi ikamet'),
(207, 1008, 8, 1, 200, '', 'Terzi, kendi ikamet'),
(208, 272, 8, 1, 190, '', 'terzi'),
(209, 558, 8, 2, 400, '', 'terzi'),
(210, 213, 8, 2, 350, '', 'saraç'),
(211, 272, 8, 1, 190, '', 'saraç'),
(212, 213, 8, 1, 180, '', 'pabuççu'),
(213, 771, 8, 1, 30, '', 'mutaf, 0.25 hisse'),
(214, 771, 8, 1, 0, '', 'mutaf muattal, 0.5 hisse'),
(215, 714, 8, 1, 0, '', 'Mutaf muattal'),
(216, 211, 8, 1, 150, '', 'mutaf'),
(217, 211, 8, 1, 120, '', 'mutaf'),
(218, 1147, 8, 1, 150, '', 'Mumcu, kendi ikamet'),
(219, 845, 8, 1, 100, '', 'mumcu'),
(220, 176, 8, 1, 0, '', 'muattal, 0.5 hisse'),
(221, 18, 8, 1, 0, '', 'muattal'),
(222, 35, 8, 1, 0, '', 'muattal'),
(223, 57, 8, 1, 0, '', 'muattal'),
(224, 165, 8, 1, 0, '', 'muattal'),
(225, 558, 8, 1, 0, '', 'muattal'),
(226, 964, 8, 2, 0, '', 'muattal'),
(227, 987, 8, 1, 0, '', 'muattal'),
(228, 991, 8, 1, 0, '', 'muattal'),
(229, 997, 8, 1, 0, '', 'muattal'),
(230, 702, 8, 1, 130, '', 'Kuyumcu'),
(231, 215, 8, 1, 180, '', 'kürkçü'),
(232, 738, 8, 1, 150, '', 'kürkçü'),
(233, 714, 8, 2, 160, '', 'kazancı'),
(234, 714, 8, 1, 70, '', 'kasap'),
(235, 215, 8, 1, 150, '', 'kalaycı'),
(236, 1, 8, 5, 0, '', 'harap'),
(237, 1214, 8, 1, 60, '', 'Eskici'),
(238, 1201, 8, 1, 300, '', 'ekmekçi'),
(239, 165, 8, 1, 100, '', 'Duhancı, kendi ikamet'),
(240, 176, 8, 1, 50, '', 'Duhancı, kendi ikamet'),
(241, 1092, 8, 1, 150, '', 'Duhancı, kendi ikamet'),
(242, 272, 8, 1, 190, '', 'duhancı'),
(243, 1250, 8, 1, 100, '', 'dökmeci, kendi ikamet'),
(244, 637, 8, 1, 30, '', 'debbağ, kendi ikamet'),
(245, 969, 8, 1, 100, '', 'Çömlekçi, kendi ikamet'),
(246, 1131, 8, 1, 100, '', 'Çömlekçi'),
(247, 731, 8, 1, 40, '', 'boyacı, 0.5 hisse'),
(248, 376, 8, 1, 50, '', 'Bıçakçı, kendi ikamet'),
(249, 631, 8, 1, 160, '', 'berber'),
(250, 385, 8, 1, 100, '', 'Bakkal, kendi ikamet'),
(251, 631, 8, 1, 100, '', 'bakkal, kendi ikamet'),
(252, 718, 8, 1, 0, '', 'bakkal muattal'),
(253, 721, 8, 1, 0, '', 'bakkal muattal'),
(254, 743, 8, 2, 0, '', 'bakkal muattal'),
(255, 214, 8, 4, 360, '', 'bakkal'),
(256, 702, 8, 1, 120, '', 'bakkal'),
(257, 714, 8, 1, 80, '', 'bakkal'),
(258, 718, 8, 1, 30, '', 'bakkal'),
(259, 1201, 8, 1, 150, '', 'bakkal'),
(260, 702, 8, 1, 96, '', 'attar'),
(261, 1214, 8, 2, 300, '', '???'),
(262, 558, 8, 1, 60, '', 'kendi ikamet'),
(263, 184, 8, 1, 50, '', '999 hisse'),
(264, 7, 8, 1, 50, '', '0.5 hisse'),
(265, 115, 8, 7, 440, '', '0.5 hisse'),
(266, 119, 8, 1, 120, '', '0.5 hisse'),
(267, 137, 8, 1, 40, '', '0.5 hisse'),
(268, 158, 8, 13, 340, '', '0.5 hisse'),
(269, 329, 8, 3, 220, '', '0.5 hisse'),
(270, 335, 8, 3, 220, '', '0.5 hisse'),
(271, 532, 8, 2, 50, '', '0.5 hisse'),
(272, 643, 8, 1, 45, '', '0.5 hisse'),
(273, 329, 8, 1, 67, '', '0.33 hisse'),
(274, 84, 8, 1, 15, '', '0.25 hisse'),
(275, 137, 8, 1, 20, '', '0.25 hisse'),
(276, 153, 8, 7, 170, '', '0.25 hisse'),
(277, 6, 8, 1, 100, '', ''),
(278, 9, 8, 6, 530, '', ''),
(279, 16, 8, 3, 450, '', ''),
(280, 46, 8, 1, 80, '', ''),
(281, 57, 8, 5, 500, '', ''),
(282, 62, 8, 1, 200, '', ''),
(283, 72, 8, 1, 60, '', ''),
(284, 73, 8, 1, 60, '', ''),
(285, 79, 8, 2, 120, '', ''),
(286, 102, 8, 1, 80, '', ''),
(287, 108, 8, 1, 0, '', ''),
(288, 113, 8, 5, 348, '', ''),
(289, 114, 8, 4, 440, '', ''),
(290, 115, 8, 1, 90, '', ''),
(291, 115, 8, 2, 120, '', ''),
(292, 123, 8, 1, 80, '', ''),
(293, 126, 8, 11, 836, '', ''),
(294, 133, 8, 3, 450, '', ''),
(295, 136, 8, 1, 120, '', ''),
(296, 140, 8, 1, 100, '', ''),
(297, 141, 8, 6, 1150, '', ''),
(298, 142, 8, 2, 100, '', ''),
(299, 165, 8, 2, 120, '', ''),
(300, 174, 8, 1, 200, '', ''),
(301, 176, 8, 5, 510, '', ''),
(302, 177, 8, 4, 470, '', ''),
(303, 180, 8, 9, 900, '', ''),
(304, 181, 8, 2, 250, '', ''),
(305, 183, 8, 2, 240, '', ''),
(306, 185, 8, 1, 60, '', ''),
(307, 187, 8, 2, 360, '', ''),
(308, 190, 8, 4, 374, '', ''),
(309, 196, 8, 2, 300, '', ''),
(310, 205, 8, 3, 180, '', ''),
(311, 206, 8, 3, 340, '', ''),
(312, 207, 8, 7, 169, '', ''),
(313, 213, 8, 1, 250, '', ''),
(314, 260, 8, 1, 24, '', ''),
(315, 308, 8, 4, 60, '', ''),
(316, 309, 8, 9, 1236, '', ''),
(317, 310, 8, 3, 300, '', ''),
(318, 315, 8, 1, 100, '', ''),
(319, 320, 8, 1, 120, '', ''),
(320, 323, 8, 2, 600, '', ''),
(321, 327, 8, 4, 120, '', ''),
(322, 329, 8, 2, 180, '', ''),
(323, 335, 8, 1, 132, '', ''),
(324, 341, 8, 1, 140, '', ''),
(325, 347, 8, 3, 80, '', ''),
(326, 365, 8, 5, 600, '', ''),
(327, 415, 8, 2, 187, '', ''),
(328, 482, 8, 1, 20, '', ''),
(329, 504, 8, 1, 60, '', ''),
(330, 510, 8, 1, 130, '', ''),
(331, 510, 8, 1, 30, '', ''),
(332, 535, 8, 2, 120, '', ''),
(333, 558, 8, 6, 900, '', ''),
(334, 842, 8, 5, 200, '', ''),
(335, 843, 8, 24, 2496, '', ''),
(336, 844, 8, 8, 740, '', ''),
(337, 854, 8, 2, 190, '', ''),
(338, 862, 8, 4, 680, '', ''),
(339, 864, 8, 1, 54, '', ''),
(340, 890, 8, 2, 100, '', ''),
(341, 890, 8, 1, 200, '', ''),
(342, 945, 8, 1, 50, '', ''),
(343, 947, 8, 1, 30, '', ''),
(344, 953, 8, 1, 40, '', ''),
(345, 955, 8, 3, 60, '', ''),
(346, 969, 8, 1, 50, '', ''),
(347, 1046, 8, 1, 100, '', ''),
(348, 1051, 8, 1, 200, '', ''),
(349, 1242, 8, 7, 840, '', ''),
(350, 1278, 8, 1, 50, '', ''),
(351, 1283, 8, 2, 140, '', ''),
(352, 1284, 8, 1, 100, '', ''),
(353, 1289, 8, 3, 150, '', ''),
(354, 1294, 8, 3, 280, '', ''),
(355, 1371, 8, 1, 100, '', ''),
(356, 158, 8, 1, 97, '', '0.1 hisse'),
(357, 211, 8, 1, 70, '', ''),
(358, 1, 3, 1, 375, 'at pazarı', '0.5 hisse'),
(359, 715, 3, 1, 300, 'zid düşnük', ''),
(360, 1153, 3, 1, 150, '???', ''),
(361, 313, 3, 1, 500, 'Emin Kotna', ''),
(362, 738, 3, 1, 30, 'belgrad mahallesi', '0.5 hisse'),
(363, 1176, 3, 1, 0, 'Gayriçe, kapalı', ''),
(364, 795, 3, 1, 400, 'kurvingrad', ''),
(365, 1160, 3, 1, 0, 'istanbul kapısı muattal', ''),
(366, 319, 3, 1, 300, '300', '0.5 hisse'),
(367, 115, 3, 1, 300, '', '0.5 hisse'),
(368, 18, 3, 1, 200, 'Bela Tırnova (zemin)', ''),
(369, 124, 3, 1, 600, 'kotna', ''),
(370, 188, 3, 1, 1400, 'derun Niş', ''),
(371, 193, 3, 1, 1050, '(muttasil oda 10)', ''),
(372, 299, 3, 1, 750, '', '0.5 hisse'),
(373, 109, 3, 1, 600, '(Cabir ile ve yer ismi)', ''),
(374, 14, 3, 1, 300, 'Çiçine', ''),
(375, 109, 3, 1, 2100, '(Cabir ile ve yer ismi)', ''),
(376, 109, 3, 1, 400, 'Yaşniçe', ''),
(377, 2, 7, 5, 250, '', 'yahud'),
(378, 3, 7, 1, 20, '', ''),
(379, 9, 7, 1, 60, '', 'taşınmış'),
(380, 113, 7, 1, 24, '', ''),
(381, 115, 7, 2, 45, 'varoş', ''),
(382, 131, 7, 1, 20, '', ''),
(383, 155, 7, 1, 60, '', 'hanesini kiraladı'),
(384, 161, 7, 1, 30, '', ''),
(385, 165, 7, 2, 48, '', ''),
(386, 166, 7, 1, 100, '', 'hanesini kiraladı'),
(387, 208, 7, 1, 66, '', ''),
(388, 214, 7, 1, 120, '', 'yahud'),
(389, 280, 7, 1, 300, '', ''),
(390, 304, 7, 1, 30, 'Cedid mahallesinde', ''),
(391, 314, 7, 12, 200, '', 'yahud'),
(392, 315, 7, 1, 20, '', ''),
(393, 329, 7, 5, 420, '', 'yahud  4 meyhane'),
(394, 329, 7, 1, 38, '', ''),
(395, 334, 7, 1, 50, 'kasaba', ''),
(396, 335, 7, 2, 83, '', ''),
(397, 416, 7, 1, 15, '', ''),
(398, 504, 7, 1, 20, '', ''),
(399, 532, 7, 1, 200, '', ' yahud 0.5 hisse'),
(400, 546, 7, 1, 20, '', ''),
(401, 558, 7, 4, 144, 'kıbtiyan mahallesi', 'Dört muttasil'),
(402, 576, 7, 1, 20, '', ''),
(403, 714, 7, 10, 150, 'leskofça kapısı', 'beş muattal on muttasil'),
(404, 715, 7, 2, 80, 'belgrad mahallesi', 'bir muattal'),
(405, 721, 7, 5, 50, '', 'Beş muttasil'),
(406, 723, 7, 1, 30, 'belgrad mahallesi', ''),
(407, 752, 7, 2, 26, 'istanbul kapısı', ''),
(408, 771, 7, 1, 42, '', ''),
(409, 771, 7, 5, 75, '', ''),
(410, 789, 7, 1, 30, '', ''),
(411, 829, 7, 1, 20, '', ''),
(412, 831, 7, 1, 30, '', ' 0.5 hisse'),
(413, 842, 7, 9, 200, '', 'kiracıhane'),
(414, 858, 7, 6, 120, '', ''),
(415, 862, 7, 1, 60, '', 'yahud'),
(416, 864, 7, 1, 100, '', ''),
(417, 889, 7, 2, 45, '', ''),
(418, 892, 7, 1, 20, '', ''),
(419, 914, 7, 3, 60, '', ''),
(420, 918, 7, 1, 20, '', ''),
(421, 920, 7, 3, 90, '', ''),
(422, 924, 7, 1, 15, '', ''),
(423, 937, 7, 1, 30, '', ''),
(424, 940, 7, 1, 30, '', ''),
(425, 942, 7, 1, 30, '', ''),
(426, 945, 7, 1, 30, '', ''),
(427, 947, 7, 1, 30, '', ''),
(428, 949, 7, 1, 30, '', ''),
(429, 951, 7, 1, 25, '', ''),
(430, 955, 7, 1, 30, '', ''),
(431, 957, 7, 2, 20, '', ''),
(432, 963, 7, 1, 12, '', ''),
(433, 965, 7, 1, 80, '', ''),
(434, 966, 7, 1, 45, '', '?'),
(435, 974, 7, 1, 40, '', ''),
(436, 981, 7, 1, 20, '', ''),
(437, 995, 7, 1, 40, '', ''),
(438, 1024, 7, 2, 0, '', 'yahudin kapalı'),
(439, 1024, 7, 3, 110, '', ''),
(440, 1042, 7, 1, 40, '', ''),
(441, 1045, 7, 1, 20, '', ''),
(442, 1052, 7, 2, 50, '', ''),
(443, 1055, 7, 1, 45, '', ''),
(444, 1072, 7, 1, 50, '', ''),
(445, 1074, 7, 1, 50, '', ''),
(446, 1084, 7, 1, 30, '', ''),
(447, 1086, 7, 2, 120, '', ''),
(448, 1091, 7, 1, 40, '', ''),
(449, 1095, 7, 2, 120, '', ''),
(450, 1108, 7, 1, 30, '', ''),
(451, 1110, 7, 1, 120, '', ''),
(452, 1116, 7, 1, 30, '', ''),
(453, 1123, 7, 1, 54, '', ''),
(454, 1142, 7, 1, 40, '', ''),
(455, 1149, 7, 1, 100, 'varoş', ''),
(456, 1149, 7, 3, 90, 'konluk ???', 'kirahaneler'),
(457, 1153, 7, 1, 30, 'yagodin mahallesi', ''),
(458, 1154, 7, 1, 700, '', ''),
(459, 1155, 7, 8, 50, '???', 'bende han'),
(460, 1160, 7, 6, 120, '', 'kirahane'),
(461, 1160, 7, 4, 350, 'nefs-i Niş', ''),
(462, 1160, 7, 2, 120, 'diğer', ''),
(463, 1160, 7, 1, 0, '', 'kapalı'),
(464, 1164, 7, 1, 50, '', ''),
(465, 1173, 7, 1, 50, '', ''),
(466, 1176, 7, 1, 60, '', ''),
(467, 1184, 7, 1, 40, '', ''),
(468, 1192, 7, 2, 80, '', ''),
(469, 1195, 7, 2, 140, '', ''),
(470, 1207, 7, 1, 50, '', ''),
(471, 1214, 7, 2, 0, '???', '??? Muattal'),
(472, 1222, 7, 1, 100, '', ''),
(473, 1228, 7, 1, 30, '', ''),
(474, 1235, 7, 1, 30, '', ''),
(475, 1251, 7, 1, 80, '', ''),
(476, 1264, 7, 1, 40, '', ''),
(477, 1266, 7, 1, 70, '', ''),
(478, 1285, 7, 1, 40, '', ''),
(479, 1294, 7, 1, 30, '', ''),
(480, 701, 7, 1, 600, '', 'yahud number of residences not stated'),
(481, 9, 7, 20, 400, 'varoş', 'ciftlik '),
(482, 329, 7, 3, 50, '', 'ciftlik 2 dukkan ile, 0.5 hisse'),
(483, 558, 7, 9, 300, '', 'ciftlik '),
(484, 721, 7, 4, 96, 'belgrad mahallesi', 'ciftlik '),
(485, 701, 7, 4, 40, '', 'ciftlik '),
(486, 9, 7, 10, 200, 'varoş', 'ciftlik '),
(487, 35, 7, 6, 72, '', 'ciftlik '),
(488, 57, 7, 5, 180, 'nefs-i niş', 'ciftlik '),
(489, 57, 7, 3, 130, '', 'ciftlik '),
(490, 81, 7, 10, 650, '', 'ciftlik '),
(491, 121, 7, 2, 20, 'varoş', 'ciftlik '),
(492, 122, 7, 1, 75, '', 'ciftlik '),
(493, 123, 7, 1, 80, 'varoş', 'ciftlik '),
(494, 124, 7, 1, 250, 'varoş', 'ciftlik '),
(495, 125, 7, 2, 20, '', 'ciftlik '),
(496, 141, 7, 2, 50, 'Fethiye', 'ciftlik '),
(497, 153, 7, 1, 200, 'varoş', 'ciftlik 3 dukkan ile 9 hane, 0.125 hisse'),
(498, 170, 7, 5, 150, 'istanbul kapısı', 'ciftlik '),
(499, 182, 7, 5, 150, '', 'ciftlik '),
(500, 187, 7, 2, 50, 'Fethiye', 'ciftlik '),
(501, 188, 7, 1, 150, 'belgrad mh hata olabilir', 'ciftlik '),
(502, 293, 7, 2, 20, 'Niş Varoşu', 'ciftlik '),
(503, 294, 7, 9, 90, 'Civar-ı Kasaba', 'ciftlik '),
(504, 298, 7, 40, 364, 'Civar-ı Kasaba', 'ciftlik '),
(505, 299, 7, 13, 280, 'Civar-ı Kasaba', 'ciftlik '),
(506, 301, 7, 4, 50, 'Civar-ı Kasaba', 'ciftlik '),
(507, 307, 7, 12, 128, 'Civar-ı Kasaba', 'ciftlik '),
(508, 323, 7, 14, 120, '', 'ciftlik '),
(509, 415, 7, 3, 60, '', 'ciftlik '),
(510, 417, 7, 2, 30, '', 'ciftlik '),
(511, 535, 7, 26, 500, 'Palilula Çiftliği', 'ciftlik '),
(512, 536, 7, 10, 65, 'Okup?? kapısında', 'ciftlik '),
(513, 583, 7, 5, 150, '', 'ciftlik '),
(514, 702, 7, 5, 50, 'kıbtiyan mahallesi', 'ciftlik '),
(515, 713, 7, 7, 393, '', 'ciftlik '),
(516, 774, 7, 1, 30, 'belgrad mahallesi', 'ciftlik '),
(517, 843, 7, 3, 126, '', 'ciftlik '),
(518, 859, 7, 5, 152, '', 'ciftlik '),
(519, 861, 7, 3, 225, 'kotoviçe', 'ciftlik '),
(520, 158, 3, 1, 36, '', 'dukkan ile, 0.05 hisse'),
(521, 153, 3, 1, 63, '', '3 dukkan ile 9 hane, 0.125 hisse'),
(522, 207, 3, 1, 64, '', '3 dukkan ile 9 hane, 0.125 hisse'),
(523, 158, 3, 1, 127, '', '3 dukkan ile 9 hane, 0.25 hisse'),
(524, 329, 3, 1, 290, '', '2 dukkan ile, 0.5 hisse'),
(525, 15, 3, 1, 393, '', 'dukkan ile 0.5 hisse'),
(526, 731, 3, 1, 250, '', '1 dukkan ile, 0.5 hisse'),
(527, 795, 3, 1, 250, 'belgrad mahallesi', '1 dukkan ile, 0.5 hisse'),
(528, 13, 3, 1, 400, 'kotna', 'dukkan ile'),
(529, 108, 3, 1, 500, '', '3 dukkan ile'),
(530, 795, 4, 1, 60, 'belgrad mahallesi', ''),
(531, 165, 4, 1, 120, '', ''),
(532, 714, 4, 1, 0, '', 'muattal'),
(533, 193, 4, 1, 300, '', ''),
(534, 239, 4, 1, 100, '', ''),
(535, 260, 4, 1, 100, '', ''),
(536, 510, 4, 1, 40, '', ''),
(537, 722, 4, 1, 0, 'belgrad mahallesi', 'muattal'),
(538, 846, 4, 1, 100, '', ''),
(539, 850, 4, 1, 100, '', ''),
(540, 57, 5, 1, 250, '', ''),
(541, 170, 5, 1, 200, 'sagir-i kıptıyan mahallesi', ''),
(542, 986, 5, 1, 200, '', ''),
(543, 987, 5, 1, 100, '', ''),
(544, 1297, 5, 1, 200, '', ''),
(545, 535, 5, 2, 130, 'Palilula Çiftliği', ''),
(546, 558, 6, 1, 360, '', '');

-- --------------------------------------------------------

--
-- Table structure for table `tax`
--

CREATE TABLE `tax` (
  `tax_id` int(11) NOT NULL,
  `type` varchar(250) NOT NULL,
  `type_en` varchar(250) NOT NULL
) ENGINE=InnoDB DEFAULT CHARSET=utf8;

--
-- Dumping data for table `tax`
--

INSERT INTO `tax` (`tax_id`, `type`, `type_en`) VALUES
(1, 'vergi-i mahsuse', 'general tax'),
(2, 'öşür (tarla)', 'tithe (field)'),
(3, 'bedel-i öşr-i bostan', 'tithe (garden)'),
(4, 'bedel-i öşr-i kovan', 'tithe (beehive)'),
(5, 'resm-i bağ', 'vineyard tax'),
(6, 'resm-i asıyab', 'mill tax'),
(7, 'resm-i adet-i ağnam', 'sheep tax'),
(8, 'cizye', 'poll tax (jizya)');

-- --------------------------------------------------------

--
-- Table structure for table `tax_household`
--

CREATE TABLE `tax_household` (
  `tax_household_id` int(11) NOT NULL,
  `fk_household_id` int(11) NOT NULL,
  `fk_tax_id` int(11) NOT NULL,
  `amount` int(11) DEFAULT NULL,
  `is_exused` tinyint(3) DEFAULT NULL
) ENGINE=InnoDB DEFAULT CHARSET=utf8;

--
-- Dumping data for table `tax_household`
--

INSERT INTO `tax_household` (`tax_household_id`, `fk_household_id`, `fk_tax_id`, `amount`, `is_exused`) VALUES
(1, 2, 1, 29, NULL),
(2, 2, 5, 6, NULL),
(3, 6, 1, 143, NULL),
(4, 9, 1, 100, NULL),
(5, 13, 1, 53, NULL),
(6, 13, 5, 20, NULL),
(7, 13, 2, 53, NULL),
(8, 14, 1, 284, NULL),
(9, 14, 5, 18, NULL),
(10, 14, 4, 9, NULL),
(11, 18, 1, 150, NULL),
(12, 18, 5, 3, NULL),
(13, 19, 1, 32, NULL),
(14, 20, 1, 58, NULL),
(15, 20, 2, 112, NULL),
(16, 20, 4, 3, NULL),
(17, 26, 1, 5, NULL),
(18, 26, 5, 4, NULL),
(19, 28, 1, 10, NULL),
(20, 28, 5, 4, NULL),
(21, 31, 1, 4, NULL),
(22, 34, 1, 10, NULL),
(23, 35, 1, 29, NULL),
(24, 35, 5, 24, NULL),
(25, 35, 4, 8, NULL),
(26, 35, 2, 24, NULL),
(27, 37, 1, 4, NULL),
(28, 38, 1, 4, NULL),
(29, 38, 5, 0, NULL),
(30, 44, 1, 4, NULL),
(31, 44, 5, 17, NULL),
(32, 46, 1, 19, NULL),
(33, 46, 5, 4, NULL),
(34, 47, 1, 16, NULL),
(35, 49, 1, 16, NULL),
(36, 49, 5, 6, NULL),
(37, 57, 1, 61, NULL),
(38, 57, 2, 30, NULL),
(39, 58, 1, 3, NULL),
(40, 61, 1, 5, NULL),
(41, 62, 1, 33, NULL),
(42, 62, 5, 6, NULL),
(43, 63, 1, 5, NULL),
(44, 66, 1, 4, NULL),
(45, 71, 1, 57, NULL),
(46, 72, 1, 23, NULL),
(47, 73, 1, 6, NULL),
(48, 75, 1, 30, NULL),
(49, 79, 1, 81, NULL),
(50, 81, 1, 17, NULL),
(51, 89, 1, 28, NULL),
(52, 91, 1, 9, NULL),
(53, 92, 1, 1, NULL),
(54, 93, 1, 23, NULL),
(55, 97, 1, 20, NULL),
(56, 98, 1, 8, NULL),
(57, 102, 1, 3, NULL),
(58, 106, 1, 8, NULL),
(59, 111, 1, 10, NULL),
(60, 112, 1, 60, NULL),
(61, 113, 1, 152, NULL),
(62, 115, 1, 190, NULL),
(63, 116, 1, 42, NULL),
(64, 118, 1, 238, NULL),
(65, 119, 1, 6, NULL),
(66, 120, 1, 34, NULL),
(67, 124, 1, 466, NULL),
(68, 126, 1, 102, NULL),
(69, 132, 1, 85, NULL),
(70, 133, 1, 25, NULL),
(71, 134, 1, 10, NULL),
(72, 137, 1, 10, NULL),
(73, 140, 1, 25, NULL),
(74, 141, 1, 250, NULL),
(75, 142, 1, 12, NULL),
(76, 147, 1, 10, NULL),
(77, 153, 1, 40, NULL),
(78, 158, 1, 40, NULL),
(79, 164, 1, 6, NULL),
(80, 165, 1, 40, NULL),
(81, 170, 1, 92, NULL),
(82, 172, 1, 16, NULL),
(83, 175, 1, 5, NULL),
(84, 176, 1, 34, NULL),
(85, 177, 1, 60, NULL),
(86, 178, 1, 6, NULL),
(87, 188, 1, 300, NULL),
(88, 189, 1, 28, NULL),
(89, 192, 1, 8, NULL),
(90, 193, 1, 120, NULL),
(91, 202, 1, 6, NULL),
(92, 204, 1, 16, NULL),
(93, 211, 1, 40, NULL),
(94, 212, 1, 172, NULL),
(95, 213, 1, 172, NULL),
(96, 214, 1, 172, NULL),
(97, 215, 1, 67, NULL),
(98, 216, 1, 5, NULL),
(99, 219, 1, 4, NULL),
(100, 220, 1, 3, NULL),
(101, 221, 1, 3, NULL),
(102, 223, 1, 14, NULL),
(103, 224, 1, 4, NULL),
(104, 226, 1, 2, NULL),
(105, 227, 1, 4, NULL),
(106, 229, 1, 4, NULL),
(107, 231, 1, 15, NULL),
(108, 234, 1, 4, NULL),
(109, 235, 1, 3, NULL),
(110, 236, 1, 4, NULL),
(111, 237, 1, 2, NULL),
(112, 239, 1, 25, NULL),
(113, 244, 1, 3, NULL),
(114, 247, 1, 3, NULL),
(115, 249, 1, 29, NULL),
(116, 256, 1, 2, NULL),
(117, 258, 1, 5, NULL),
(118, 259, 1, 29, NULL),
(119, 260, 1, 8, NULL),
(120, 261, 1, 4, NULL),
(121, 262, 1, 3, NULL),
(122, 269, 1, 3, NULL),
(123, 270, 1, 2, NULL),
(124, 271, 1, 3, NULL),
(125, 272, 1, 172, NULL),
(126, 277, 1, 3, NULL),
(127, 278, 1, 4, NULL),
(128, 279, 1, 3, NULL),
(129, 280, 1, 60, NULL),
(130, 281, 1, 4, NULL),
(131, 282, 1, 40, NULL),
(132, 283, 1, 8, NULL),
(133, 287, 1, 4, NULL),
(134, 288, 1, 2, NULL),
(135, 289, 1, 2, NULL),
(136, 294, 1, 8, NULL),
(137, 298, 1, 247, NULL),
(138, 299, 1, 247, NULL),
(139, 301, 1, 112, NULL),
(140, 304, 1, 128, NULL),
(141, 305, 1, 40, NULL),
(142, 306, 1, 12, NULL),
(143, 307, 1, 208, NULL),
(144, 308, 1, 24, NULL),
(145, 313, 1, 120, NULL),
(146, 314, 1, 16, NULL),
(147, 315, 1, 40, NULL),
(148, 318, 1, 40, NULL),
(149, 320, 1, 28, NULL),
(150, 321, 1, 3, NULL),
(151, 323, 1, 62, NULL),
(152, 325, 1, 32, NULL),
(153, 326, 1, 16, NULL),
(154, 329, 1, 244, NULL),
(155, 334, 1, 192, NULL),
(156, 336, 1, 24, NULL),
(157, 337, 1, 20, NULL),
(158, 340, 1, 8, NULL),
(159, 341, 1, 16, NULL),
(160, 342, 1, 80, NULL),
(161, 343, 1, 3, NULL),
(162, 356, 1, 5, NULL),
(163, 361, 1, 4, NULL),
(164, 362, 1, 5, NULL),
(165, 365, 1, 24, NULL),
(166, 366, 1, 4, NULL),
(167, 374, 1, 35, NULL),
(168, 375, 1, 9, NULL),
(169, 376, 1, 9, NULL),
(170, 377, 1, 3, NULL),
(171, 379, 1, 3, NULL),
(172, 380, 1, 2, NULL),
(173, 381, 1, 5, NULL),
(174, 382, 1, 4, NULL),
(175, 385, 1, 12, NULL),
(176, 387, 1, 20, NULL),
(177, 388, 1, 5, NULL),
(178, 394, 1, 5, NULL),
(179, 395, 1, 4, NULL),
(180, 396, 1, 2, NULL),
(181, 397, 1, 3, NULL),
(182, 398, 1, 3, NULL),
(183, 399, 1, 3, NULL),
(184, 400, 1, 25, NULL),
(185, 402, 1, 4, NULL),
(186, 405, 1, 15, NULL),
(187, 406, 1, 3, NULL),
(188, 409, 1, 2, NULL),
(189, 410, 1, 2, NULL),
(190, 411, 1, 3, NULL),
(191, 413, 1, 3, NULL),
(192, 414, 1, 4, NULL),
(193, 415, 1, 150, NULL),
(194, 416, 1, 10, NULL),
(195, 417, 1, 14, NULL),
(196, 418, 1, 2, NULL),
(197, 419, 1, 2, NULL),
(198, 420, 1, 4, NULL),
(199, 421, 1, 5, NULL),
(200, 423, 1, 2, NULL),
(201, 424, 1, 2, NULL),
(202, 425, 1, 6, NULL),
(203, 426, 1, 5, NULL),
(204, 427, 1, 2, NULL),
(205, 429, 1, 9, NULL),
(206, 430, 1, 3, NULL),
(207, 431, 1, 2, NULL),
(208, 432, 1, 2, NULL),
(209, 434, 1, 2, NULL),
(210, 435, 1, 5, NULL),
(211, 436, 1, 2, NULL),
(212, 437, 1, 2, NULL),
(213, 438, 1, 1, NULL),
(214, 439, 1, 1, NULL),
(215, 440, 1, 3, NULL),
(216, 441, 1, 2, NULL),
(217, 442, 1, 2, NULL),
(218, 443, 1, 2, NULL),
(219, 444, 1, 3, NULL),
(220, 445, 1, 2, NULL),
(221, 447, 1, 4, NULL),
(222, 449, 1, 4, NULL),
(223, 450, 1, 3, NULL),
(224, 451, 1, 2, NULL),
(225, 452, 1, 5, NULL),
(226, 453, 1, 3, NULL),
(227, 454, 1, 2, NULL),
(228, 455, 1, 2, NULL),
(229, 456, 1, 2, NULL),
(230, 458, 1, 2, NULL),
(231, 459, 1, 3, NULL),
(232, 460, 1, 2, NULL),
(233, 461, 1, 5, NULL),
(234, 464, 1, 3, NULL),
(235, 465, 1, 4, NULL),
(236, 466, 1, 2, NULL),
(237, 467, 1, 2, NULL),
(238, 468, 1, 2, NULL),
(239, 469, 1, 3, NULL),
(240, 470, 1, 4, NULL),
(241, 472, 1, 3, NULL),
(242, 473, 1, 5, NULL),
(243, 474, 1, 7, NULL),
(244, 475, 1, 5, NULL),
(245, 477, 1, 10, NULL),
(246, 478, 1, 4, NULL),
(247, 479, 1, 2, NULL),
(248, 480, 1, 3, NULL),
(249, 484, 1, 10, NULL),
(250, 486, 1, 5, NULL),
(251, 487, 1, 5, NULL),
(252, 488, 1, 6, NULL),
(253, 489, 1, 4, NULL),
(254, 492, 1, 3, NULL),
(255, 494, 1, 4, NULL),
(256, 495, 1, 19, NULL),
(257, 497, 1, 55, NULL),
(258, 498, 1, 5, NULL),
(259, 503, 1, 3, NULL),
(260, 504, 1, 12, NULL),
(261, 507, 1, 3, NULL),
(262, 508, 1, 3, NULL),
(263, 509, 1, 4, NULL),
(264, 510, 1, 11, NULL),
(265, 511, 1, 2, NULL),
(266, 514, 1, 3, NULL),
(267, 515, 1, 4, NULL),
(268, 516, 1, 6, NULL),
(269, 517, 1, 5, NULL),
(270, 519, 1, 12, NULL),
(271, 520, 1, 4, NULL),
(272, 521, 1, 2, NULL),
(273, 525, 1, 2, NULL),
(274, 526, 1, 7, NULL),
(275, 528, 1, 4, NULL),
(276, 529, 1, 6, NULL),
(277, 530, 1, 9, NULL),
(278, 531, 1, 4, NULL),
(279, 532, 1, 30, NULL),
(280, 535, 1, 84, NULL),
(281, 536, 1, 35, NULL),
(282, 537, 1, 4, NULL),
(283, 539, 1, 4, NULL),
(284, 540, 1, 4, NULL),
(285, 542, 1, 9, NULL),
(286, 543, 1, 3, NULL),
(287, 546, 1, 4, NULL),
(288, 547, 1, 5, NULL),
(289, 550, 1, 4, NULL),
(290, 551, 1, 13, NULL),
(291, 552, 1, 3, NULL),
(292, 553, 1, 4, NULL),
(293, 554, 1, 4, NULL),
(294, 556, 1, 41, NULL),
(295, 558, 1, 182, NULL),
(296, 559, 1, 4, NULL),
(297, 560, 1, 3, NULL),
(298, 563, 1, 4, NULL),
(299, 566, 1, 4, NULL),
(300, 568, 1, 4, NULL),
(301, 570, 1, 3, NULL),
(302, 571, 1, 4, NULL),
(303, 573, 1, 3, NULL),
(304, 576, 1, 6, NULL),
(305, 578, 1, 3, NULL),
(306, 579, 1, 3, NULL),
(307, 581, 1, 2, NULL),
(308, 583, 1, 10, NULL),
(309, 588, 1, 39, NULL),
(310, 589, 1, 4, NULL),
(311, 591, 1, 4, NULL),
(312, 597, 1, 4, NULL),
(313, 599, 1, 11, NULL),
(314, 603, 1, 5, NULL),
(315, 605, 1, 15, NULL),
(316, 606, 1, 3, NULL),
(317, 607, 1, 4, NULL),
(318, 609, 1, 4, NULL),
(319, 611, 1, 4, NULL),
(320, 612, 1, 3, NULL),
(321, 613, 1, 4, NULL),
(322, 614, 1, 2, NULL),
(323, 616, 1, 4, NULL),
(324, 617, 1, 4, NULL),
(325, 618, 1, 3, NULL),
(326, 621, 1, 4, NULL),
(327, 623, 1, 10, NULL),
(328, 624, 1, 8, NULL),
(329, 625, 1, 5, NULL),
(330, 626, 1, 3, NULL),
(331, 627, 1, 5, NULL),
(332, 628, 1, 2, NULL),
(333, 629, 1, 12, NULL),
(334, 630, 1, 2, NULL),
(335, 631, 1, 14, NULL),
(336, 636, 1, 4, NULL),
(337, 637, 1, 11, NULL),
(338, 639, 1, 3, NULL),
(339, 641, 1, 5, NULL),
(340, 642, 1, 3, NULL),
(341, 643, 1, 4, NULL),
(342, 649, 1, 4, NULL),
(343, 651, 1, 2, NULL),
(344, 652, 1, 3, NULL),
(345, 654, 1, 3, NULL),
(346, 655, 1, 3, NULL),
(347, 657, 1, 3, NULL),
(348, 659, 1, 7, NULL),
(349, 662, 1, 2, NULL),
(350, 665, 1, 2, NULL),
(351, 667, 1, 4, NULL),
(352, 668, 1, 4, NULL),
(353, 670, 1, 5, NULL),
(354, 672, 1, 2, NULL),
(355, 674, 1, 4, NULL),
(356, 675, 1, 6, NULL),
(357, 676, 1, 5, NULL),
(358, 680, 1, 4, NULL),
(359, 683, 1, 4, NULL),
(360, 684, 1, 4, NULL),
(361, 685, 1, 3, NULL),
(362, 686, 1, 4, NULL),
(363, 689, 1, 3, NULL),
(364, 691, 1, 3, NULL),
(365, 692, 1, 5, NULL),
(366, 697, 1, 4, NULL),
(367, 698, 1, 2, NULL),
(368, 699, 1, 3, NULL),
(369, 701, 1, 462, NULL),
(370, 704, 1, 20, NULL),
(371, 707, 1, 15, NULL),
(372, 712, 1, 10, NULL),
(373, 713, 1, 69, NULL),
(374, 714, 1, 90, NULL),
(375, 715, 1, 150, NULL),
(376, 716, 1, 413, NULL),
(377, 717, 1, 2, NULL),
(378, 718, 1, 8, NULL),
(379, 719, 1, 5, NULL),
(380, 720, 1, 8, NULL),
(381, 721, 1, 40, NULL),
(382, 722, 1, 103, NULL),
(383, 723, 1, 25, NULL),
(384, 726, 1, 13, NULL),
(385, 727, 1, 13, NULL),
(386, 728, 1, 34, NULL),
(387, 729, 1, 10, NULL),
(388, 731, 1, 62, NULL),
(389, 734, 1, 10, NULL),
(390, 735, 1, 4, NULL),
(391, 737, 1, 17, NULL),
(392, 738, 1, 206, NULL),
(393, 739, 1, 4, NULL),
(394, 740, 1, 14, NULL),
(395, 741, 1, 17, NULL),
(396, 742, 1, 4, NULL),
(397, 744, 1, 3, NULL),
(398, 745, 1, 4, NULL),
(399, 746, 1, 4, NULL),
(400, 752, 1, 87, NULL),
(401, 753, 1, 8, NULL),
(402, 755, 1, 11, NULL),
(403, 759, 1, 8, NULL),
(404, 764, 1, 5, NULL),
(405, 765, 1, 2, NULL),
(406, 766, 1, 4, NULL),
(407, 768, 1, 17, NULL),
(408, 770, 1, 4, NULL),
(409, 771, 1, 58, NULL),
(410, 772, 1, 4, NULL),
(411, 773, 1, 60, NULL),
(412, 775, 1, 2, NULL),
(413, 777, 1, 3, NULL),
(414, 779, 1, 2, NULL),
(415, 780, 1, 2, NULL),
(416, 781, 1, 13, NULL),
(417, 782, 1, 8, NULL),
(418, 784, 1, 2, NULL),
(419, 787, 1, 2, NULL),
(420, 789, 1, 6, NULL),
(421, 791, 1, 4, NULL),
(422, 792, 1, 40, NULL),
(423, 795, 1, 86, NULL),
(424, 796, 1, 3, NULL),
(425, 798, 1, 4, NULL),
(426, 799, 1, 5, NULL),
(427, 801, 1, 2, NULL),
(428, 804, 1, 4, NULL),
(429, 806, 1, 1, NULL),
(430, 807, 1, 2, NULL),
(431, 808, 1, 2, NULL),
(432, 813, 1, 2, NULL),
(433, 814, 1, 5, NULL),
(434, 815, 1, 4, NULL),
(435, 817, 1, 3, NULL),
(436, 818, 1, 13, NULL),
(437, 819, 1, 4, NULL),
(438, 822, 1, 2, NULL),
(439, 823, 1, 2, NULL),
(440, 825, 1, 4, NULL),
(441, 830, 1, 2, NULL),
(442, 831, 1, 37, NULL),
(443, 875, 1, 20, NULL),
(444, 876, 1, 35, NULL),
(445, 878, 1, 24, NULL),
(446, 879, 1, 23, NULL),
(447, 884, 1, 14, NULL),
(448, 885, 1, 40, NULL),
(449, 886, 1, 24, NULL),
(450, 887, 1, 6, NULL),
(451, 888, 1, 24, NULL),
(452, 889, 1, 24, NULL),
(453, 890, 1, 50, NULL),
(454, 891, 1, 25, NULL),
(455, 893, 1, 6, NULL),
(456, 894, 1, 12, NULL),
(457, 895, 1, 14, NULL),
(458, 896, 1, 14, NULL),
(459, 898, 1, 13, NULL),
(460, 899, 1, 25, NULL),
(461, 900, 1, 20, NULL),
(462, 901, 1, 24, NULL),
(463, 902, 1, 40, NULL),
(464, 903, 1, 10, NULL),
(465, 905, 1, 20, NULL),
(466, 906, 1, 4, NULL),
(467, 908, 1, 10, NULL),
(468, 909, 1, 10, NULL),
(469, 910, 1, 8, NULL),
(470, 911, 1, 8, NULL),
(471, 914, 1, 16, NULL),
(472, 918, 1, 6, NULL),
(473, 919, 1, 9, NULL),
(474, 920, 1, 18, NULL),
(475, 921, 1, 12, NULL),
(476, 922, 1, 8, NULL),
(477, 926, 1, 24, NULL),
(478, 927, 1, 20, NULL),
(479, 928, 1, 20, NULL),
(480, 929, 1, 36, NULL),
(481, 930, 1, 4, NULL),
(482, 931, 1, 21, NULL),
(483, 932, 1, 35, NULL),
(484, 933, 1, 3, NULL),
(485, 935, 1, 8, NULL),
(486, 936, 1, 132, NULL),
(487, 937, 1, 30, NULL),
(488, 938, 1, 30, NULL),
(489, 939, 1, 25, NULL),
(490, 941, 1, 15, NULL),
(491, 942, 1, 32, NULL),
(492, 945, 1, 80, NULL),
(493, 946, 1, 12, NULL),
(494, 948, 1, 15, NULL),
(495, 949, 1, 22, NULL),
(496, 950, 1, 7, NULL),
(497, 952, 1, 8, NULL),
(498, 953, 1, 12, NULL),
(499, 954, 1, 17, NULL),
(500, 955, 1, 70, NULL),
(501, 956, 1, 50, NULL),
(502, 957, 1, 45, NULL),
(503, 958, 1, 10, NULL),
(504, 960, 1, 25, NULL),
(505, 961, 1, 55, NULL),
(506, 962, 1, 80, NULL),
(507, 963, 1, 10, NULL),
(508, 964, 1, 380, NULL),
(509, 966, 1, 10, NULL),
(510, 967, 1, 75, NULL),
(511, 968, 1, 7, NULL),
(512, 969, 1, 140, NULL),
(513, 971, 1, 90, NULL),
(514, 972, 1, 45, NULL),
(515, 973, 1, 100, NULL),
(516, 974, 1, 80, NULL),
(517, 977, 1, 10, NULL),
(518, 978, 1, 50, NULL),
(519, 980, 1, 21, NULL),
(520, 981, 1, 16, NULL),
(521, 982, 1, 8, NULL),
(522, 985, 1, 40, NULL),
(523, 986, 1, 80, NULL),
(524, 988, 1, 20, NULL),
(525, 989, 1, 15, NULL),
(526, 990, 1, 15, NULL),
(527, 991, 1, 30, NULL),
(528, 994, 1, 30, NULL),
(529, 995, 1, 27, NULL),
(530, 996, 1, 10, NULL),
(531, 999, 1, 12, NULL),
(532, 1000, 1, 20, NULL),
(533, 1001, 1, 16, NULL),
(534, 1003, 1, 10, NULL),
(535, 1005, 1, 20, NULL),
(536, 1006, 1, 20, NULL),
(537, 1008, 1, 100, NULL),
(538, 1009, 1, 65, NULL),
(539, 1010, 1, 8, NULL),
(540, 1013, 1, 8, NULL),
(541, 1014, 1, 8, NULL),
(542, 1015, 1, 12, NULL),
(543, 1016, 1, 50, NULL),
(544, 1017, 1, 12, NULL),
(545, 1018, 1, 15, NULL),
(546, 1019, 1, 10, NULL),
(547, 1020, 1, 40, NULL),
(548, 1021, 1, 40, NULL),
(549, 1022, 1, 16, NULL),
(550, 1023, 1, 9, NULL),
(551, 1025, 1, 20, NULL),
(552, 1026, 1, 10, NULL),
(553, 1027, 1, 10, NULL),
(554, 1028, 1, 20, NULL),
(555, 1029, 1, 15, NULL),
(556, 1030, 1, 16, NULL),
(557, 1031, 1, 20, NULL),
(558, 1032, 1, 26, NULL),
(559, 1033, 1, 24, NULL),
(560, 1034, 1, 19, NULL),
(561, 1036, 1, 80, NULL),
(562, 1037, 1, 11, NULL),
(563, 1040, 1, 24, NULL),
(564, 1041, 1, 8, NULL),
(565, 1043, 1, 15, NULL),
(566, 1044, 1, 7, NULL),
(567, 1046, 1, 50, NULL),
(568, 1047, 1, 26, NULL),
(569, 1048, 1, 15, NULL),
(570, 1049, 1, 7, NULL),
(571, 1050, 1, 55, NULL),
(572, 1051, 1, 53, NULL),
(573, 1052, 1, 10, NULL),
(574, 1054, 1, 10, NULL),
(575, 1055, 1, 45, NULL),
(576, 1056, 1, 5, NULL),
(577, 1057, 1, 16, NULL),
(578, 1059, 1, 45, NULL),
(579, 1060, 1, 35, NULL),
(580, 1061, 1, 10, NULL),
(581, 1062, 1, 16, NULL),
(582, 1063, 1, 60, NULL),
(583, 1065, 1, 12, NULL),
(584, 1067, 1, 6, NULL),
(585, 1068, 1, 15, NULL),
(586, 1069, 1, 25, NULL),
(587, 1071, 1, 10, NULL),
(588, 1072, 1, 30, NULL),
(589, 1073, 1, 5, NULL),
(590, 1075, 1, 9, NULL),
(591, 1076, 1, 70, NULL),
(592, 1077, 1, 90, NULL),
(593, 1078, 1, 20, NULL),
(594, 1079, 1, 120, NULL),
(595, 1081, 1, 40, NULL),
(596, 1082, 1, 20, NULL),
(597, 1083, 1, 180, NULL),
(598, 1084, 1, 22, NULL),
(599, 1085, 1, 15, NULL),
(600, 1087, 1, 20, NULL),
(601, 1089, 1, 10, NULL),
(602, 1092, 1, 62, NULL),
(603, 1093, 1, 20, NULL),
(604, 1096, 1, 20, NULL),
(605, 1097, 1, 15, NULL),
(606, 1098, 1, 100, NULL),
(607, 1099, 1, 60, NULL),
(608, 1100, 1, 10, NULL),
(609, 1101, 1, 10, NULL),
(610, 1102, 1, 100, NULL),
(611, 1105, 1, 25, NULL),
(612, 1106, 1, 45, NULL),
(613, 1111, 1, 44, NULL),
(614, 1113, 1, 30, NULL),
(615, 1114, 1, 10, NULL),
(616, 1115, 1, 20, NULL),
(617, 1116, 1, 51, NULL),
(618, 1117, 1, 10, NULL),
(619, 1121, 1, 69, NULL),
(620, 1122, 1, 70, NULL),
(621, 1124, 1, 50, NULL),
(622, 1125, 1, 40, NULL),
(623, 1126, 1, 20, NULL),
(624, 1127, 1, 13, NULL),
(625, 1128, 1, 20, NULL),
(626, 1129, 1, 20, NULL),
(627, 1130, 1, 80, NULL),
(628, 1131, 1, 39, NULL),
(629, 1132, 1, 50, NULL),
(630, 1136, 1, 500, NULL),
(631, 1137, 1, 2, NULL),
(632, 1140, 1, 35, NULL),
(633, 1141, 1, 8, NULL),
(634, 1142, 1, 40, NULL),
(635, 1143, 1, 20, NULL),
(636, 1144, 1, 125, NULL),
(637, 1146, 1, 20, NULL),
(638, 1147, 1, 70, NULL),
(639, 1148, 1, 200, NULL),
(640, 1149, 1, 1500, NULL),
(641, 1151, 1, 40, NULL),
(642, 1152, 1, 30, NULL),
(643, 1153, 1, 900, NULL),
(644, 1154, 1, 150, NULL),
(645, 1155, 1, 110, NULL),
(646, 1157, 1, 54, NULL),
(647, 1160, 1, 1000, NULL),
(648, 1162, 1, 70, NULL),
(649, 1163, 1, 36, NULL),
(650, 1164, 1, 42, NULL),
(651, 1165, 1, 189, NULL),
(652, 1166, 1, 12, NULL),
(653, 1167, 1, 6, NULL),
(654, 1169, 1, 15, NULL),
(655, 1170, 1, 10, NULL),
(656, 1172, 1, 60, NULL),
(657, 1173, 1, 160, NULL),
(658, 1174, 1, 140, NULL),
(659, 1176, 1, 400, NULL),
(660, 1180, 1, 80, NULL),
(661, 1182, 1, 60, NULL),
(662, 1183, 1, 40, NULL),
(663, 1184, 1, 20, NULL),
(664, 1187, 1, 50, NULL),
(665, 1188, 1, 15, NULL),
(666, 1189, 1, 16, NULL),
(667, 1190, 1, 12, NULL),
(668, 1194, 1, 10, NULL),
(669, 1195, 1, 25, NULL),
(670, 1196, 1, 30, NULL),
(671, 1197, 1, 30, NULL),
(672, 1199, 1, 280, NULL),
(673, 1200, 1, 120, NULL),
(674, 1201, 1, 250, NULL),
(675, 1204, 1, 80, NULL),
(676, 1205, 1, 65, NULL),
(677, 1206, 1, 40, NULL),
(678, 1207, 1, 15, NULL),
(679, 1213, 1, 15, NULL),
(680, 1214, 1, 490, NULL),
(681, 1215, 1, 11, NULL),
(682, 1216, 1, 25, NULL),
(683, 1217, 1, 25, NULL),
(684, 1220, 1, 40, NULL),
(685, 1221, 1, 100, NULL),
(686, 1222, 1, 5, NULL),
(687, 1224, 1, 100, NULL),
(688, 1225, 1, 8, NULL),
(689, 1226, 1, 20, NULL),
(690, 1227, 1, 20, NULL),
(691, 1228, 1, 24, NULL),
(692, 1230, 1, 10, NULL),
(693, 1231, 1, 17, NULL),
(694, 1232, 1, 12, NULL),
(695, 1234, 1, 50, NULL),
(696, 1235, 1, 20, NULL),
(697, 1237, 1, 25, NULL),
(698, 1239, 1, 60, NULL),
(699, 1241, 1, 50, NULL),
(700, 1242, 1, 200, NULL),
(701, 1243, 1, 70, NULL),
(702, 1244, 1, 80, NULL),
(703, 1248, 1, 60, NULL),
(704, 1249, 1, 70, NULL),
(705, 1250, 1, 80, NULL),
(706, 1251, 1, 20, NULL),
(707, 1253, 1, 8, NULL),
(708, 1254, 1, 60, NULL),
(709, 1257, 1, 20, NULL),
(710, 1258, 1, 15, NULL),
(711, 1259, 1, 7, NULL),
(712, 1261, 1, 12, NULL),
(713, 1262, 1, 50, NULL),
(714, 1263, 1, 80, NULL),
(715, 1264, 1, 75, NULL),
(716, 1265, 1, 30, NULL),
(717, 1266, 1, 25, NULL),
(718, 1267, 1, 40, NULL),
(719, 1268, 1, 15, NULL),
(720, 1269, 1, 15, NULL),
(721, 1270, 1, 10, NULL),
(722, 1271, 1, 4, NULL),
(723, 1272, 1, 15, NULL),
(724, 1273, 1, 8, NULL),
(725, 1274, 1, 10, NULL),
(726, 1275, 1, 15, NULL),
(727, 1276, 1, 20, NULL),
(728, 1277, 1, 60, NULL),
(729, 1278, 1, 25, NULL),
(730, 1279, 1, 10, NULL),
(731, 1280, 1, 30, NULL),
(732, 1281, 1, 20, NULL),
(733, 1282, 1, 20, NULL),
(734, 1284, 1, 10, NULL),
(735, 1286, 1, 20, NULL),
(736, 1287, 1, 60, NULL),
(737, 1288, 1, 60, NULL),
(738, 1289, 1, 20, NULL),
(739, 1290, 1, 20, NULL),
(740, 1292, 1, 20, NULL),
(741, 1293, 1, 40, NULL),
(742, 1294, 1, 86, NULL),
(743, 1295, 1, 10, NULL),
(744, 1296, 1, 28, NULL),
(745, 1297, 1, 14, NULL),
(746, 1298, 1, 32, NULL),
(747, 1299, 1, 24, NULL),
(748, 1300, 1, 42, NULL),
(749, 1302, 1, 10, NULL),
(750, 1303, 1, 18, NULL),
(751, 1304, 1, 30, NULL),
(752, 1305, 1, 12, NULL),
(753, 1307, 1, 10, NULL),
(754, 1308, 1, 10, NULL),
(755, 1309, 1, 10, NULL),
(756, 1310, 1, 20, NULL),
(757, 1311, 1, 10, NULL),
(758, 1312, 1, 24, NULL),
(759, 1313, 1, 10, NULL),
(760, 1314, 1, 12, NULL),
(761, 1315, 1, 10, NULL),
(762, 1316, 1, 10, NULL),
(763, 1317, 1, 14, NULL),
(764, 1318, 1, 20, NULL),
(765, 1319, 1, 20, NULL),
(766, 1320, 1, 30, NULL),
(767, 1321, 1, 10, NULL),
(768, 1323, 1, 45, NULL),
(769, 1324, 1, 15, NULL),
(770, 1325, 1, 110, NULL),
(771, 1326, 1, 95, NULL),
(772, 1327, 1, 95, NULL),
(773, 1328, 1, 105, NULL),
(774, 1329, 1, 69, NULL),
(775, 1330, 1, 190, NULL),
(776, 1331, 1, 180, NULL),
(777, 1333, 1, 110, NULL),
(778, 1334, 1, 38, NULL),
(779, 1335, 1, 130, NULL),
(780, 1336, 1, 67, NULL),
(781, 1338, 1, 38, NULL),
(782, 1340, 1, 95, NULL),
(783, 1341, 1, 34, NULL),
(784, 1342, 1, 38, NULL),
(785, 1343, 1, 160, NULL),
(786, 1344, 1, 140, NULL),
(787, 1345, 1, 115, NULL),
(788, 1352, 1, 29, NULL),
(789, 1353, 1, 30, NULL),
(790, 1355, 1, 15, NULL),
(791, 1356, 1, 95, NULL),
(792, 1357, 1, 43, NULL),
(793, 1359, 1, 120, NULL),
(794, 1360, 1, 2, NULL),
(795, 1361, 1, 85, NULL),
(796, 1362, 1, 68, NULL),
(797, 1363, 1, 58, NULL),
(798, 1364, 1, 10, NULL),
(799, 1366, 1, 120, NULL),
(800, 1367, 1, 120, NULL),
(801, 1368, 1, 67, NULL),
(802, 1369, 1, 67, NULL),
(803, 1370, 1, 20, NULL),
(804, 1373, 1, 55, NULL),
(805, 1374, 1, 29, NULL),
(806, 1376, 1, 90, NULL),
(807, 1377, 1, 25, NULL),
(808, 1378, 1, 75, NULL),
(809, 1379, 1, 18, NULL),
(810, 1380, 1, 42, NULL),
(811, 1381, 1, 18, NULL),
(812, 1382, 1, 10, NULL),
(813, 1383, 1, 29, NULL),
(814, 1384, 1, 18, NULL),
(815, 1385, 1, 75, NULL),
(816, 1386, 1, 29, NULL),
(817, 1387, 1, 15, NULL),
(818, 1388, 1, 52, NULL),
(819, 1390, 1, 15, NULL),
(820, 1391, 1, 38, NULL),
(821, 1392, 1, 180, NULL),
(822, 1393, 1, 115, NULL),
(823, 1394, 1, 170, NULL),
(824, 1395, 1, 115, NULL),
(825, 1399, 1, 95, NULL),
(826, 1402, 1, 46, NULL),
(827, 1406, 1, 48, NULL),
(828, 1408, 1, 28, NULL),
(829, 1409, 1, 38, NULL),
(830, 1410, 1, 20, NULL),
(831, 1411, 1, 37, NULL),
(832, 1412, 1, 100, NULL),
(833, 1413, 1, 60, NULL),
(834, 1414, 1, 38, NULL),
(835, 1415, 1, 60, NULL),
(836, 1417, 1, 65, NULL),
(837, 1418, 1, 50, NULL),
(838, 1419, 1, 95, NULL),
(839, 1420, 1, 30, NULL),
(840, 1421, 1, 30, NULL),
(841, 1422, 1, 30, NULL),
(842, 1423, 1, 30, NULL),
(843, 1424, 1, 60, NULL),
(844, 1425, 1, 85, NULL),
(845, 1426, 1, 65, NULL),
(846, 1427, 1, 170, NULL),
(847, 1428, 1, 115, NULL),
(848, 1429, 1, 125, NULL),
(849, 1430, 1, 35, NULL),
(850, 1431, 1, 75, NULL),
(851, 1432, 1, 80, NULL),
(852, 1433, 1, 70, NULL),
(853, 1434, 1, 105, NULL),
(854, 1435, 1, 65, NULL),
(855, 1436, 1, 140, NULL),
(856, 1437, 1, 80, NULL),
(857, 1438, 1, 85, NULL),
(858, 1439, 1, 30, NULL),
(859, 1440, 1, 30, NULL),
(860, 1441, 1, 67, NULL),
(861, 1442, 1, 65, NULL),
(862, 1443, 1, 58, NULL),
(863, 1444, 1, 35, NULL),
(864, 1445, 1, 44, NULL),
(865, 1446, 1, 25, NULL),
(866, 1447, 1, 30, NULL),
(867, 66, 5, 4, NULL),
(868, 72, 5, 14, NULL),
(869, 79, 5, 29, NULL),
(870, 81, 5, 4, NULL),
(871, 84, 5, 5, NULL),
(872, 89, 5, 3, NULL),
(873, 91, 5, 3, NULL),
(874, 92, 5, 2, NULL),
(875, 102, 5, 2, NULL),
(876, 111, 5, 5, NULL),
(877, 115, 5, 15, NULL),
(878, 116, 5, 30, NULL),
(879, 118, 5, 30, NULL),
(880, 120, 5, 4, NULL),
(881, 124, 5, 10, NULL),
(882, 128, 5, 6, NULL),
(883, 133, 5, 14, NULL),
(884, 134, 5, 4, NULL),
(885, 136, 5, 6, NULL),
(886, 138, 5, 6, NULL),
(887, 141, 5, 15, NULL),
(888, 146, 5, 2, NULL),
(889, 149, 5, 2, NULL),
(890, 153, 5, 13, NULL),
(891, 164, 5, 3, NULL),
(892, 165, 5, 9, NULL),
(893, 170, 5, 19, NULL),
(894, 176, 5, 4, NULL),
(895, 177, 5, 5, NULL),
(896, 188, 5, 20, NULL),
(897, 193, 5, 6, NULL),
(898, 194, 5, 5, NULL),
(899, 211, 5, 6, NULL),
(900, 212, 5, 10, NULL),
(901, 213, 5, 10, NULL),
(902, 214, 5, 10, NULL),
(903, 215, 5, 6, NULL),
(904, 216, 5, 20, NULL),
(905, 218, 5, 4, NULL),
(906, 224, 5, 4, NULL),
(907, 227, 5, 14, NULL),
(908, 228, 5, 10, NULL),
(909, 229, 5, 8, NULL),
(910, 231, 5, 8, NULL),
(911, 234, 5, 4, NULL),
(912, 235, 5, 10, NULL),
(913, 236, 5, 4, NULL),
(914, 239, 5, 23, NULL),
(915, 242, 5, 4, NULL),
(916, 246, 5, 6, NULL),
(917, 247, 5, 12, NULL),
(918, 249, 5, 2, NULL),
(919, 254, 5, 8, NULL),
(920, 258, 5, 3, NULL),
(921, 259, 5, 9, NULL),
(922, 260, 5, 8, NULL),
(923, 267, 5, 8, NULL),
(924, 269, 5, 10, NULL),
(925, 272, 5, 30, NULL),
(926, 273, 5, 4, NULL),
(927, 274, 5, 8, NULL),
(928, 276, 5, 6, NULL),
(929, 280, 5, 6, NULL),
(930, 281, 5, 10, NULL),
(931, 291, 5, 2, NULL),
(932, 294, 5, 3, NULL),
(933, 298, 5, 8, NULL),
(934, 301, 5, 5, NULL),
(935, 303, 5, 3, NULL),
(936, 305, 5, 4, NULL),
(937, 306, 5, 4, NULL),
(938, 313, 5, 14, NULL),
(939, 314, 5, 14, NULL),
(940, 315, 5, 3, NULL),
(941, 318, 5, 2, NULL),
(942, 320, 5, 3, NULL),
(943, 323, 5, 3, NULL),
(944, 325, 5, 16, NULL),
(945, 326, 5, 10, NULL),
(946, 329, 5, 5, NULL),
(947, 334, 5, 14, NULL),
(948, 336, 5, 36, NULL),
(949, 341, 5, 8, NULL),
(950, 347, 5, 5, NULL),
(951, 356, 5, 11, NULL),
(952, 357, 5, 10, NULL),
(953, 365, 5, 2, NULL),
(954, 366, 5, 4, NULL),
(955, 374, 5, 8, NULL),
(956, 376, 5, 3, NULL),
(957, 382, 5, 2, NULL),
(958, 385, 5, 7, NULL),
(959, 386, 5, 6, NULL),
(960, 387, 5, 6, NULL),
(961, 395, 5, 8, NULL),
(962, 402, 5, 2, NULL),
(963, 405, 5, 6, NULL),
(964, 406, 5, 3, NULL),
(965, 415, 5, 12, NULL),
(966, 416, 5, 3, NULL),
(967, 417, 5, 2, NULL),
(968, 434, 5, 4, NULL),
(969, 436, 5, 3, NULL),
(970, 453, 5, 4, NULL),
(971, 462, 5, 5, NULL),
(972, 470, 5, 5, NULL),
(973, 473, 5, 11, NULL),
(974, 474, 5, 7, NULL),
(975, 475, 5, 14, NULL),
(976, 477, 5, 6, NULL),
(977, 480, 5, 3, NULL),
(978, 487, 5, 4, NULL),
(979, 495, 5, 8, NULL),
(980, 497, 5, 8, NULL),
(981, 500, 5, 8, NULL),
(982, 510, 5, 6, NULL),
(983, 519, 5, 13, NULL),
(984, 522, 5, 12, NULL),
(985, 526, 5, 6, NULL),
(986, 532, 5, 6, NULL),
(987, 533, 5, 5, NULL),
(988, 535, 5, 7, NULL),
(989, 536, 5, 6, NULL),
(990, 540, 5, 2, NULL),
(991, 550, 5, 3, NULL),
(992, 551, 5, 7, NULL),
(993, 556, 5, 7, NULL),
(994, 558, 5, 7, NULL),
(995, 564, 5, 2, NULL),
(996, 578, 5, 3, NULL),
(997, 579, 5, 8, NULL),
(998, 581, 5, 2, NULL),
(999, 583, 5, 8, NULL),
(1000, 585, 5, 6, NULL),
(1001, 586, 5, 3, NULL),
(1002, 596, 5, 6, NULL),
(1003, 599, 5, 4, NULL),
(1004, 623, 5, 4, NULL),
(1005, 624, 5, 2, NULL),
(1006, 625, 5, 4, NULL),
(1007, 637, 5, 2, NULL),
(1008, 643, 5, 4, NULL),
(1009, 657, 5, 4, NULL),
(1010, 699, 5, 3, NULL),
(1011, 704, 5, 45, NULL),
(1012, 705, 5, 8, NULL),
(1013, 713, 5, 8, NULL),
(1014, 715, 5, 10, NULL),
(1015, 716, 5, 14, NULL),
(1016, 718, 5, 4, NULL),
(1017, 720, 5, 3, NULL),
(1018, 721, 5, 6, NULL),
(1019, 723, 5, 5, NULL),
(1020, 727, 5, 4, NULL),
(1021, 728, 5, 5, NULL),
(1022, 730, 5, 4, NULL),
(1023, 731, 5, 10, NULL),
(1024, 732, 5, 5, NULL),
(1025, 737, 5, 5, NULL),
(1026, 740, 5, 6, NULL),
(1027, 742, 5, 4, NULL),
(1028, 743, 5, 3, NULL),
(1029, 747, 5, 2, NULL),
(1030, 751, 5, 8, NULL),
(1031, 753, 5, 10, NULL),
(1032, 759, 5, 6, NULL),
(1033, 771, 5, 6, NULL),
(1034, 773, 5, 14, NULL),
(1035, 781, 5, 9, NULL),
(1036, 786, 5, 4, NULL),
(1037, 789, 5, 2, NULL),
(1038, 792, 5, 12, NULL),
(1039, 799, 5, 10, NULL),
(1040, 807, 5, 5, NULL),
(1041, 818, 5, 6, NULL),
(1042, 825, 5, 6, NULL),
(1043, 828, 5, 14, NULL),
(1044, 875, 5, 36, NULL),
(1045, 876, 5, 38, NULL),
(1046, 877, 5, 27, NULL),
(1047, 878, 5, 14, NULL),
(1048, 879, 5, 32, NULL),
(1049, 880, 5, 18, NULL),
(1050, 881, 5, 11, NULL),
(1051, 882, 5, 14, NULL),
(1052, 883, 5, 14, NULL),
(1053, 884, 5, 20, NULL),
(1054, 885, 5, 38, NULL),
(1055, 886, 5, 14, NULL),
(1056, 887, 5, 9, NULL),
(1057, 888, 5, 14, NULL),
(1058, 889, 5, 27, NULL),
(1059, 891, 5, 12, NULL),
(1060, 892, 5, 32, NULL),
(1061, 893, 5, 9, NULL),
(1062, 895, 5, 18, NULL),
(1063, 897, 5, 23, NULL),
(1064, 898, 5, 9, NULL),
(1065, 899, 5, 36, NULL),
(1066, 900, 5, 14, NULL),
(1067, 901, 5, 68, NULL),
(1068, 902, 5, 18, NULL),
(1069, 904, 5, 23, NULL),
(1070, 905, 5, 34, NULL),
(1071, 909, 5, 5, NULL),
(1072, 910, 5, 14, NULL),
(1073, 911, 5, 9, NULL),
(1074, 912, 5, 14, NULL),
(1075, 913, 5, 9, NULL),
(1076, 914, 5, 18, NULL),
(1077, 915, 5, 18, NULL),
(1078, 919, 5, 16, NULL),
(1079, 920, 5, 23, NULL),
(1080, 922, 5, 36, NULL),
(1081, 923, 5, 11, NULL),
(1082, 924, 5, 27, NULL),
(1083, 926, 5, 20, NULL),
(1084, 927, 5, 14, NULL),
(1085, 928, 5, 11, NULL),
(1086, 929, 5, 11, NULL),
(1087, 930, 5, 11, NULL),
(1088, 931, 5, 9, NULL),
(1089, 932, 5, 18, NULL),
(1090, 934, 5, 11, NULL),
(1091, 935, 5, 11, NULL),
(1092, 936, 5, 14, NULL),
(1093, 937, 5, 32, NULL),
(1094, 938, 5, 14, NULL),
(1095, 939, 5, 14, NULL),
(1096, 940, 5, 14, NULL),
(1097, 941, 5, 18, NULL),
(1098, 942, 5, 50, NULL),
(1099, 943, 5, 5, NULL),
(1100, 944, 5, 13, NULL),
(1101, 945, 5, 14, NULL),
(1102, 947, 5, 20, NULL),
(1103, 948, 5, 5, NULL),
(1104, 949, 5, 23, NULL),
(1105, 951, 5, 9, NULL),
(1106, 953, 5, 18, NULL),
(1107, 955, 5, 23, NULL),
(1108, 956, 5, 7, NULL),
(1109, 957, 5, 14, NULL),
(1110, 959, 5, 23, NULL),
(1111, 960, 5, 14, NULL),
(1112, 961, 5, 14, NULL),
(1113, 962, 5, 15, NULL),
(1114, 963, 5, 18, NULL),
(1115, 964, 5, 54, NULL),
(1116, 966, 5, 63, NULL),
(1117, 967, 5, 18, NULL),
(1118, 969, 5, 50, NULL),
(1119, 970, 5, 18, NULL),
(1120, 971, 5, 23, NULL),
(1121, 973, 5, 27, NULL),
(1122, 974, 5, 15, NULL),
(1123, 975, 5, 9, NULL),
(1124, 976, 5, 5, NULL),
(1125, 977, 5, 27, NULL),
(1126, 978, 5, 34, NULL),
(1127, 980, 5, 27, NULL),
(1128, 981, 5, 14, NULL),
(1129, 983, 5, 7, NULL),
(1130, 984, 5, 36, NULL),
(1131, 985, 5, 16, NULL),
(1132, 986, 5, 16, NULL),
(1133, 987, 5, 16, NULL),
(1134, 988, 5, 9, NULL),
(1135, 989, 5, 23, NULL),
(1136, 990, 5, 23, NULL),
(1137, 991, 5, 11, NULL),
(1138, 993, 5, 20, NULL),
(1139, 994, 5, 25, NULL),
(1140, 995, 5, 7, NULL),
(1141, 997, 5, 7, NULL),
(1142, 998, 5, 19, NULL),
(1143, 999, 5, 23, NULL),
(1144, 1000, 5, 9, NULL),
(1145, 1001, 5, 9, NULL),
(1146, 1003, 5, 7, NULL),
(1147, 1004, 5, 36, NULL),
(1148, 1005, 5, 20, NULL),
(1149, 1006, 5, 18, NULL),
(1150, 1007, 5, 14, NULL),
(1151, 1008, 5, 27, NULL),
(1152, 1009, 5, 14, NULL),
(1153, 1010, 5, 20, NULL),
(1154, 1011, 5, 5, NULL),
(1155, 1013, 5, 18, NULL),
(1156, 1014, 5, 9, NULL),
(1157, 1015, 5, 11, NULL),
(1158, 1016, 5, 9, NULL),
(1159, 1017, 5, 14, NULL),
(1160, 1018, 5, 9, NULL),
(1161, 1020, 5, 14, NULL),
(1162, 1022, 5, 18, NULL),
(1163, 1023, 5, 14, NULL),
(1164, 1024, 5, 14, NULL),
(1165, 1028, 5, 18, NULL),
(1166, 1031, 5, 27, NULL),
(1167, 1032, 5, 14, NULL),
(1168, 1033, 5, 5, NULL),
(1169, 1037, 5, 29, NULL),
(1170, 1039, 5, 14, NULL),
(1171, 1040, 5, 23, NULL),
(1172, 1041, 5, 11, NULL),
(1173, 1042, 5, 18, NULL),
(1174, 1043, 5, 5, NULL),
(1175, 1046, 5, 18, NULL),
(1176, 1047, 5, 25, NULL),
(1177, 1048, 5, 9, NULL),
(1178, 1049, 5, 20, NULL),
(1179, 1052, 5, 9, NULL),
(1180, 1054, 5, 14, NULL),
(1181, 1055, 5, 20, NULL),
(1182, 1057, 5, 9, NULL),
(1183, 1058, 5, 14, NULL),
(1184, 1059, 5, 9, NULL),
(1185, 1060, 5, 11, NULL),
(1186, 1061, 5, 9, NULL),
(1187, 1062, 5, 7, NULL),
(1188, 1063, 5, 33, NULL),
(1189, 1064, 5, 18, NULL),
(1190, 1065, 5, 9, NULL),
(1191, 1066, 5, 32, NULL),
(1192, 1067, 5, 14, NULL),
(1193, 1068, 5, 15, NULL),
(1194, 1069, 5, 16, NULL),
(1195, 1070, 5, 11, NULL),
(1196, 1071, 5, 50, NULL),
(1197, 1074, 5, 36, NULL),
(1198, 1075, 5, 7, NULL),
(1199, 1076, 5, 36, NULL),
(1200, 1077, 5, 7, NULL),
(1201, 1079, 5, 14, NULL),
(1202, 1081, 5, 54, NULL),
(1203, 1082, 5, 15, NULL),
(1204, 1083, 5, 41, NULL),
(1205, 1086, 5, 9, NULL),
(1206, 1087, 5, 18, NULL),
(1207, 1089, 5, 19, NULL),
(1208, 1090, 5, 11, NULL),
(1209, 1092, 5, 11, NULL),
(1210, 1093, 5, 23, NULL),
(1211, 1094, 5, 5, NULL),
(1212, 1095, 5, 50, NULL),
(1213, 1098, 5, 20, NULL),
(1214, 1099, 5, 16, NULL),
(1215, 1100, 5, 9, NULL),
(1216, 1101, 5, 7, NULL),
(1217, 1102, 5, 33, NULL),
(1218, 1103, 5, 9, NULL),
(1219, 1106, 5, 18, NULL),
(1220, 1109, 5, 18, NULL),
(1221, 1111, 5, 19, NULL),
(1222, 1112, 5, 14, NULL),
(1223, 1113, 5, 16, NULL),
(1224, 1114, 5, 36, NULL),
(1225, 1116, 5, 25, NULL),
(1226, 1118, 5, 7, NULL),
(1227, 1119, 5, 11, NULL),
(1228, 1120, 5, 14, NULL),
(1229, 1122, 5, 50, NULL),
(1230, 1123, 5, 14, NULL),
(1231, 1124, 5, 14, NULL),
(1232, 1125, 5, 9, NULL),
(1233, 1127, 5, 23, NULL),
(1234, 1128, 5, 5, NULL),
(1235, 1129, 5, 9, NULL),
(1236, 1130, 5, 23, NULL),
(1237, 1131, 5, 27, NULL),
(1238, 1132, 5, 9, NULL),
(1239, 1135, 5, 14, NULL),
(1240, 1136, 5, 54, NULL),
(1241, 1137, 5, 23, NULL),
(1242, 1139, 5, 23, NULL),
(1243, 1140, 5, 14, NULL),
(1244, 1142, 5, 23, NULL),
(1245, 1144, 5, 27, NULL),
(1246, 1146, 5, 14, NULL),
(1247, 1147, 5, 9, NULL),
(1248, 1149, 5, 113, NULL),
(1249, 1153, 5, 23, NULL),
(1250, 1154, 5, 16, NULL),
(1251, 1155, 5, 11, NULL),
(1252, 1156, 5, 14, NULL),
(1253, 1157, 5, 43, NULL),
(1254, 1160, 5, 223, NULL),
(1255, 1161, 5, 5, NULL),
(1256, 1162, 5, 27, NULL),
(1257, 1164, 5, 9, NULL),
(1258, 1165, 5, 9, NULL),
(1259, 1166, 5, 14, NULL),
(1260, 1167, 5, 14, NULL),
(1261, 1169, 5, 14, NULL),
(1262, 1170, 5, 9, NULL),
(1263, 1171, 5, 23, NULL),
(1264, 1172, 5, 14, NULL),
(1265, 1173, 5, 23, NULL),
(1266, 1174, 5, 14, NULL),
(1267, 1176, 5, 23, NULL),
(1268, 1177, 5, 34, NULL),
(1269, 1178, 5, 9, NULL),
(1270, 1180, 5, 18, NULL),
(1271, 1182, 5, 16, NULL),
(1272, 1184, 5, 23, NULL),
(1273, 1185, 5, 9, NULL),
(1274, 1186, 5, 5, NULL),
(1275, 1187, 5, 18, NULL),
(1276, 1189, 5, 18, NULL),
(1277, 1190, 5, 14, NULL),
(1278, 1191, 5, 9, NULL),
(1279, 1195, 5, 7, NULL),
(1280, 1196, 5, 27, NULL),
(1281, 1197, 5, 23, NULL),
(1282, 1199, 5, 38, NULL),
(1283, 1201, 5, 23, NULL),
(1284, 1202, 5, 9, NULL),
(1285, 1205, 5, 7, NULL),
(1286, 1206, 5, 18, NULL),
(1287, 1207, 5, 23, NULL),
(1288, 1211, 5, 36, NULL),
(1289, 1212, 5, 18, NULL),
(1290, 1213, 5, 23, NULL),
(1291, 1214, 5, 18, NULL),
(1292, 1215, 5, 20, NULL),
(1293, 1216, 5, 18, NULL),
(1294, 1217, 5, 36, NULL),
(1295, 1220, 5, 27, NULL),
(1296, 1223, 5, 27, NULL),
(1297, 1224, 5, 27, NULL),
(1298, 1226, 5, 9, NULL),
(1299, 1227, 5, 15, NULL),
(1300, 1228, 5, 14, NULL),
(1301, 1230, 5, 10, NULL),
(1302, 1231, 5, 11, NULL),
(1303, 1232, 5, 9, NULL),
(1304, 1233, 5, 32, NULL),
(1305, 1234, 5, 23, NULL),
(1306, 1235, 5, 14, NULL),
(1307, 1237, 5, 9, NULL),
(1308, 1238, 5, 41, NULL),
(1309, 1239, 5, 18, NULL),
(1310, 1240, 5, 18, NULL),
(1311, 1241, 5, 18, NULL),
(1312, 1242, 5, 23, NULL),
(1313, 1243, 5, 9, NULL),
(1314, 1244, 5, 27, NULL),
(1315, 1245, 5, 9, NULL),
(1316, 1246, 5, 18, NULL),
(1317, 1249, 5, 9, NULL),
(1318, 1250, 5, 32, NULL),
(1319, 1251, 5, 27, NULL),
(1320, 1253, 5, 9, NULL),
(1321, 1255, 5, 5, NULL),
(1322, 1256, 5, 5, NULL),
(1323, 1257, 5, 23, NULL),
(1324, 1258, 5, 23, NULL),
(1325, 1261, 5, 9, NULL),
(1326, 1263, 5, 45, NULL),
(1327, 1264, 5, 18, NULL),
(1328, 1265, 5, 9, NULL),
(1329, 1268, 5, 7, NULL),
(1330, 1269, 5, 5, NULL),
(1331, 1272, 5, 14, NULL),
(1332, 1274, 5, 20, NULL),
(1333, 1275, 5, 11, NULL),
(1334, 1277, 5, 60, NULL),
(1335, 1279, 5, 4, NULL),
(1336, 1280, 5, 45, NULL),
(1337, 1284, 5, 18, NULL),
(1338, 1287, 5, 34, NULL),
(1339, 1288, 5, 35, NULL),
(1340, 1289, 5, 20, NULL),
(1341, 1290, 5, 32, NULL),
(1342, 1293, 5, 45, NULL),
(1343, 1294, 5, 38, NULL),
(1344, 1295, 5, 23, NULL),
(1345, 1296, 5, 40, NULL),
(1346, 1297, 5, 180, NULL),
(1347, 1298, 5, 45, NULL),
(1348, 1299, 5, 14, NULL),
(1349, 1300, 5, 14, NULL),
(1350, 1302, 5, 9, NULL),
(1351, 1303, 5, 40, NULL),
(1352, 1304, 5, 24, NULL),
(1353, 1305, 5, 16, NULL),
(1354, 1309, 5, 14, NULL),
(1355, 1310, 5, 36, NULL),
(1356, 1312, 5, 23, NULL),
(1357, 1313, 5, 15, NULL),
(1358, 1314, 5, 29, NULL),
(1359, 1316, 5, 11, NULL),
(1360, 1317, 5, 9, NULL),
(1361, 1318, 5, 36, NULL),
(1362, 1319, 5, 29, NULL),
(1363, 1325, 5, 12, NULL),
(1364, 1326, 5, 24, NULL),
(1365, 1328, 5, 50, NULL),
(1366, 1329, 5, 7, NULL),
(1367, 1330, 5, 27, NULL),
(1368, 1331, 5, 42, NULL),
(1369, 1332, 5, 9, NULL),
(1370, 1333, 5, 17, NULL),
(1371, 1335, 5, 22, NULL),
(1372, 1336, 5, 22, NULL),
(1373, 1337, 5, 21, NULL),
(1374, 1338, 5, 11, NULL),
(1375, 1340, 5, 57, NULL),
(1376, 1341, 5, 11, NULL),
(1377, 1342, 5, 17, NULL),
(1378, 1343, 5, 66, NULL),
(1379, 1344, 5, 18, NULL),
(1380, 1345, 5, 10, NULL),
(1381, 1353, 5, 9, NULL),
(1382, 1355, 5, 24, NULL),
(1383, 1357, 5, 14, NULL),
(1384, 1359, 5, 90, NULL),
(1385, 1361, 5, 48, NULL),
(1386, 1362, 5, 15, NULL),
(1387, 1363, 5, 25, NULL),
(1388, 1365, 5, 11, NULL),
(1389, 1366, 5, 28, NULL),
(1390, 1368, 5, 14, NULL),
(1391, 1371, 5, 10, NULL),
(1392, 1373, 5, 24, NULL),
(1393, 1376, 5, 12, NULL),
(1394, 1377, 5, 14, NULL),
(1395, 1378, 5, 23, NULL),
(1396, 1381, 5, 11, NULL),
(1397, 1382, 5, 17, NULL),
(1398, 1383, 5, 14, NULL),
(1399, 1385, 5, 21, NULL),
(1400, 1386, 5, 33, NULL),
(1401, 1387, 5, 22, NULL),
(1402, 1388, 5, 14, NULL),
(1403, 1391, 5, 24, NULL),
(1404, 1392, 5, 20, NULL),
(1405, 1393, 5, 8, NULL),
(1406, 1395, 5, 11, NULL),
(1407, 1397, 5, 44, NULL),
(1408, 1399, 5, 22, NULL),
(1409, 1400, 5, 19, NULL),
(1410, 1406, 5, 30, NULL),
(1411, 1407, 5, 43, NULL),
(1412, 1408, 5, 10, NULL),
(1413, 1410, 5, 30, NULL),
(1414, 1411, 5, 10, NULL),
(1415, 1412, 5, 21, NULL),
(1416, 1413, 5, 28, NULL),
(1417, 1416, 5, 6, NULL),
(1418, 1417, 5, 21, NULL),
(1419, 1419, 5, 40, NULL),
(1420, 1421, 5, 10, NULL),
(1421, 1422, 5, 10, NULL),
(1422, 1423, 5, 10, NULL),
(1423, 1424, 5, 17, NULL),
(1424, 1425, 5, 28, NULL),
(1425, 1426, 5, 28, NULL),
(1426, 1427, 5, 100, NULL),
(1427, 1431, 5, 18, NULL),
(1428, 1432, 5, 21, NULL),
(1429, 1436, 5, 72, NULL),
(1430, 1442, 5, 19, NULL),
(1431, 1443, 5, 19, NULL),
(1432, 1445, 5, 27, NULL),
(1433, 1447, 5, 18, NULL),
(1434, 881, 7, 8, NULL),
(1435, 902, 7, 6, NULL),
(1436, 1093, 7, 1, NULL),
(1437, 1155, 7, 5, NULL),
(1438, 1242, 7, 6, NULL),
(1439, 1277, 7, 12, NULL),
(1440, 1280, 7, 20, NULL),
(1441, 1287, 7, 10, NULL),
(1442, 1313, 7, 4, NULL),
(1443, 1316, 7, 8, NULL),
(1444, 1345, 7, 3, NULL),
(1445, 652, 3, 3, NULL),
(1446, 716, 3, 16, NULL),
(1447, 722, 3, 4, NULL),
(1448, 945, 3, 25, NULL),
(1449, 1009, 3, 60, NULL),
(1450, 1021, 3, 60, NULL),
(1451, 1028, 3, 60, NULL),
(1452, 1069, 3, 50, NULL),
(1453, 1078, 3, 70, NULL),
(1454, 1317, 3, 58, NULL),
(1455, 75, 6, 5, NULL),
(1456, 71, 4, 5, NULL),
(1457, 72, 4, 16, NULL),
(1458, 75, 4, 3, NULL),
(1459, 124, 4, 5, NULL),
(1460, 140, 4, 8, NULL),
(1461, 141, 4, 8, NULL),
(1462, 188, 4, 6, NULL),
(1463, 1153, 4, 4, NULL),
(1464, 72, 1, 111, NULL),
(1465, 75, 1, 14, NULL),
(1466, 95, 1, 23, NULL),
(1467, 112, 1, 50, NULL),
(1468, 113, 1, 30, NULL),
(1469, 126, 1, 38, NULL),
(1470, 128, 1, 18, NULL),
(1471, 140, 1, 43, NULL),
(1472, 172, 1, 20, NULL),
(1473, 195, 1, 85, NULL),
(1474, 297, 1, 46, NULL),
(1475, 298, 1, 180, NULL),
(1476, 301, 1, 38, NULL),
(1477, 325, 1, 62, NULL),
(1478, 336, 1, 110, NULL),
(1479, 341, 1, 6, NULL),
(1480, 374, 1, 153, NULL),
(1481, 415, 1, 29, NULL),
(1482, 416, 1, 55, NULL),
(1483, 474, 1, 4, NULL),
(1484, 484, 1, 7, NULL),
(1485, 495, 1, 72, NULL),
(1486, 497, 1, 38, NULL),
(1487, 498, 1, 14, NULL),
(1488, 510, 1, 5, NULL),
(1489, 529, 1, 10, NULL),
(1490, 530, 1, 25, NULL),
(1491, 532, 1, 12, NULL),
(1492, 535, 1, 33, NULL),
(1493, 552, 1, 8, NULL),
(1494, 556, 1, 104, NULL),
(1495, 559, 1, 53, NULL),
(1496, 564, 1, 19, NULL),
(1497, 576, 1, 19, NULL),
(1498, 583, 1, 11, NULL),
(1499, 584, 1, 25, NULL),
(1500, 588, 1, 75, NULL),
(1501, 589, 1, 14, NULL),
(1502, 591, 1, 5, NULL),
(1503, 595, 1, 11, NULL),
(1504, 605, 1, 74, NULL),
(1505, 611, 1, 5, NULL),
(1506, 624, 1, 7, NULL),
(1507, 631, 1, 18, NULL),
(1508, 642, 1, 9, NULL),
(1509, 643, 1, 9, NULL),
(1510, 649, 1, 5, NULL),
(1511, 652, 1, 9, NULL),
(1512, 659, 1, 29, NULL),
(1513, 660, 1, 8, NULL),
(1514, 684, 1, 13, NULL),
(1515, 722, 1, 20, NULL),
(1516, 723, 1, 20, NULL),
(1517, 752, 1, 18, NULL),
(1518, 753, 1, 8, NULL),
(1519, 768, 1, 26, NULL),
(1520, 798, 1, 39, NULL),
(1521, 799, 1, 10, NULL),
(1522, 818, 1, 10, NULL),
(1523, 828, 1, 2, NULL),
(1524, 875, 1, 13, NULL),
(1525, 876, 1, 15, NULL),
(1526, 877, 1, 6, NULL),
(1527, 879, 1, 17, NULL),
(1528, 880, 1, 10, NULL),
(1529, 882, 1, 6, NULL),
(1530, 884, 1, 25, NULL),
(1531, 885, 1, 13, NULL),
(1532, 886, 1, 10, NULL),
(1533, 888, 1, 13, NULL),
(1534, 889, 1, 25, NULL),
(1535, 891, 1, 14, NULL),
(1536, 895, 1, 25, NULL),
(1537, 896, 1, 33, NULL),
(1538, 897, 1, 29, NULL),
(1539, 899, 1, 25, NULL),
(1540, 900, 1, 13, NULL),
(1541, 902, 1, 29, NULL),
(1542, 905, 1, 13, NULL),
(1543, 908, 1, 2, NULL),
(1544, 909, 1, 4, NULL),
(1545, 918, 1, 10, NULL),
(1546, 927, 1, 13, NULL),
(1547, 929, 1, 4, NULL),
(1548, 935, 1, 2, NULL),
(1549, 939, 1, 4, NULL),
(1550, 941, 1, 4, NULL),
(1551, 942, 1, 10, NULL),
(1552, 943, 1, 10, NULL),
(1553, 945, 1, 19, NULL),
(1554, 953, 1, 4, NULL),
(1555, 954, 1, 4, NULL),
(1556, 957, 1, 25, NULL),
(1557, 959, 1, 4, NULL),
(1558, 960, 1, 8, NULL),
(1559, 961, 1, 7, NULL),
(1560, 962, 1, 4, NULL),
(1561, 966, 1, 10, NULL),
(1562, 969, 1, 25, NULL),
(1563, 971, 1, 41, NULL),
(1564, 972, 1, 33, NULL),
(1565, 974, 1, 8, NULL),
(1566, 976, 1, 3, NULL),
(1567, 980, 1, 34, NULL),
(1568, 982, 1, 6, NULL),
(1569, 989, 1, 13, NULL),
(1570, 990, 1, 8, NULL),
(1571, 992, 1, 26, NULL),
(1572, 1003, 1, 5, NULL),
(1573, 1005, 1, 6, NULL),
(1574, 1006, 1, 9, NULL),
(1575, 1009, 1, 30, NULL),
(1576, 1010, 1, 14, NULL),
(1577, 1012, 1, 6, NULL),
(1578, 1013, 1, 6, NULL),
(1579, 1014, 1, 8, NULL),
(1580, 1015, 1, 9, NULL),
(1581, 1016, 1, 28, NULL),
(1582, 1020, 1, 6, NULL),
(1583, 1021, 1, 32, NULL),
(1584, 1022, 1, 5, NULL),
(1585, 1023, 1, 18, NULL),
(1586, 1024, 1, 7, NULL),
(1587, 1025, 1, 4, NULL),
(1588, 1026, 1, 2, NULL),
(1589, 1028, 1, 23, NULL),
(1590, 1030, 1, 4, NULL),
(1591, 1031, 1, 7, NULL),
(1592, 1037, 1, 13, NULL),
(1593, 1039, 1, 7, NULL),
(1594, 1043, 1, 3, NULL),
(1595, 1044, 1, 8, NULL),
(1596, 1048, 1, 15, NULL),
(1597, 1049, 1, 2, NULL),
(1598, 1055, 1, 24, NULL),
(1599, 1056, 1, 4, NULL),
(1600, 1062, 1, 3, NULL),
(1601, 1063, 1, 11, NULL),
(1602, 1066, 1, 4, NULL),
(1603, 1067, 1, 4, NULL),
(1604, 1069, 1, 22, NULL),
(1605, 1072, 1, 6, NULL),
(1606, 1076, 1, 46, NULL),
(1607, 1077, 1, 12, NULL),
(1608, 1081, 1, 16, NULL),
(1609, 1100, 1, 6, NULL),
(1610, 1118, 1, 12, NULL),
(1611, 1119, 1, 4, NULL),
(1612, 1122, 1, 3, NULL),
(1613, 1127, 1, 4, NULL),
(1614, 1131, 1, 4, NULL),
(1615, 1136, 1, 36, NULL),
(1616, 1137, 1, 8, NULL),
(1617, 1142, 1, 9, NULL),
(1618, 1144, 1, 10, NULL),
(1619, 1146, 1, 25, NULL),
(1620, 1149, 1, 55, NULL),
(1621, 1155, 1, 2, NULL),
(1622, 1160, 1, 95, NULL),
(1623, 1166, 1, 4, NULL),
(1624, 1167, 1, 3, NULL),
(1625, 1171, 1, 3, NULL),
(1626, 1173, 1, 86, NULL),
(1627, 1186, 1, 8, NULL),
(1628, 1189, 1, 3, NULL),
(1629, 1190, 1, 11, NULL),
(1630, 1191, 1, 8, NULL),
(1631, 1193, 1, 5, NULL),
(1632, 1207, 1, 16, NULL),
(1633, 1212, 1, 10, NULL),
(1634, 1214, 1, 38, NULL),
(1635, 1231, 1, 14, NULL),
(1636, 1244, 1, 5, NULL),
(1637, 1250, 1, 5, NULL),
(1638, 1255, 1, 4, NULL),
(1639, 1256, 1, 6, NULL),
(1640, 1261, 1, 3, NULL),
(1641, 1267, 1, 42, NULL),
(1642, 1268, 1, 25, NULL),
(1643, 1269, 1, 25, NULL),
(1644, 1272, 1, 8, NULL),
(1645, 1273, 1, 14, NULL),
(1646, 1275, 1, 2, NULL),
(1647, 1277, 1, 18, NULL),
(1648, 1279, 1, 4, NULL),
(1649, 1280, 1, 29, NULL),
(1650, 1281, 1, 5, NULL),
(1651, 1282, 1, 5, NULL),
(1652, 1286, 1, 4, NULL),
(1653, 1287, 1, 26, NULL),
(1654, 1288, 1, 20, NULL),
(1655, 1289, 1, 16, NULL),
(1656, 1290, 1, 10, NULL),
(1657, 1293, 1, 5, NULL),
(1658, 1294, 1, 14, NULL),
(1659, 1296, 1, 7, NULL),
(1660, 1297, 1, 67, NULL),
(1661, 1299, 1, 2, NULL),
(1662, 1300, 1, 2, NULL),
(1663, 1303, 1, 2, NULL),
(1664, 1304, 1, 6, NULL),
(1665, 1305, 1, 5, NULL),
(1666, 1306, 1, 6, NULL),
(1667, 1309, 1, 5, NULL),
(1668, 1310, 1, 6, NULL),
(1669, 1311, 1, 5, NULL),
(1670, 1312, 1, 10, NULL),
(1671, 1313, 1, 6, NULL),
(1672, 1314, 1, 12, NULL),
(1673, 1316, 1, 6, NULL),
(1674, 1317, 1, 19, NULL),
(1675, 1318, 1, 6, NULL),
(1676, 1322, 1, 20, NULL),
(1677, 1325, 1, 23, NULL),
(1678, 1326, 1, 17, NULL),
(1679, 1327, 1, 80, NULL),
(1680, 1328, 1, 33, NULL),
(1681, 1329, 1, 20, NULL),
(1682, 1330, 1, 62, NULL),
(1683, 1331, 1, 93, NULL),
(1684, 1332, 1, 45, NULL),
(1685, 1333, 1, 33, NULL),
(1686, 1335, 1, 35, NULL),
(1687, 1340, 1, 25, NULL),
(1688, 1341, 1, 20, NULL),
(1689, 1342, 1, 33, NULL),
(1690, 1343, 1, 80, NULL),
(1691, 1344, 1, 180, NULL),
(1692, 1345, 1, 55, NULL),
(1693, 1356, 1, 35, NULL),
(1694, 1359, 1, 25, NULL),
(1695, 1361, 1, 30, NULL),
(1696, 1363, 1, 35, NULL),
(1697, 1365, 1, 25, NULL),
(1698, 1366, 1, 30, NULL),
(1699, 1367, 1, 29, NULL),
(1700, 1368, 1, 35, NULL),
(1701, 1373, 1, 33, NULL),
(1702, 1376, 1, 25, NULL),
(1703, 1378, 1, 16, NULL),
(1704, 1380, 1, 21, NULL),
(1705, 1381, 1, 13, NULL),
(1706, 1385, 1, 48, NULL),
(1707, 1386, 1, 16, NULL),
(1708, 1392, 1, 70, NULL),
(1709, 1394, 1, 58, NULL),
(1710, 1395, 1, 43, NULL),
(1711, 1397, 1, 43, NULL),
(1712, 1399, 1, 33, NULL),
(1713, 1407, 1, 55, NULL),
(1714, 1409, 1, 19, NULL),
(1715, 1411, 1, 9, NULL),
(1716, 1413, 1, 25, NULL),
(1717, 1415, 1, 42, NULL),
(1718, 1419, 1, 46, NULL),
(1719, 1420, 1, 8, NULL),
(1720, 1421, 1, 8, NULL),
(1721, 1423, 1, 8, NULL),
(1722, 1425, 1, 62, NULL),
(1723, 1426, 1, 62, NULL),
(1724, 1427, 1, 103, NULL),
(1725, 1428, 1, 78, NULL),
(1726, 1429, 1, 35, NULL),
(1727, 1431, 1, 18, NULL),
(1728, 1432, 1, 36, NULL),
(1729, 1435, 1, 23, NULL),
(1730, 1436, 1, 35, NULL),
(1731, 1437, 1, 14, NULL),
(1732, 1438, 1, 23, NULL),
(1733, 1440, 1, 23, NULL),
(1734, 1443, 1, 17, NULL),
(1735, 1444, 1, 19, NULL),
(1736, 875, 8, 15, NULL),
(1737, 876, 8, 30, NULL),
(1738, 877, 8, 0, NULL),
(1739, 878, 8, 30, NULL),
(1740, 879, 8, 30, NULL),
(1741, 881, 8, 15, NULL),
(1742, 884, 8, 15, NULL),
(1743, 885, 8, 60, NULL),
(1744, 886, 8, 30, NULL),
(1745, 887, 8, 15, NULL),
(1746, 888, 8, 30, NULL),
(1747, 889, 8, 30, NULL),
(1748, 890, 8, 60, NULL),
(1749, 891, 8, 60, NULL),
(1750, 892, 8, 15, NULL),
(1751, 893, 8, 15, NULL),
(1752, 894, 8, 30, NULL),
(1753, 895, 8, 15, NULL),
(1754, 896, 8, 15, NULL),
(1755, 897, 8, 15, NULL),
(1756, 898, 8, 15, NULL),
(1757, 899, 8, 30, NULL),
(1758, 900, 8, 30, NULL),
(1759, 901, 8, 15, NULL),
(1760, 902, 8, 30, NULL),
(1761, 903, 8, 15, NULL),
(1762, 905, 8, 15, NULL),
(1763, 906, 8, 15, NULL),
(1764, 907, 8, 15, NULL),
(1765, 908, 8, 15, NULL),
(1766, 909, 8, 15, NULL),
(1767, 910, 8, 15, NULL),
(1768, 911, 8, 15, NULL),
(1769, 912, 8, 15, NULL),
(1770, 913, 8, 15, NULL),
(1771, 914, 8, 15, NULL),
(1772, 916, 8, 15, NULL),
(1773, 917, 8, 15, NULL),
(1774, 918, 8, 15, NULL),
(1775, 919, 8, 30, NULL),
(1776, 920, 8, 15, NULL),
(1777, 921, 8, 15, NULL),
(1778, 922, 8, 15, NULL),
(1779, 924, 8, 15, NULL),
(1780, 925, 8, 15, NULL),
(1781, 926, 8, 30, NULL),
(1782, 927, 8, 15, NULL),
(1783, 928, 8, 15, NULL),
(1784, 929, 8, 15, NULL),
(1785, 930, 8, 15, NULL),
(1786, 931, 8, 15, NULL),
(1787, 932, 8, 15, NULL),
(1788, 933, 8, 15, NULL),
(1789, 935, 8, 15, NULL),
(1790, 936, 8, 60, NULL),
(1791, 937, 8, 30, NULL),
(1792, 938, 8, 15, NULL),
(1793, 939, 8, 15, NULL),
(1794, 941, 8, 15, NULL),
(1795, 942, 8, 30, NULL),
(1796, 943, 8, 15, NULL),
(1797, 945, 8, 30, NULL),
(1798, 946, 8, 15, NULL),
(1799, 947, 8, 15, NULL),
(1800, 948, 8, 15, NULL),
(1801, 949, 8, 30, NULL),
(1802, 950, 8, 15, NULL),
(1803, 951, 8, 15, NULL),
(1804, 952, 8, 15, NULL),
(1805, 953, 8, 15, NULL),
(1806, 954, 8, 15, NULL),
(1807, 955, 8, 60, NULL),
(1808, 956, 8, 30, NULL),
(1809, 957, 8, 30, NULL),
(1810, 958, 8, 15, NULL),
(1811, 960, 8, 30, NULL),
(1812, 961, 8, 30, NULL),
(1813, 962, 8, 15, NULL),
(1814, 963, 8, 15, NULL),
(1815, 964, 8, 60, NULL),
(1816, 965, 8, 15, NULL),
(1817, 966, 8, 30, NULL),
(1818, 967, 8, 60, NULL),
(1819, 968, 8, 15, NULL),
(1820, 969, 8, 60, NULL),
(1821, 970, 8, 60, NULL),
(1822, 971, 8, 60, NULL),
(1823, 972, 8, 60, NULL),
(1824, 973, 8, 15, NULL),
(1825, 974, 8, 30, NULL),
(1826, 975, 8, 15, NULL),
(1827, 977, 8, 15, NULL),
(1828, 978, 8, 30, NULL),
(1829, 979, 8, 30, NULL),
(1830, 980, 8, 15, NULL),
(1831, 981, 8, 30, NULL),
(1832, 982, 8, 15, NULL),
(1833, 984, 8, 15, NULL),
(1834, 985, 8, 15, NULL),
(1835, 986, 8, 30, NULL),
(1836, 988, 8, 15, NULL),
(1837, 989, 8, 15, NULL),
(1838, 990, 8, 15, NULL),
(1839, 991, 8, 30, NULL),
(1840, 992, 8, 15, NULL),
(1841, 993, 8, 15, NULL),
(1842, 994, 8, 30, NULL),
(1843, 995, 8, 15, NULL),
(1844, 996, 8, 15, NULL),
(1845, 999, 8, 15, NULL),
(1846, 1000, 8, 30, NULL),
(1847, 1001, 8, 15, NULL),
(1848, 1002, 8, 30, NULL),
(1849, 1003, 8, 15, NULL),
(1850, 1004, 8, 30, NULL),
(1851, 1005, 8, 30, NULL),
(1852, 1006, 8, 15, NULL),
(1853, 1007, 8, 15, NULL),
(1854, 1008, 8, 60, NULL),
(1855, 1009, 8, 30, NULL),
(1856, 1010, 8, 15, NULL),
(1857, 1011, 8, 15, NULL),
(1858, 1012, 8, 15, NULL),
(1859, 1013, 8, 15, NULL),
(1860, 1014, 8, 15, NULL),
(1861, 1015, 8, 15, NULL),
(1862, 1016, 8, 30, NULL),
(1863, 1017, 8, 15, NULL),
(1864, 1018, 8, 15, NULL),
(1865, 1019, 8, 15, NULL),
(1866, 1020, 8, 30, NULL),
(1867, 1021, 8, 30, NULL),
(1868, 1022, 8, 30, NULL),
(1869, 1023, 8, 15, NULL),
(1870, 1025, 8, 15, NULL),
(1871, 1026, 8, 15, NULL),
(1872, 1027, 8, 15, NULL),
(1873, 1028, 8, 30, NULL),
(1874, 1029, 8, 15, NULL),
(1875, 1030, 8, 15, NULL),
(1876, 1031, 8, 30, NULL),
(1877, 1032, 8, 30, NULL),
(1878, 1033, 8, 30, NULL),
(1879, 1034, 8, 30, NULL),
(1880, 1036, 8, 60, NULL),
(1881, 1037, 8, 15, NULL),
(1882, 1040, 8, 30, NULL),
(1883, 1041, 8, 15, NULL),
(1884, 1043, 8, 15, NULL),
(1885, 1044, 8, 15, NULL),
(1886, 1045, 8, 15, NULL),
(1887, 1046, 8, 30, NULL),
(1888, 1047, 8, 30, NULL),
(1889, 1048, 8, 15, NULL),
(1890, 1049, 8, 15, NULL),
(1891, 1050, 8, 30, NULL),
(1892, 1051, 8, 30, NULL),
(1893, 1052, 8, 15, NULL),
(1894, 1053, 8, 15, NULL),
(1895, 1054, 8, 15, NULL),
(1896, 1055, 8, 30, NULL),
(1897, 1056, 8, 15, NULL),
(1898, 1057, 8, 15, NULL),
(1899, 1059, 8, 30, NULL),
(1900, 1060, 8, 30, NULL),
(1901, 1062, 8, 30, NULL),
(1902, 1063, 8, 30, NULL),
(1903, 1064, 8, 30, NULL),
(1904, 1065, 8, 15, NULL),
(1905, 1066, 8, 0, NULL),
(1906, 1067, 8, 15, NULL),
(1907, 1068, 8, 15, NULL),
(1908, 1069, 8, 15, NULL),
(1909, 1070, 8, 15, NULL),
(1910, 1071, 8, 0, NULL),
(1911, 1072, 8, 30, NULL),
(1912, 1073, 8, 15, NULL),
(1913, 1074, 8, 15, NULL),
(1914, 1075, 8, 15, NULL),
(1915, 1076, 8, 30, NULL),
(1916, 1077, 8, 60, NULL),
(1917, 1078, 8, 15, NULL),
(1918, 1079, 8, 15, NULL),
(1919, 1080, 8, 0, NULL),
(1920, 1081, 8, 60, NULL),
(1921, 1082, 8, 15, NULL),
(1922, 1083, 8, 60, NULL),
(1923, 1084, 8, 30, NULL),
(1924, 1085, 8, 15, NULL),
(1925, 1087, 8, 15, NULL),
(1926, 1088, 8, 15, NULL),
(1927, 1089, 8, 15, NULL),
(1928, 1090, 8, 15, NULL),
(1929, 1091, 8, 15, NULL),
(1930, 1092, 8, 60, NULL),
(1931, 1093, 8, 15, NULL),
(1932, 1094, 8, 15, NULL),
(1933, 1095, 8, 15, NULL),
(1934, 1096, 8, 30, NULL),
(1935, 1097, 8, 15, NULL),
(1936, 1098, 8, 30, NULL),
(1937, 1099, 8, 30, NULL),
(1938, 1100, 8, 15, NULL),
(1939, 1101, 8, 15, NULL),
(1940, 1102, 8, 60, NULL),
(1941, 1104, 8, 15, NULL),
(1942, 1105, 8, 30, NULL),
(1943, 1106, 8, 30, NULL),
(1944, 1111, 8, 30, NULL),
(1945, 1112, 8, 30, NULL),
(1946, 1113, 8, 30, NULL),
(1947, 1114, 8, 15, NULL),
(1948, 1115, 8, 15, NULL),
(1949, 1116, 8, 30, NULL),
(1950, 1117, 8, 15, NULL),
(1951, 1121, 8, 30, NULL),
(1952, 1122, 8, 30, NULL),
(1953, 1124, 8, 15, NULL),
(1954, 1125, 8, 30, NULL),
(1955, 1126, 8, 30, NULL),
(1956, 1128, 8, 15, NULL),
(1957, 1129, 8, 15, NULL),
(1958, 1130, 8, 30, NULL),
(1959, 1131, 8, 60, NULL),
(1960, 1132, 8, 30, NULL),
(1961, 1134, 8, 0, NULL),
(1962, 1135, 8, 15, NULL),
(1963, 1136, 8, 60, NULL),
(1964, 1137, 8, 15, NULL),
(1965, 1138, 8, 0, NULL),
(1966, 1139, 8, 30, NULL),
(1967, 1140, 8, 15, NULL),
(1968, 1141, 8, 15, NULL),
(1969, 1142, 8, 30, NULL),
(1970, 1143, 8, 30, NULL),
(1971, 1144, 8, 60, NULL),
(1972, 1146, 8, 15, NULL),
(1973, 1147, 8, 30, NULL),
(1974, 1148, 8, 60, NULL),
(1975, 1149, 8, 60, NULL),
(1976, 1151, 8, 60, NULL),
(1977, 1152, 8, 30, NULL),
(1978, 1153, 8, 60, NULL),
(1979, 1153, 8, 60, NULL),
(1980, 1154, 8, 60, NULL),
(1981, 1155, 8, 30, NULL),
(1982, 1157, 8, 30, NULL),
(1983, 1158, 8, 15, NULL),
(1984, 1159, 8, 15, NULL),
(1985, 1160, 8, 60, NULL),
(1986, 1161, 8, 15, NULL),
(1987, 1162, 8, 60, NULL),
(1988, 1163, 8, 30, NULL),
(1989, 1164, 8, 30, NULL),
(1990, 1165, 8, 30, NULL),
(1991, 1166, 8, 15, NULL),
(1992, 1167, 8, 15, NULL),
(1993, 1168, 8, 30, NULL),
(1994, 1169, 8, 15, NULL),
(1995, 1170, 8, 15, NULL),
(1996, 1171, 8, 30, NULL),
(1997, 1172, 8, 15, NULL),
(1998, 1173, 8, 60, NULL),
(1999, 1174, 8, 60, NULL),
(2000, 1175, 8, 15, NULL),
(2001, 1176, 8, 60, NULL),
(2002, 1177, 8, 30, NULL),
(2003, 1178, 8, 15, NULL),
(2004, 1179, 8, 30, NULL),
(2005, 1180, 8, 30, NULL),
(2006, 1181, 8, 15, NULL),
(2007, 1182, 8, 30, NULL),
(2008, 1183, 8, 30, NULL),
(2009, 1184, 8, 15, NULL),
(2010, 1185, 8, 15, NULL),
(2011, 1186, 8, 15, NULL),
(2012, 1187, 8, 15, NULL),
(2013, 1188, 8, 15, NULL),
(2014, 1189, 8, 15, NULL),
(2015, 1190, 8, 15, NULL),
(2016, 1191, 8, 15, NULL),
(2017, 1192, 8, 30, NULL),
(2018, 1193, 8, 30, NULL),
(2019, 1194, 8, 15, NULL),
(2020, 1195, 8, 30, NULL),
(2021, 1196, 8, 30, NULL),
(2022, 1197, 8, 30, NULL),
(2023, 1198, 8, 15, NULL),
(2024, 1199, 8, 60, NULL),
(2025, 1200, 8, 60, NULL),
(2026, 1201, 8, 60, NULL),
(2027, 1202, 8, 15, NULL),
(2028, 1204, 8, 60, NULL),
(2029, 1205, 8, 30, NULL),
(2030, 1206, 8, 30, NULL),
(2031, 1207, 8, 15, NULL),
(2032, 1208, 8, 30, NULL),
(2033, 1209, 8, 15, NULL),
(2034, 1210, 8, 30, NULL),
(2035, 1211, 8, 30, NULL),
(2036, 1212, 8, 15, NULL),
(2037, 1213, 8, 15, NULL),
(2038, 1214, 8, 60, NULL),
(2039, 1215, 8, 15, NULL),
(2040, 1216, 8, 15, NULL),
(2041, 1217, 8, 15, NULL),
(2042, 1218, 8, 0, NULL),
(2043, 1219, 8, 15, NULL),
(2044, 1220, 8, 30, NULL),
(2045, 1221, 8, 60, NULL),
(2046, 1222, 8, 30, NULL),
(2047, 1223, 8, 15, NULL),
(2048, 1224, 8, 60, NULL),
(2049, 1225, 8, 15, NULL),
(2050, 1226, 8, 30, NULL),
(2051, 1227, 8, 15, NULL),
(2052, 1228, 8, 15, NULL),
(2053, 1229, 8, 15, NULL),
(2054, 1230, 8, 15, NULL),
(2055, 1231, 8, 15, NULL),
(2056, 1232, 8, 15, NULL),
(2057, 1233, 8, 30, NULL),
(2058, 1234, 8, 30, NULL),
(2059, 1235, 8, 15, NULL),
(2060, 1236, 8, 15, NULL),
(2061, 1237, 8, 30, NULL),
(2062, 1238, 8, 0, NULL),
(2063, 1239, 8, 30, NULL),
(2064, 1240, 8, 15, NULL),
(2065, 1241, 8, 30, NULL),
(2066, 1242, 8, 60, NULL),
(2067, 1243, 8, 60, NULL),
(2068, 1244, 8, 60, NULL),
(2069, 1245, 8, 30, NULL),
(2070, 1246, 8, 30, NULL),
(2071, 1247, 8, 30, NULL),
(2072, 1248, 8, 30, NULL),
(2073, 1249, 8, 60, NULL),
(2074, 1250, 8, 30, NULL),
(2075, 1251, 8, 15, NULL),
(2076, 1252, 8, 15, NULL),
(2077, 1253, 8, 15, NULL),
(2078, 1254, 8, 30, NULL),
(2079, 1255, 8, 15, NULL),
(2080, 1256, 8, 15, NULL),
(2081, 1257, 8, 30, NULL),
(2082, 1258, 8, 15, NULL),
(2083, 1259, 8, 15, NULL),
(2084, 1260, 8, 15, NULL),
(2085, 1261, 8, 15, NULL),
(2086, 1262, 8, 30, NULL),
(2087, 1263, 8, 60, NULL),
(2088, 1264, 8, 60, NULL),
(2089, 1265, 8, 15, NULL),
(2090, 1266, 8, 15, NULL),
(2091, 1267, 8, 15, NULL),
(2092, 1268, 8, 15, NULL),
(2093, 1269, 8, 15, NULL),
(2094, 1270, 8, 15, NULL),
(2095, 1271, 8, 15, NULL),
(2096, 1272, 8, 15, NULL),
(2097, 1273, 8, 15, NULL),
(2098, 1274, 8, 15, NULL),
(2099, 1275, 8, 15, NULL),
(2100, 1276, 8, 15, NULL),
(2101, 1277, 8, 15, NULL),
(2102, 1278, 8, 15, NULL),
(2103, 1279, 8, 15, NULL),
(2104, 1280, 8, 15, NULL),
(2105, 1281, 8, 15, NULL),
(2106, 1282, 8, 15, NULL);
INSERT INTO `tax_household` (`tax_household_id`, `fk_household_id`, `fk_tax_id`, `amount`, `is_exused`) VALUES
(2107, 1283, 8, 15, NULL),
(2108, 1284, 8, 15, NULL),
(2109, 1285, 8, 15, NULL),
(2110, 1286, 8, 15, NULL),
(2111, 1287, 8, 15, NULL),
(2112, 1288, 8, 15, NULL),
(2113, 1289, 8, 15, NULL),
(2114, 1290, 8, 15, NULL),
(2115, 1292, 8, 15, NULL),
(2116, 1293, 8, 15, NULL),
(2117, 1294, 8, 15, NULL),
(2118, 1295, 8, 15, NULL),
(2119, 1296, 8, 15, NULL),
(2120, 1297, 8, 15, NULL),
(2121, 1298, 8, 15, NULL),
(2122, 1299, 8, 15, NULL),
(2123, 1300, 8, 15, NULL),
(2124, 1302, 8, 15, NULL),
(2125, 1303, 8, 15, NULL),
(2126, 1304, 8, 15, NULL),
(2127, 1306, 8, 15, NULL),
(2128, 1309, 8, 15, NULL),
(2129, 1310, 8, 15, NULL),
(2130, 1311, 8, 15, NULL),
(2131, 1312, 8, 15, NULL),
(2132, 1313, 8, 15, NULL),
(2133, 1314, 8, 15, NULL),
(2134, 1315, 8, 15, NULL),
(2135, 1316, 8, 15, NULL),
(2136, 1317, 8, 15, NULL),
(2137, 1318, 8, 15, NULL),
(2138, 1319, 8, 15, NULL),
(2139, 1320, 8, 15, NULL),
(2140, 1321, 8, 15, NULL),
(2141, 1322, 8, 15, NULL),
(2142, 1323, 8, 15, NULL),
(2143, 1324, 8, 15, NULL),
(2144, 1325, 8, 30, NULL),
(2145, 1326, 8, 30, NULL),
(2146, 1327, 8, 30, NULL),
(2147, 1328, 8, 30, NULL),
(2148, 1329, 8, 30, NULL),
(2149, 1330, 8, 30, NULL),
(2150, 1331, 8, 30, NULL),
(2151, 1332, 8, 30, NULL),
(2152, 1333, 8, 30, NULL),
(2153, 1334, 8, 30, NULL),
(2154, 1335, 8, 30, NULL),
(2155, 1336, 8, 30, NULL),
(2156, 1337, 8, 15, NULL),
(2157, 1338, 8, 30, NULL),
(2158, 1340, 8, 30, NULL),
(2159, 1341, 8, 30, NULL),
(2160, 1342, 8, 30, NULL),
(2161, 1343, 8, 30, NULL),
(2162, 1344, 8, 30, NULL),
(2163, 1345, 8, 30, NULL),
(2164, 1346, 8, 30, NULL),
(2165, 1347, 8, 30, NULL),
(2166, 1349, 8, 30, NULL),
(2167, 1350, 8, 30, NULL),
(2168, 1351, 8, 30, NULL),
(2169, 1352, 8, 30, NULL),
(2170, 1353, 8, 30, NULL),
(2171, 1354, 8, 15, NULL),
(2172, 1355, 8, 15, NULL),
(2173, 1356, 8, 30, NULL),
(2174, 1357, 8, 30, NULL),
(2175, 1358, 8, 30, NULL),
(2176, 1359, 8, 30, NULL),
(2177, 1360, 8, 15, NULL),
(2178, 1361, 8, 30, NULL),
(2179, 1362, 8, 30, NULL),
(2180, 1363, 8, 30, NULL),
(2181, 1364, 8, 30, NULL),
(2182, 1365, 8, 30, NULL),
(2183, 1366, 8, 30, NULL),
(2184, 1367, 8, 30, NULL),
(2185, 1368, 8, 30, NULL),
(2186, 1369, 8, 30, NULL),
(2187, 1370, 8, 30, NULL),
(2188, 1373, 8, 30, NULL),
(2189, 1374, 8, 30, NULL),
(2190, 1375, 8, 15, NULL),
(2191, 1376, 8, 30, NULL),
(2192, 1377, 8, 30, NULL),
(2193, 1378, 8, 30, NULL),
(2194, 1379, 8, 30, NULL),
(2195, 1380, 8, 30, NULL),
(2196, 1381, 8, 30, NULL),
(2197, 1382, 8, 15, NULL),
(2198, 1383, 8, 30, NULL),
(2199, 1384, 8, 30, NULL),
(2200, 1385, 8, 30, NULL),
(2201, 1386, 8, 30, NULL),
(2202, 1387, 8, 30, NULL),
(2203, 1388, 8, 30, NULL),
(2204, 1390, 8, 30, NULL),
(2205, 1391, 8, 30, NULL),
(2206, 1392, 8, 30, NULL),
(2207, 1393, 8, 30, NULL),
(2208, 1394, 8, 30, NULL),
(2209, 1395, 8, 30, NULL),
(2210, 1397, 8, 15, NULL),
(2211, 1398, 8, 30, NULL),
(2212, 1399, 8, 30, NULL),
(2213, 1400, 8, 15, NULL),
(2214, 1401, 8, 15, NULL),
(2215, 1402, 8, 30, NULL),
(2216, 1403, 8, 15, NULL),
(2217, 1404, 8, 15, NULL),
(2218, 1405, 8, 15, NULL),
(2219, 1406, 8, 30, NULL),
(2220, 1408, 8, 30, NULL),
(2221, 1409, 8, 30, NULL),
(2222, 1410, 8, 30, NULL),
(2223, 1411, 8, 30, NULL),
(2224, 1412, 8, 30, NULL),
(2225, 1413, 8, 30, NULL),
(2226, 1414, 8, 30, NULL),
(2227, 1415, 8, 30, NULL),
(2228, 1416, 8, 30, NULL),
(2229, 1417, 8, 30, NULL),
(2230, 1418, 8, 30, NULL),
(2231, 1419, 8, 30, NULL),
(2232, 1420, 8, 30, NULL),
(2233, 1421, 8, 30, NULL),
(2234, 1422, 8, 30, NULL),
(2235, 1423, 8, 30, NULL),
(2236, 1424, 8, 30, NULL),
(2237, 1425, 8, 30, NULL),
(2238, 1426, 8, 30, NULL),
(2239, 1427, 8, 30, NULL),
(2240, 1428, 8, 30, NULL),
(2241, 1429, 8, 30, NULL),
(2242, 1430, 8, 30, NULL),
(2243, 1431, 8, 30, NULL),
(2244, 1432, 8, 30, NULL),
(2245, 1433, 8, 30, NULL),
(2246, 1434, 8, 30, NULL),
(2247, 1435, 8, 30, NULL),
(2248, 1436, 8, 30, NULL),
(2249, 1437, 8, 30, NULL),
(2250, 1438, 8, 30, NULL),
(2251, 1439, 8, 30, NULL),
(2252, 1440, 8, 30, NULL),
(2253, 1441, 8, 30, NULL),
(2254, 1442, 8, 30, NULL),
(2255, 1443, 8, 30, NULL),
(2256, 1444, 8, 30, NULL),
(2257, 1445, 8, 30, NULL),
(2258, 1446, 8, 30, NULL),
(2259, 1447, 8, 30, NULL);

--
-- Indexes for dumped tables
--

--
-- Indexes for table `household`
--
ALTER TABLE `household`
  ADD PRIMARY KEY (`household_id`),
  ADD KEY `fk_household_member_type_id` (`fk_household_member_type_id`),
  ADD KEY `fk_location_name_id` (`fk_location_name_id`);

--
-- Indexes for table `household_member_type`
--
ALTER TABLE `household_member_type`
  ADD PRIMARY KEY (`household_member_type_id`);

--
-- Indexes for table `land`
--
ALTER TABLE `land`
  ADD PRIMARY KEY (`land_id`);

--
-- Indexes for table `land_household`
--
ALTER TABLE `land_household`
  ADD PRIMARY KEY (`land_household_id`),
  ADD KEY `fk_household_id` (`fk_household_id`),
  ADD KEY `fk_land_id` (`fk_land_id`);

--
-- Indexes for table `livestock`
--
ALTER TABLE `livestock`
  ADD PRIMARY KEY (`livestock_id`);

--
-- Indexes for table `livestock_household`
--
ALTER TABLE `livestock_household`
  ADD PRIMARY KEY (`livestock_household_id`),
  ADD KEY `fk_household_id` (`fk_household_id`),
  ADD KEY `fk_livestock_id` (`fk_livestock_id`);

--
-- Indexes for table `location_name`
--
ALTER TABLE `location_name`
  ADD PRIMARY KEY (`location_name_id`),
  ADD KEY `fk_location_type_id` (`fk_location_type_id`),
  ADD KEY `fk_location_name_id` (`fk_location_name_id`);

--
-- Indexes for table `location_type`
--
ALTER TABLE `location_type`
  ADD PRIMARY KEY (`location_type_id`);

--
-- Indexes for table `occupation`
--
ALTER TABLE `occupation`
  ADD PRIMARY KEY (`occupation_id`),
  ADD KEY `fk_occupation_id` (`fk_occupation_id`);

--
-- Indexes for table `occupation_household`
--
ALTER TABLE `occupation_household`
  ADD PRIMARY KEY (`occupation_household_id`),
  ADD KEY `fk_household_id` (`fk_household_id`),
  ADD KEY `fk_occupation_id` (`fk_occupation_id`);

--
-- Indexes for table `real_estate`
--
ALTER TABLE `real_estate`
  ADD PRIMARY KEY (`real_estate_id`);

--
-- Indexes for table `real_estate_household`
--
ALTER TABLE `real_estate_household`
  ADD PRIMARY KEY (`real_estate_household_id`),
  ADD KEY `fk_household_id` (`fk_household_id`),
  ADD KEY `fk_real_estate_id` (`fk_real_estate_id`);

--
-- Indexes for table `tax`
--
ALTER TABLE `tax`
  ADD PRIMARY KEY (`tax_id`);

--
-- Indexes for table `tax_household`
--
ALTER TABLE `tax_household`
  ADD PRIMARY KEY (`tax_household_id`),
  ADD KEY `fk_household_id` (`fk_household_id`),
  ADD KEY `fk_tax_id` (`fk_tax_id`);

--
-- AUTO_INCREMENT for dumped tables
--

--
-- AUTO_INCREMENT for table `household`
--
ALTER TABLE `household`
  MODIFY `household_id` int(11) NOT NULL AUTO_INCREMENT, AUTO_INCREMENT=1491;

--
-- AUTO_INCREMENT for table `household_member_type`
--
ALTER TABLE `household_member_type`
  MODIFY `household_member_type_id` int(11) NOT NULL AUTO_INCREMENT, AUTO_INCREMENT=22;

--
-- AUTO_INCREMENT for table `land`
--
ALTER TABLE `land`
  MODIFY `land_id` int(11) NOT NULL AUTO_INCREMENT, AUTO_INCREMENT=9;

--
-- AUTO_INCREMENT for table `land_household`
--
ALTER TABLE `land_household`
  MODIFY `land_household_id` int(11) NOT NULL AUTO_INCREMENT, AUTO_INCREMENT=1389;

--
-- AUTO_INCREMENT for table `livestock`
--
ALTER TABLE `livestock`
  MODIFY `livestock_id` int(11) NOT NULL AUTO_INCREMENT, AUTO_INCREMENT=32;

--
-- AUTO_INCREMENT for table `livestock_household`
--
ALTER TABLE `livestock_household`
  MODIFY `livestock_household_id` int(11) NOT NULL AUTO_INCREMENT, AUTO_INCREMENT=800;

--
-- AUTO_INCREMENT for table `location_name`
--
ALTER TABLE `location_name`
  MODIFY `location_name_id` int(11) NOT NULL AUTO_INCREMENT, AUTO_INCREMENT=30;

--
-- AUTO_INCREMENT for table `location_type`
--
ALTER TABLE `location_type`
  MODIFY `location_type_id` int(11) NOT NULL AUTO_INCREMENT, AUTO_INCREMENT=9;

--
-- AUTO_INCREMENT for table `occupation`
--
ALTER TABLE `occupation`
  MODIFY `occupation_id` int(11) NOT NULL AUTO_INCREMENT, AUTO_INCREMENT=252;

--
-- AUTO_INCREMENT for table `occupation_household`
--
ALTER TABLE `occupation_household`
  MODIFY `occupation_household_id` int(11) NOT NULL AUTO_INCREMENT, AUTO_INCREMENT=1577;

--
-- AUTO_INCREMENT for table `real_estate`
--
ALTER TABLE `real_estate`
  MODIFY `real_estate_id` int(11) NOT NULL AUTO_INCREMENT, AUTO_INCREMENT=10;

--
-- AUTO_INCREMENT for table `real_estate_household`
--
ALTER TABLE `real_estate_household`
  MODIFY `real_estate_household_id` int(11) NOT NULL AUTO_INCREMENT, AUTO_INCREMENT=547;

--
-- AUTO_INCREMENT for table `tax`
--
ALTER TABLE `tax`
  MODIFY `tax_id` int(11) NOT NULL AUTO_INCREMENT, AUTO_INCREMENT=9;

--
-- AUTO_INCREMENT for table `tax_household`
--
ALTER TABLE `tax_household`
  MODIFY `tax_household_id` int(11) NOT NULL AUTO_INCREMENT, AUTO_INCREMENT=2260;

--
-- Constraints for dumped tables
--

--
-- Constraints for table `household`
--
ALTER TABLE `household`
  ADD CONSTRAINT `household_ibfk_1` FOREIGN KEY (`fk_household_member_type_id`) REFERENCES `household_member_type` (`household_member_type_id`),
  ADD CONSTRAINT `household_ibfk_2` FOREIGN KEY (`fk_location_name_id`) REFERENCES `location_name` (`location_name_id`);

--
-- Constraints for table `land_household`
--
ALTER TABLE `land_household`
  ADD CONSTRAINT `land_household_ibfk_1` FOREIGN KEY (`fk_household_id`) REFERENCES `household` (`household_id`),
  ADD CONSTRAINT `land_household_ibfk_2` FOREIGN KEY (`fk_land_id`) REFERENCES `land` (`land_id`);

--
-- Constraints for table `livestock_household`
--
ALTER TABLE `livestock_household`
  ADD CONSTRAINT `livestock_household_ibfk_1` FOREIGN KEY (`fk_household_id`) REFERENCES `household` (`household_id`),
  ADD CONSTRAINT `livestock_household_ibfk_2` FOREIGN KEY (`fk_livestock_id`) REFERENCES `livestock` (`livestock_id`);

--
-- Constraints for table `location_name`
--
ALTER TABLE `location_name`
  ADD CONSTRAINT `location_name_ibfk_1` FOREIGN KEY (`fk_location_type_id`) REFERENCES `location_type` (`location_type_id`),
  ADD CONSTRAINT `location_name_ibfk_2` FOREIGN KEY (`fk_location_name_id`) REFERENCES `location_name` (`location_name_id`);

--
-- Constraints for table `occupation`
--
ALTER TABLE `occupation`
  ADD CONSTRAINT `occupation_ibfk_1` FOREIGN KEY (`fk_occupation_id`) REFERENCES `occupation` (`occupation_id`);

--
-- Constraints for table `occupation_household`
--
ALTER TABLE `occupation_household`
  ADD CONSTRAINT `occupation_household_ibfk_1` FOREIGN KEY (`fk_household_id`) REFERENCES `household` (`household_id`),
  ADD CONSTRAINT `occupation_household_ibfk_2` FOREIGN KEY (`fk_occupation_id`) REFERENCES `occupation` (`occupation_id`);

--
-- Constraints for table `real_estate_household`
--
ALTER TABLE `real_estate_household`
  ADD CONSTRAINT `real_estate_household_ibfk_1` FOREIGN KEY (`fk_household_id`) REFERENCES `household` (`household_id`),
  ADD CONSTRAINT `real_estate_household_ibfk_2` FOREIGN KEY (`fk_real_estate_id`) REFERENCES `real_estate` (`real_estate_id`);

--
-- Constraints for table `tax_household`
--
ALTER TABLE `tax_household`
  ADD CONSTRAINT `tax_household_ibfk_1` FOREIGN KEY (`fk_household_id`) REFERENCES `household` (`household_id`),
  ADD CONSTRAINT `tax_household_ibfk_2` FOREIGN KEY (`fk_tax_id`) REFERENCES `tax` (`tax_id`);
COMMIT;

/*!40101 SET CHARACTER_SET_CLIENT=@OLD_CHARACTER_SET_CLIENT */;
/*!40101 SET CHARACTER_SET_RESULTS=@OLD_CHARACTER_SET_RESULTS */;
/*!40101 SET COLLATION_CONNECTION=@OLD_COLLATION_CONNECTION */;
